day	Anno	celltype	UMAP_1	UMAP_2	down:Trps1	down:Maf	down:Tcf7l2	down:Hivep3	down:Mef2c	down:Zfp608
E9.5	E95_Blood_progenitors	Blood_progenitors	-6.17	-4.06	0	0	0	0	5.1	0
E9.5	E95_Blood_progenitors	Blood_progenitors	-6.81	-5.7	0	0	0	0	4.4	0
E9.5	E95_Blood_progenitors	Blood_progenitors	0.2	5.77	5.2	0	5	4.7	5	5
E9.5	E95_Blood_progenitors	Blood_progenitors	0.67	4.22	4.2	0	0	0	6.1	4.9
E9.5	E95_Blood_progenitors	Blood_progenitors	2.81	-2.77	0	0	4	0	0	5.1
E9.5	E95_Blood_progenitors	Blood_progenitors	-4.83	-7.33	0	0	0	0	6.6	0
E9.5	E95_Blood_progenitors	Blood_progenitors	-0.72	2.43	5	0	0	0	0	0
E9.5	E95_Blood_progenitors	Blood_progenitors	-6.57	-2.66	0	0	0	0	4.6	0
E9.5	E95_Blood_progenitors	Blood_progenitors	-0.56	-6.41	0	0	0	0	4	0
E9.5	E95_Blood_progenitors	Blood_progenitors	2.14	4.13	0	4.3	5	0	6.6	0
E9.5	E95_Blood_progenitors	Blood_progenitors	3.16	-2.89	4.2	0	0	0	0	0
E9.5	E95_Blood_progenitors	Blood_progenitors	0.97	3.17	0	0	0	0	6.1	4.7
E9.5	E95_Blood_progenitors	Blood_progenitors	-5.01	-3.77	0	0	0	0	0	0
E9.5	E95_Blood_progenitors	Blood_progenitors	-0.12	3.02	5.3	5.3	5.3	0	6	5.3
E9.5	E95_Blood_progenitors	Blood_progenitors	3.1	-0.05	5.7	0	0	0	6.6	5
E9.5	E95_Blood_progenitors	Blood_progenitors	3.29	0.94	5.6	4.5	4.5	4.5	5.6	4.5
E9.5	E95_Blood_progenitors	Blood_progenitors	-2.14	-6.52	0	0	0	0	0	0
E9.5	E95_Blood_progenitors	Blood_progenitors	1.63	0.63	4.7	5.3	0	0	5.3	4.7
E9.5	E95_Blood_progenitors	Blood_progenitors	2.99	0.97	6.1	0	4.5	0	6.4	0
E9.5	E95_Blood_progenitors	Blood_progenitors	-6.3	-4.7	0	0	0	0	5.3	0
E9.5	E95_Blood_progenitors	Blood_progenitors	3.59	1.33	5.3	0	5.7	0	5.3	0
E9.5	E95_Blood_progenitors	Blood_progenitors	3.26	-4.16	0	0	0	0	0	0
E9.5	E95_Blood_progenitors	Blood_progenitors	2.67	0.46	5.9	0	0	0	5.9	4.5
E9.5	E95_Blood_progenitors	Blood_progenitors	-1.71	5.92	4.7	0	5.4	0	4.7	0
E9.5	E95_Blood_progenitors	Blood_progenitors	3.18	0.78	0	0	0	0	6.4	0
E9.5	E95_Blood_progenitors	Blood_progenitors	1.01	-4.72	0	0	0	0	0	0
E9.5	E95_Blood_progenitors	Blood_progenitors	-7.4	-5.71	0	0	0	0	5	0
E9.5	E95_Blood_progenitors	Blood_progenitors	4.28	-0.53	4.1	0	0	0	5.2	0
E9.5	E95_Blood_progenitors	Blood_progenitors	3.08	0.12	0	0	0	0	5.6	0
E9.5	E95_Blood_progenitors	Blood_progenitors	-4.25	-5.36	0	0	0	0	5.9	0
E9.5	E95_Blood_progenitors	Blood_progenitors	-7.05	-4.97	0	0	0	0	5.1	0
E9.5	E95_Blood_progenitors	Blood_progenitors	-6.23	-3.62	0	0	0	0	5.3	0
E9.5	E95_Blood_progenitors	Blood_progenitors	-1.13	2.95	5.2	0	0	5.9	6.3	5.2
E9.5	E95_Blood_progenitors	Blood_progenitors	3.81	1.04	5.6	0	4.5	4.5	6.8	4.5
E9.5	E95_Blood_progenitors	Blood_progenitors	2.71	-1.85	0	0	0	0	4.2	0
E9.5	E95_Blood_progenitors	Blood_progenitors	0.01	0.13	0	0	0	0	6.5	0
E9.5	E95_Blood_progenitors	Blood_progenitors	-5.35	-3.62	0	0	0	0	5.1	0
E9.5	E95_Blood_progenitors	Blood_progenitors	1.12	0.26	0	0	0	0	6.6	0
E9.5	E95_Blood_progenitors	Blood_progenitors	-4.41	-6.85	0	0	0	0	5.1	0
E9.5	E95_Blood_progenitors	Blood_progenitors	0.2	4.49	5.3	0	0	0	6	0
E9.5	E95_Blood_progenitors	Blood_progenitors	0.79	-0.03	0	0	0	0	5.4	0
E9.5	E95_Blood_progenitors	Blood_progenitors	-5.39	-5.16	0	0	0	0	4.1	0
E9.5	E95_Blood_progenitors	Blood_progenitors	0.87	1.12	4.8	4.8	0	0	4.8	0
E9.5	E95_Blood_progenitors	Blood_progenitors	-3.92	-7.33	0	0	0	0	5.5	0
E9.5	E95_Blood_progenitors	Blood_progenitors	-5.41	-6.77	0	0	0	0	6.6	0
E9.5	E95_Blood_progenitors	Blood_progenitors	-0.97	-3.19	0	0	0	0	5.5	0
E9.5	E95_Blood_progenitors	Blood_progenitors	2.76	7.07	5.8	0	3.9	3.9	4.5	0
E9.5	E95_Blood_progenitors	Blood_progenitors	4.09	-0.25	3.9	0	3.9	4.6	5.5	3.9
E9.5	E95_Blood_progenitors	Blood_progenitors	3.22	-3.12	0	0	0	0	5.5	0
E9.5	E95_Blood_progenitors	Blood_progenitors	-5.59	-6.61	0	0	0	0	5.1	0
E9.5	E95_Blood_progenitors	Blood_progenitors	0.1	-0.71	0	0	0	0	0	0
E9.5	E95_Blood_progenitors	Blood_progenitors	-6.79	-5.51	0	0	0	0	0	0
E9.5	E95_Blood_progenitors	Blood_progenitors	-5.02	-4.26	4.5	0	0	0	0	0
E9.5	E95_Blood_progenitors	Blood_progenitors	1.98	2.11	0	0	0	0	6.6	0
E9.5	E95_Blood_progenitors	Blood_progenitors	3.68	-3.59	5.5	0	0	0	4.2	4.9
E9.5	E95_Blood_progenitors	Blood_progenitors	-7.21	-6.4	0	0	0	0	0	0
E9.5	E95_Blood_progenitors	Blood_progenitors	2.2	0.58	5.2	0	0	0	6.3	0
E9.5	E95_Blood_progenitors	Blood_progenitors	0.21	-0.6	0	0	0	0	5	0
E9.5	E95_Blood_progenitors	Blood_progenitors	2.78	0.29	5.5	4.8	0	0	7.1	0
E9.5	E95_Blood_progenitors	Blood_progenitors	1.36	0.46	6.2	0	0	0	6.7	0
E9.5	E95_Blood_progenitors	Blood_progenitors	1.99	1.05	0	0	0	0	6.5	0
E9.5	E95_Blood_progenitors	Blood_progenitors	-7.39	-6.33	0	0	0	0	5.4	0
E9.5	E95_Blood_progenitors	Blood_progenitors	-5.28	-6.89	0	0	0	0	4.8	0
E9.5	E95_Blood_progenitors	Blood_progenitors	-5.3	-5.43	0	3.6	0	0	5.2	3.6
E9.5	E95_Blood_progenitors	Blood_progenitors	-6.74	-6.98	0	0	0	0	5.8	4.4
E9.5	E95_Blood_progenitors	Blood_progenitors	3.42	0.42	4.8	0	0	0	6.7	4.8
E9.5	E95_Blood_progenitors	Blood_progenitors	3.19	-0.58	5.2	0	0	0	5.9	0
E9.5	E95_Blood_progenitors	Blood_progenitors	-0.8	1.52	0	0	5.3	5.3	6.7	0
E9.5	E95_Blood_progenitors	Blood_progenitors	4.41	-0.06	4.9	0	4.9	4.9	6.3	4.9
E9.5	E95_Blood_progenitors	Blood_progenitors	3.65	0.24	4.2	0	0	0	6	0
E9.5	E95_Blood_progenitors	Blood_progenitors	-6.39	-4.72	4.1	0	0	0	4.8	0
E9.5	E95_Blood_progenitors	Blood_progenitors	3.43	-3.51	3.7	0	0	0	3.7	0
E9.5	E95_Blood_progenitors	Blood_progenitors	-6.45	-5.87	0	0	0	0	5.9	0
E9.5	E95_Blood_progenitors	Blood_progenitors	-5.65	-4.7	0	0	0	0	5.6	0
E9.5	E95_Blood_progenitors	Blood_progenitors	-6.84	-6.11	0	0	0	0	4.7	0
E9.5	E95_Blood_progenitors	Blood_progenitors	-6.22	-7.12	0	0	0	0	5.8	0
E9.5	E95_Blood_progenitors	Blood_progenitors	0.53	4.26	4.8	4.1	4.1	0	5.9	4.8
E9.5	E95_Blood_progenitors	Blood_progenitors	-5.85	-4.63	0	0	0	0	5.7	0
E9.5	E95_Blood_progenitors	Blood_progenitors	2.93	1.18	5.4	3.8	4.4	0	5.8	4.4
E9.5	E95_Blood_progenitors	Blood_progenitors	4.14	-2.99	4.8	0	4.1	0	4.1	0
E9.5	E95_Blood_progenitors	Blood_progenitors	-5.05	-7.51	0	0	0	0	7.3	0
E9.5	E95_Blood_progenitors	Blood_progenitors	3.07	-1.61	0	0	0	4.6	4.6	4.6
E9.5	E95_Blood_progenitors	Blood_progenitors	-6.94	-3.16	0	0	0	0	5.7	0
E9.5	E95_Blood_progenitors	Blood_progenitors	-6.46	-5.14	0	0	0	0	4.6	0
E9.5	E95_Blood_progenitors	Blood_progenitors	-6.13	-3.59	0	0	0	0	5	0
E9.5	E95_Blood_progenitors	Blood_progenitors	-7.04	-5.2	0	0	0	0	5	0
E9.5	E95_Blood_progenitors	Blood_progenitors	-6.88	-6.38	0	0	0	0	5.8	0
E9.5	E95_Blood_progenitors	Blood_progenitors	0.51	-2.4	0	0	0	0	0	0
E9.5	E95_Blood_progenitors	Blood_progenitors	0.71	1.11	0	0	5.3	0	5.3	0
E9.5	E95_Blood_progenitors	Blood_progenitors	-6.25	-3.13	0	0	0	0	6.5	0
E9.5	E95_Blood_progenitors	Blood_progenitors	-6.53	-3.64	0	0	0	0	4.1	0
E9.5	E95_Blood_progenitors	Blood_progenitors	-4.54	-6.48	0	0	0	0	6.7	0
E9.5	E95_Blood_progenitors	Blood_progenitors	-2.32	-6.66	0	0	0	0	5.9	5.5
E9.5	E95_Blood_progenitors	Blood_progenitors	2.72	0.12	5.3	0	0	0	6.4	4.6
E9.5	E95_Blood_progenitors	Blood_progenitors	3.13	-2.48	5.8	0	0	0	5.6	4.9
E9.5	E95_Blood_progenitors	Blood_progenitors	2.91	-0.7	4.6	0	0	0	5.7	0
E9.5	E95_Blood_progenitors	Blood_progenitors	-4.94	-7.09	0	0	0	0	5.2	0
E9.5	E95_Blood_progenitors	Blood_progenitors	-6.25	-5.68	0	0	0	0	4.6	0
E9.5	E95_Blood_progenitors	Blood_progenitors	-5.21	-6.69	0	0	0	0	6.3	0
E9.5	E95_Blood_progenitors	Blood_progenitors	2.81	-2.29	0	0	0	0	0	0
E9.5	E95_Blood_progenitors	Blood_progenitors	2.35	1.61	0	0	5.8	0	4.8	0
E9.5	E95_Blood_progenitors	Blood_progenitors	3.71	-1.55	4.4	0	0	4.4	6.3	0
E9.5	E95_Blood_progenitors	Blood_progenitors	3.27	2.08	5.9	5.5	0	0	6.8	0
E9.5	E95_Blood_progenitors	Blood_progenitors	2.86	-0.48	0	0	0	0	4.9	0
E9.5	E95_Blood_progenitors	Blood_progenitors	1.47	-2.58	0	0	0	0	0	5.3
E9.5	E95_Blood_progenitors	Blood_progenitors	2.06	-0.22	6.5	0	0	0	5.4	0
E9.5	E95_Blood_progenitors	Blood_progenitors	3.13	5.64	0	5.3	0	0	4.6	0
E9.5	E95_Blood_progenitors	Blood_progenitors	-6.14	-5.62	0	0	0	0	0	0
E9.5	E95_Blood_progenitors	Blood_progenitors	-0.63	1.71	0	0	0	0	5.9	0
E9.5	E95_Blood_progenitors	Blood_progenitors	-5.73	-3.95	0	0	0	0	3.6	3.6
E9.5	E95_Blood_progenitors	Blood_progenitors	-7.4	-4.92	0	0	0	0	0	0
E9.5	E95_Blood_progenitors	Blood_progenitors	3.55	0.54	4.9	0	4.5	0	6.1	0
E9.5	E95_Blood_progenitors	Blood_progenitors	-6.54	-3.5	0	0	4	0	5.4	0
E9.5	E95_Blood_progenitors	Blood_progenitors	-0.08	-6.33	0	0	0	0	4.2	0
E9.5	E95_Blood_progenitors	Blood_progenitors	1.32	0.58	4.8	0	0	4.8	6.9	0
E9.5	E95_Blood_progenitors	Blood_progenitors	-0.9	-5.68	0	0	0	0	4.9	0
E9.5	E95_Blood_progenitors	Blood_progenitors	3.3	1.23	3.9	4.6	0	0	5.8	4.6
E9.5	E95_Blood_progenitors	Blood_progenitors	3.74	6.48	5	4.6	0	0	5	0
E9.5	E95_Blood_progenitors	Blood_progenitors	-5.31	-4.81	0	0	0	0	6.1	0
E9.5	E95_Blood_progenitors	Blood_progenitors	-6.47	-6.33	0	0	0	0	6.4	0
E9.5	E95_Blood_progenitors	Blood_progenitors	1.92	7.51	0	4.9	5.4	4.9	4.9	4.9
E9.5	E95_Blood_progenitors	Blood_progenitors	2.84	-2.84	0	0	0	0	4.4	4.4
E9.5	E95_Blood_progenitors	Blood_progenitors	0.43	4.82	5.6	0	4.6	4	5.6	4
E9.5	E95_Blood_progenitors	Blood_progenitors	-0.89	2.51	0	0	0	5	5	0
E9.5	E95_Blood_progenitors	Blood_progenitors	0.03	-2.53	0	0	0	0	4.7	0
E9.5	E95_Blood_progenitors	Blood_progenitors	2.61	-0.4	0	0	0	0	0	5.7
E9.5	E95_Blood_progenitors	Blood_progenitors	-7.43	-5.88	0	0	0	0	0	0
E9.5	E95_Blood_progenitors	Blood_progenitors	-6.7	-4.39	0	0	0	0	0	0
E9.5	E95_Blood_progenitors	Blood_progenitors	-1.68	-6.59	5.6	0	0	0	4.5	0
E9.5	E95_Blood_progenitors	Blood_progenitors	-5.79	-4.09	0	0	0	0	5.2	0
E9.5	E95_Blood_progenitors	Blood_progenitors	-8	-3.35	0	0	0	0	0	0
E9.5	E95_Blood_progenitors	Blood_progenitors	-6.82	-3.32	0	0	0	0	5.1	0
E9.5	E95_Blood_progenitors	Blood_progenitors	2.32	2.21	0	4.4	0	0	0	4.4
E9.5	E95_Blood_progenitors	Blood_progenitors	-1.06	2.75	0	0	0	0	6	5.3
E9.5	E95_Blood_progenitors	Blood_progenitors	-6.66	-5.07	0	0	0	0	3.7	3.7
E9.5	E95_Blood_progenitors	Blood_progenitors	2.7	-2.53	3.9	0	0	0	5	0
E9.5	E95_Blood_progenitors	Blood_progenitors	2.76	1.4	4.6	4.6	0	0	6.4	5.3
E9.5	E95_Blood_progenitors	Blood_progenitors	-4.49	-3.79	0	0	0	0	0	4.6
E10.5	E105_White_blood_cells	White_blood_cells	-0.2	5	0	4.6	0	0	0	0
E10.5	E105_White_blood_cells	White_blood_cells	3.72	2.12	4.9	5.3	0	0	6.3	0
E10.5	E105_Megakaryocytes	Megakaryocytes	0.22	-4.97	0	0	0	0	0	4.3
E10.5	E105_White_blood_cells	White_blood_cells	2.49	-3.74	0	0	0	0	4.9	0
E10.5	E105_White_blood_cells	White_blood_cells	3.1	-2.6	4	0	0	0	0	0
E10.5	E105_White_blood_cells	White_blood_cells	4.69	1.97	5.6	4	0	0	6.4	0
E10.5	E105_White_blood_cells	White_blood_cells	3.92	-2.22	4	0	0	0	0	0
E10.5	E105_White_blood_cells	White_blood_cells	-0.68	7.48	0	5.5	0	4.1	6.1	0
E10.5	E105_Megakaryocytes	Megakaryocytes	-2.02	-3.94	0	0	0	0	0	0
E10.5	E105_White_blood_cells	White_blood_cells	0.07	4.65	0	6.8	0	0	5.2	0
E10.5	E105_Megakaryocytes	Megakaryocytes	-1.5	-5.11	0	0	0	0	5	0
E10.5	E105_White_blood_cells	White_blood_cells	4.19	-0.59	0	0	0	0	6	4.6
E10.5	E105_Megakaryocytes	Megakaryocytes	-5.05	-4.22	0	0	3.6	0	4.3	3.6
E10.5	E105_White_blood_cells	White_blood_cells	4.04	-1.97	5.3	0	0	0	6	0
E10.5	E105_White_blood_cells	White_blood_cells	-0.79	5.92	5.4	0	0	5.4	5.4	0
E10.5	E105_White_blood_cells	White_blood_cells	3.43	2.49	4.6	0	4.6	0	4.6	0
E10.5	E105_White_blood_cells	White_blood_cells	2.11	3.5	0	0	0	0	6.9	0
E10.5	E105_White_blood_cells	White_blood_cells	1.86	2.68	5.8	0	5.1	0	0	0
E10.5	E105_White_blood_cells	White_blood_cells	6.74	5.13	4.9	4.6	3.5	0	4.2	3.5
E10.5	E105_Megakaryocytes	Megakaryocytes	-2.07	-5.62	0	0	0	0	5.7	0
E10.5	E105_White_blood_cells	White_blood_cells	2.38	-0.46	5.3	0	0	0	0	0
E10.5	E105_White_blood_cells	White_blood_cells	1.99	4.42	0	4.4	5.1	0	4.4	0
E10.5	E105_White_blood_cells	White_blood_cells	0.87	-4.67	0	4.4	0	0	0	0
E10.5	E105_White_blood_cells	White_blood_cells	4.11	4.58	0	5.4	0	0	0	0
E10.5	E105_White_blood_cells	White_blood_cells	0	2.41	5.5	4.9	4.9	5.5	6.2	0
E10.5	E105_Megakaryocytes	Megakaryocytes	-6.22	-3.43	0	0	0	0	0	0
E10.5	E105_White_blood_cells	White_blood_cells	0.16	4.82	0	6.3	0	0	5.2	0
E10.5	E105_White_blood_cells	White_blood_cells	2.46	5.22	0	0	0	0	0	0
E10.5	E105_Megakaryocytes	Megakaryocytes	-3.94	-6.18	0	0	0	0	6.8	0
E10.5	E105_Megakaryocytes	Megakaryocytes	-5.03	-5.28	0	0	0	0	4.5	0
E10.5	E105_White_blood_cells	White_blood_cells	-1.43	5.37	0	0	5.6	0	4.9	4.9
E10.5	E105_White_blood_cells	White_blood_cells	1.74	-3.49	4.1	0	0	0	0	0
E10.5	E105_Megakaryocytes	Megakaryocytes	-0.84	-3.86	0	0	0	0	5.4	0
E10.5	E105_Megakaryocytes	Megakaryocytes	-0.4	-3.25	0	0	0	0	0	0
E10.5	E105_Megakaryocytes	Megakaryocytes	-0.14	-4.04	0	0	0	0	0	5
E10.5	E105_White_blood_cells	White_blood_cells	3.15	-0.76	6.1	0	0	0	4.5	0
E10.5	E105_White_blood_cells	White_blood_cells	2.21	2.62	4.8	4.8	0	0	5.5	0
E10.5	E105_Megakaryocytes	Megakaryocytes	-5.64	-3.99	5	0	0	0	5	0
E10.5	E105_Megakaryocytes	Megakaryocytes	0.66	-4.51	0	0	0	0	4.7	0
E10.5	E105_White_blood_cells	White_blood_cells	2.85	-1.76	4.3	0	0	0	0	5.7
E10.5	E105_White_blood_cells	White_blood_cells	3.77	5.32	0	0	0	0	0	0
E10.5	E105_Megakaryocytes	Megakaryocytes	0.1	-4.79	0	0	0	0	0	4.7
E10.5	E105_White_blood_cells	White_blood_cells	2.05	5.59	0	5.5	0	0	5.1	0
E10.5	E105_Megakaryocytes	Megakaryocytes	-8.63	-5.06	0	0	0	0	0	0
E10.5	E105_Megakaryocytes	Megakaryocytes	-3.41	-6.87	0	0	0	0	5.9	0
E10.5	E105_Megakaryocytes	Megakaryocytes	-6.21	-5.38	0	0	4.6	0	0	0
E10.5	E105_Megakaryocytes	Megakaryocytes	2.68	-4.49	0	0	0	0	4.2	0
E10.5	E105_Megakaryocytes	Megakaryocytes	-0.9	-2.71	0	0	0	0	0	0
E10.5	E105_Megakaryocytes	Megakaryocytes	-0.65	-1.71	0	0	0	0	5.2	0
E10.5	E105_Megakaryocytes	Megakaryocytes	-0.64	-3.32	0	0	0	0	0	0
E10.5	E105_White_blood_cells	White_blood_cells	1.39	7.41	4.4	0	0	5.1	5.1	0
E10.5	E105_White_blood_cells	White_blood_cells	-1.31	2.88	5.3	0	0	0	5.3	0
E10.5	E105_White_blood_cells	White_blood_cells	-0.62	4.97	0	4.8	0	0	5.9	0
E10.5	E105_Megakaryocytes	Megakaryocytes	-5.03	-4.15	0	0	0	0	5	0
E10.5	E105_White_blood_cells	White_blood_cells	-0.09	2.88	0	0	0	0	6.2	0
E10.5	E105_White_blood_cells	White_blood_cells	1.91	4.29	6.3	5.7	0	0	5.7	5.7
E10.5	E105_White_blood_cells	White_blood_cells	-0.46	4.37	0	5.1	0	0	5.1	0
E10.5	E105_White_blood_cells	White_blood_cells	0.74	3.52	5.2	5.9	5.2	0	6.6	0
E10.5	E105_Megakaryocytes	Megakaryocytes	0.31	-5.05	0	0	0	0	4.4	0
E10.5	E105_Megakaryocytes	Megakaryocytes	-5.62	-3.42	0	0	0	0	0	0
E10.5	E105_White_blood_cells	White_blood_cells	2.04	6.4	0	5.4	5	0	5	0
E10.5	E105_White_blood_cells	White_blood_cells	4	1.88	4.2	0	0	0	0	0
E10.5	E105_White_blood_cells	White_blood_cells	0.9	4.24	6	0	0	4.9	0	0
E10.5	E105_White_blood_cells	White_blood_cells	0.54	-2.56	0	0	0	0	0	0
E10.5	E105_White_blood_cells	White_blood_cells	2.36	-1.14	5.4	0	0	0	0	0
E10.5	E105_Megakaryocytes	Megakaryocytes	-6.39	-6.45	0	0	0	0	0	0
E10.5	E105_Megakaryocytes	Megakaryocytes	-0.15	-4.95	0	0	0	0	4.4	0
E10.5	E105_White_blood_cells	White_blood_cells	0.68	3.3	0	5.6	0	0	5.6	4.9
E10.5	E105_White_blood_cells	White_blood_cells	4.77	-2.48	0	0	0	0	4.8	3.7
E10.5	E105_Megakaryocytes	Megakaryocytes	-6.52	-2.79	4.4	0	0	0	4.4	4.4
E10.5	E105_Megakaryocytes	Megakaryocytes	0.05	-3.56	0	0	0	0	5.1	5.1
E10.5	E105_White_blood_cells	White_blood_cells	-0.36	4.01	0	0	4.9	0	0	0
E10.5	E105_White_blood_cells	White_blood_cells	0.08	2.38	0	0	0	0	5.4	0
E10.5	E105_Megakaryocytes	Megakaryocytes	-2.57	-6.71	4.3	0	0	0	5.7	0
E10.5	E105_Megakaryocytes	Megakaryocytes	-5.37	-6.43	0	0	3.6	0	5.8	0
E10.5	E105_White_blood_cells	White_blood_cells	2.68	3.7	5.7	0	0	0	0	0
E10.5	E105_White_blood_cells	White_blood_cells	3.44	4.29	0	5	0	0	5.4	0
E10.5	E105_White_blood_cells	White_blood_cells	3.25	6.71	0	0	0	0	0	0
E10.5	E105_White_blood_cells	White_blood_cells	2.82	1.67	4.7	0	5.3	0	5.7	0
E10.5	E105_Megakaryocytes	Megakaryocytes	-4.04	-6.68	0	0	0	0	5.4	0
E10.5	E105_Megakaryocytes	Megakaryocytes	-0.14	-2.88	0	0	0	0	0	0
E10.5	E105_White_blood_cells	White_blood_cells	1.06	5.55	5.2	4.1	0	4.1	5.2	0
E10.5	E105_Megakaryocytes	Megakaryocytes	-0.69	-4.08	0	0	0	0	0	0
E10.5	E105_Megakaryocytes	Megakaryocytes	-0.27	-3.85	0	0	0	0	0	0
E10.5	E105_Megakaryocytes	Megakaryocytes	0.64	-5.56	0	0	0	0	0	0
E10.5	E105_White_blood_cells	White_blood_cells	0.45	-1.82	0	0	0	0	0	0
E10.5	E105_Megakaryocytes	Megakaryocytes	-7.3	-5.97	0	0	0	0	5.1	0
E10.5	E105_White_blood_cells	White_blood_cells	2.91	6.04	0	4.5	0	4.5	4.5	0
E10.5	E105_Megakaryocytes	Megakaryocytes	-5.8	-6.1	0	0	0	0	6.2	0
E10.5	E105_White_blood_cells	White_blood_cells	1.76	2.05	0	0	0	4.9	0	4.9
E10.5	E105_Megakaryocytes	Megakaryocytes	-4.06	-3.65	4.9	0	3.9	0	4.5	0
E10.5	E105_Megakaryocytes	Megakaryocytes	-4.36	-5.63	0	0	0	0	5.4	0
E10.5	E105_Megakaryocytes	Megakaryocytes	-1.01	-3.61	0	0	0	0	6.2	0
E10.5	E105_White_blood_cells	White_blood_cells	-0.59	3.98	0	5.8	0	5.1	6.7	5.1
E10.5	E105_White_blood_cells	White_blood_cells	6.21	5.03	0	0	0	0	3.9	0
E10.5	E105_White_blood_cells	White_blood_cells	1.55	-5.48	0	0	0	0	4.3	5
E10.5	E105_White_blood_cells	White_blood_cells	-0.37	6.72	0	5.2	0	0	6.1	0
E10.5	E105_Megakaryocytes	Megakaryocytes	-4.49	-6.48	0	0	0	0	6.8	0
E10.5	E105_White_blood_cells	White_blood_cells	2.69	1.75	5.2	5.2	0	0	0	0
E10.5	E105_Megakaryocytes	Megakaryocytes	-1.23	-3.88	0	0	0	0	5.2	0
E10.5	E105_White_blood_cells	White_blood_cells	3.14	0.85	5	0	0	0	5.4	0
E10.5	E105_White_blood_cells	White_blood_cells	2.99	-4.15	0	0	0	0	4.8	0
E10.5	E105_Megakaryocytes	Megakaryocytes	-5.34	-6.92	0	0	0	0	4.5	0
E10.5	E105_White_blood_cells	White_blood_cells	2.8	4.83	5	0	5.7	0	5.7	0
E10.5	E105_White_blood_cells	White_blood_cells	1.34	7.21	0	5.7	6	4.6	4.6	0
E10.5	E105_White_blood_cells	White_blood_cells	0.26	1.21	0	0	0	0	0	0
E10.5	E105_White_blood_cells	White_blood_cells	1.15	4.9	6.4	6.3	5.2	0	6.3	4.5
E10.5	E105_Megakaryocytes	Megakaryocytes	-5.04	-6.23	0	0	0	0	6.2	0
E10.5	E105_White_blood_cells	White_blood_cells	2.34	4.51	0	5.8	4.7	0	4.7	0
E10.5	E105_White_blood_cells	White_blood_cells	2.38	-4.54	0	0	0	0	4.9	0
E10.5	E105_White_blood_cells	White_blood_cells	0.52	3.11	5.4	6.5	0	5.4	5.4	0
E10.5	E105_White_blood_cells	White_blood_cells	1.84	1.95	4.5	4.5	5.1	0	5.1	0
E10.5	E105_Megakaryocytes	Megakaryocytes	-0.16	-2.1	0	0	0	0	0	0
E10.5	E105_White_blood_cells	White_blood_cells	2.72	3.51	5	0	0	0	6.9	0
E10.5	E105_White_blood_cells	White_blood_cells	0.59	4.83	5	4.4	4.4	0	5	4.4
E10.5	E105_Megakaryocytes	Megakaryocytes	-5.85	-3.17	0	0	0	0	5.1	0
E10.5	E105_Megakaryocytes	Megakaryocytes	-5.93	-4.06	0	0	0	0	5.1	0
E10.5	E105_Megakaryocytes	Megakaryocytes	-0.32	-3.91	0	0	0	0	0	0
E10.5	E105_Megakaryocytes	Megakaryocytes	-5.51	-4.43	0	0	0	0	5.5	0
E10.5	E105_White_blood_cells	White_blood_cells	3.47	5.07	0	3.7	0	0	3.7	0
E10.5	E105_Megakaryocytes	Megakaryocytes	-0.46	-4.57	0	0	0	0	0	0
E10.5	E105_White_blood_cells	White_blood_cells	0.17	6.8	0	0	4.4	0	6.2	0
E10.5	E105_Megakaryocytes	Megakaryocytes	-4.39	-6.46	0	0	0	0	4.6	0
E10.5	E105_White_blood_cells	White_blood_cells	4.89	1.42	6	4.4	0	4.4	6	5.8
E10.5	E105_White_blood_cells	White_blood_cells	-1.59	4.01	0	0	0	0	5.2	0
E10.5	E105_Megakaryocytes	Megakaryocytes	-5.85	-3.82	0	0	0	0	0	0
E10.5	E105_White_blood_cells	White_blood_cells	2.97	-3.14	0	0	0	0	0	0
E10.5	E105_White_blood_cells	White_blood_cells	-0.23	1.99	0	0	0	0	6.6	5.5
E10.5	E105_Megakaryocytes	Megakaryocytes	-6.26	-6.15	0	0	0	0	5	0
E10.5	E105_White_blood_cells	White_blood_cells	1.61	0.82	0	0	0	0	6.1	0
E10.5	E105_Megakaryocytes	Megakaryocytes	0.26	-5.81	0	0	0	0	0	0
E10.5	E105_Megakaryocytes	Megakaryocytes	1	-5.3	0	0	0	0	0	0
E10.5	E105_White_blood_cells	White_blood_cells	-0.64	-6.24	0	0	0	0	5.6	0
E10.5	E105_Megakaryocytes	Megakaryocytes	-5.98	-4.49	0	0	0	0	5.5	0
E10.5	E105_Megakaryocytes	Megakaryocytes	-3	-6.06	0	0	0	0	6	0
E10.5	E105_Megakaryocytes	Megakaryocytes	-0.85	-3.01	0	0	0	0	0	0
E10.5	E105_White_blood_cells	White_blood_cells	2.81	6.72	0	0	4.7	0	0	0
E10.5	E105_White_blood_cells	White_blood_cells	3	5.38	4.7	0	0	0	4.7	0
E10.5	E105_White_blood_cells	White_blood_cells	7.08	4.42	5.2	0	0	0	5.2	0
E10.5	E105_White_blood_cells	White_blood_cells	5.39	-3.28	0	0	0	0	0	0
E10.5	E105_Megakaryocytes	Megakaryocytes	-2.87	-6.07	0	0	0	0	5.4	0
E10.5	E105_Megakaryocytes	Megakaryocytes	-5.42	-6.5	0	0	0	0	0	0
E10.5	E105_Megakaryocytes	Megakaryocytes	-4.23	-5.93	0	0	0	0	4.4	0
E10.5	E105_White_blood_cells	White_blood_cells	1.73	-2.48	0	0	0	0	0	0
E10.5	E105_White_blood_cells	White_blood_cells	2.22	-0.6	0	0	0	0	5.4	0
E10.5	E105_White_blood_cells	White_blood_cells	2.12	2.26	0	0	0	0	6.2	0
E10.5	E105_White_blood_cells	White_blood_cells	0.93	2.57	6.3	0	4.9	0	0	0
E10.5	E105_Megakaryocytes	Megakaryocytes	-5.3	-3.99	0	0	0	0	0	0
E10.5	E105_White_blood_cells	White_blood_cells	2.27	-3.54	0	0	0	0	0	0
E10.5	E105_Megakaryocytes	Megakaryocytes	-7.62	-5.83	0	0	0	0	0	0
E10.5	E105_Megakaryocytes	Megakaryocytes	-5.21	-5.04	0	0	0	0	5.3	0
E10.5	E105_Megakaryocytes	Megakaryocytes	-7.4	-3.13	0	0	0	0	0	0
E10.5	E105_Megakaryocytes	Megakaryocytes	-3.11	-6.4	0	0	0	0	5.6	0
E10.5	E105_White_blood_cells	White_blood_cells	1.27	4.95	0	0	0	0	6.3	0
E10.5	E105_White_blood_cells	White_blood_cells	3.1	2.2	0	0	0	0	5.1	5.1
E10.5	E105_White_blood_cells	White_blood_cells	3.88	0.77	0	5	0	0	6.6	0
E10.5	E105_Megakaryocytes	Megakaryocytes	-5.24	-6.15	0	0	0	0	5.2	0
E10.5	E105_Megakaryocytes	Megakaryocytes	-0.39	-5.47	0	0	0	0	0	0
E10.5	E105_Megakaryocytes	Megakaryocytes	-2.98	-4.99	4.9	0	0	0	0	0
E10.5	E105_Megakaryocytes	Megakaryocytes	-8.38	-3.8	0	0	0	0	0	0
E10.5	E105_White_blood_cells	White_blood_cells	3.47	6.96	4.6	3.9	4.6	0	0	4.6
E10.5	E105_White_blood_cells	White_blood_cells	2.35	3.93	0	0	0	0	6.1	0
E10.5	E105_Megakaryocytes	Megakaryocytes	-2.11	-6.6	4.7	0	0	0	5.9	0
E10.5	E105_Megakaryocytes	Megakaryocytes	-4.25	-5.03	0	0	0	0	5.3	0
E10.5	E105_Megakaryocytes	Megakaryocytes	0.55	-4.24	0	0	0	0	0	0
E10.5	E105_White_blood_cells	White_blood_cells	4	-0.68	0	0	0	0	6	0
E10.5	E105_White_blood_cells	White_blood_cells	0.55	5.25	4.9	0	0	0	4.9	4.9
E10.5	E105_White_blood_cells	White_blood_cells	4.65	-2.45	0	0	0	0	4.7	0
E10.5	E105_White_blood_cells	White_blood_cells	1.82	-3.63	4.6	0	0	0	4.6	0
E10.5	E105_White_blood_cells	White_blood_cells	3.98	2.46	0	4.8	0	0	6.7	5.2
E10.5	E105_Megakaryocytes	Megakaryocytes	-1.88	-5.19	0	0	0	0	7	0
E10.5	E105_Megakaryocytes	Megakaryocytes	-0.26	-2.39	0	0	0	0	0	0
E10.5	E105_White_blood_cells	White_blood_cells	-0.18	3.61	0	0	0	0	5.8	0
E10.5	E105_White_blood_cells	White_blood_cells	1.42	-5.01	0	0	0	0	0	0
E10.5	E105_White_blood_cells	White_blood_cells	1.33	5.57	0	5.6	0	4	5.8	4
E10.5	E105_White_blood_cells	White_blood_cells	3.09	3.32	4.7	0	0	4.7	7	4.7
E10.5	E105_White_blood_cells	White_blood_cells	3.99	1.15	5.6	0	4.5	5.2	6.8	4.5
E10.5	E105_White_blood_cells	White_blood_cells	0.3	1.23	0	5	0	0	0	0
E10.5	E105_Megakaryocytes	Megakaryocytes	-2.67	-6.03	0	0	0	0	5.9	0
E10.5	E105_Megakaryocytes	Megakaryocytes	-0.07	-1.43	0	0	0	0	0	0
E10.5	E105_White_blood_cells	White_blood_cells	-1.11	5.66	5	6.1	5.7	5	5.7	0
E10.5	E105_White_blood_cells	White_blood_cells	-1.42	5.89	0	5.8	0	5.1	5.8	0
E10.5	E105_White_blood_cells	White_blood_cells	1.25	2.66	5.4	5.4	5.4	0	5.8	4.7
E10.5	E105_Megakaryocytes	Megakaryocytes	-0.4	-1.42	0	0	0	0	0	0
E10.5	E105_White_blood_cells	White_blood_cells	-1.58	6.03	0	0	5.1	0	0	0
E10.5	E105_White_blood_cells	White_blood_cells	2.56	3.64	6.4	0	0	0	6.4	0
E10.5	E105_White_blood_cells	White_blood_cells	0.8	5.72	0	4.8	4.8	0	5.7	0
E10.5	E105_White_blood_cells	White_blood_cells	2.77	-3.34	0	0	0	0	0	0
E10.5	E105_Megakaryocytes	Megakaryocytes	0.05	-1.81	0	0	0	0	0	0
E10.5	E105_White_blood_cells	White_blood_cells	5.35	-2.87	0	0	0	0	5.1	4.5
E10.5	E105_White_blood_cells	White_blood_cells	3.52	2.15	4.9	0	0	0	4.9	4.5
E10.5	E105_Megakaryocytes	Megakaryocytes	-6.2	-4.19	0	0	0	0	0	0
E10.5	E105_Megakaryocytes	Megakaryocytes	-0.47	-3.22	0	0	0	0	0	0
E10.5	E105_White_blood_cells	White_blood_cells	2.63	-2.52	0	0	0	0	4.2	4.2
E10.5	E105_Megakaryocytes	Megakaryocytes	-0.83	-2.11	0	0	0	0	4.9	0
E10.5	E105_White_blood_cells	White_blood_cells	-0.66	5.93	0	0	0	0	0	0
E10.5	E105_White_blood_cells	White_blood_cells	3.58	6.38	5.1	4.4	4.4	0	4.4	0
E10.5	E105_White_blood_cells	White_blood_cells	-1.16	3.62	0	6.1	0	0	6.8	0
E10.5	E105_White_blood_cells	White_blood_cells	0.94	1.69	6.6	0	0	0	5.2	0
E10.5	E105_White_blood_cells	White_blood_cells	4.97	3.7	0	0	0	0	5.4	4.7
E10.5	E105_White_blood_cells	White_blood_cells	1.28	0.28	5.2	0	5.2	0	0	5.9
E10.5	E105_Megakaryocytes	Megakaryocytes	-1.41	-4.75	0	0	0	0	0	0
E10.5	E105_White_blood_cells	White_blood_cells	6.81	4.68	0	0	0	0	0	4.3
E10.5	E105_White_blood_cells	White_blood_cells	1.58	3.5	0	5.2	0	0	0	5.2
E10.5	E105_White_blood_cells	White_blood_cells	-0.98	6.68	4.8	4.8	0	0	6.2	0
E10.5	E105_White_blood_cells	White_blood_cells	1.5	4.5	4.8	0	0	4.8	4.8	0
E10.5	E105_White_blood_cells	White_blood_cells	1.17	7.05	0	0	0	0	5.3	0
E10.5	E105_White_blood_cells	White_blood_cells	0.79	6.7	5.1	4.4	4.4	0	5.5	0
E10.5	E105_Megakaryocytes	Megakaryocytes	-3.25	-5.17	0	0	0	0	6.4	0
E10.5	E105_White_blood_cells	White_blood_cells	2.67	1.99	5.6	0	4.9	0	5.6	0
E10.5	E105_Megakaryocytes	Megakaryocytes	-1.9	-6.61	5	0	0	4.3	5	0
E10.5	E105_White_blood_cells	White_blood_cells	0.09	5.29	5.7	0	0	0	5	0
E10.5	E105_White_blood_cells	White_blood_cells	3.07	3.46	0	0	0	0	6.3	0
E10.5	E105_White_blood_cells	White_blood_cells	5.03	2.33	4.9	0	3.5	0	4.6	0
E10.5	E105_Megakaryocytes	Megakaryocytes	-1.07	-5.06	0	0	0	0	6.3	0
E10.5	E105_White_blood_cells	White_blood_cells	1.57	-3.04	0	0	0	0	5.2	0
E10.5	E105_Megakaryocytes	Megakaryocytes	1.01	-4.6	0	0	0	0	5.4	0
E10.5	E105_Megakaryocytes	Megakaryocytes	-5.7	-5.93	0	0	0	0	5.5	0
E10.5	E105_White_blood_cells	White_blood_cells	1.14	-3.06	0	0	0	0	0	0
E10.5	E105_White_blood_cells	White_blood_cells	0.67	2.85	0	0	0	0	0	0
E10.5	E105_White_blood_cells	White_blood_cells	1.29	2.63	0	0	0	0	6.2	0
E10.5	E105_White_blood_cells	White_blood_cells	2.09	3.69	0	5.3	0	5.3	0	0
E10.5	E105_White_blood_cells	White_blood_cells	0.6	0.82	0	5	0	0	6.8	0
E10.5	E105_White_blood_cells	White_blood_cells	0.87	5.53	0	4.6	0	0	5.2	4.6
E10.5	E105_White_blood_cells	White_blood_cells	-0.23	5.25	0	0	0	0	0	0
E10.5	E105_White_blood_cells	White_blood_cells	-0.97	6.42	0	5	0	4.3	5.4	0
E10.5	E105_White_blood_cells	White_blood_cells	2.76	-1.81	0	0	4.8	0	0	0
E10.5	E105_White_blood_cells	White_blood_cells	-0.56	1.6	0	5.4	5.4	5.4	0	0
E10.5	E105_White_blood_cells	White_blood_cells	0.67	4.48	0	0	0	5.2	5.9	0
E10.5	E105_White_blood_cells	White_blood_cells	-1.21	5.03	0	6	6	0	6	0
E10.5	E105_White_blood_cells	White_blood_cells	-0.15	1	0	0	0	0	0	0
E10.5	E105_White_blood_cells	White_blood_cells	2.03	0.55	4.8	0	0	0	4.8	0
E10.5	E105_White_blood_cells	White_blood_cells	-0.06	6.87	4.8	5.5	0	0	5.5	0
E10.5	E105_White_blood_cells	White_blood_cells	3.02	3.74	4.6	0	3.9	0	6.5	0
E10.5	E105_Megakaryocytes	Megakaryocytes	-0.47	-5.44	0	0	0	0	0	0
E10.5	E105_Megakaryocytes	Megakaryocytes	-1.03	-3.54	0	0	0	0	4.7	0
E10.5	E105_White_blood_cells	White_blood_cells	5.03	2.9	0	0	4.9	0	5.3	0
E10.5	E105_White_blood_cells	White_blood_cells	-1.09	4.3	6.4	5.3	5.3	0	0	0
E10.5	E105_White_blood_cells	White_blood_cells	2.88	-3.62	0	0	0	0	0	0
E10.5	E105_White_blood_cells	White_blood_cells	3.5	0.09	0	0	4.5	0	4.5	5.5
E10.5	E105_Megakaryocytes	Megakaryocytes	-4.79	-6.19	0	0	0	0	6.2	0
E10.5	E105_Megakaryocytes	Megakaryocytes	-3.49	-4.81	0	0	0	0	5.9	0
E10.5	E105_White_blood_cells	White_blood_cells	0.97	6.56	0	4.5	0	0	0	4.5
E10.5	E105_White_blood_cells	White_blood_cells	4.02	5.32	0	0	0	0	6.5	0
E10.5	E105_White_blood_cells	White_blood_cells	1	6.86	4.7	4	4	0	5.6	0
E10.5	E105_Megakaryocytes	Megakaryocytes	-0.21	-2.71	0	0	0	0	0	0
E10.5	E105_White_blood_cells	White_blood_cells	6.9	4.19	0	0	0	0	4.8	0
E10.5	E105_White_blood_cells	White_blood_cells	3.3	7.55	5.1	5.1	5.4	4	0	0
E10.5	E105_Megakaryocytes	Megakaryocytes	0.2	-5.12	0	0	0	0	0	0
E10.5	E105_White_blood_cells	White_blood_cells	2.07	-0.15	5.5	0	0	0	5.5	0
E10.5	E105_Megakaryocytes	Megakaryocytes	-4.84	-4.61	0	0	0	0	5	0
E10.5	E105_Megakaryocytes	Megakaryocytes	-1.28	-2.43	0	0	0	0	0	0
E10.5	E105_White_blood_cells	White_blood_cells	2.18	2.01	0	0	0	0	6.5	0
E10.5	E105_White_blood_cells	White_blood_cells	2.6	2.28	0	0	5.4	0	0	0
E10.5	E105_Megakaryocytes	Megakaryocytes	-3.27	-5.48	0	0	0	0	5.3	0
E10.5	E105_Megakaryocytes	Megakaryocytes	-0.19	-3.96	0	0	0	0	0	0
E10.5	E105_White_blood_cells	White_blood_cells	2.2	1.5	0	0	5.7	0	6.4	0
E10.5	E105_White_blood_cells	White_blood_cells	1.14	4.89	5.2	4.6	0	0	5.2	0
E10.5	E105_White_blood_cells	White_blood_cells	3.47	6.79	4.5	5.6	4.5	0	5.2	0
E10.5	E105_White_blood_cells	White_blood_cells	1.22	5.67	0	5	0	0	0	0
E10.5	E105_White_blood_cells	White_blood_cells	0.83	3.4	0	0	0	0	6.7	0
E10.5	E105_White_blood_cells	White_blood_cells	3.35	3.84	4.4	0	0	4.4	0	0
E10.5	E105_White_blood_cells	White_blood_cells	3.26	1.64	0	0	5.4	0	6.1	0
E10.5	E105_White_blood_cells	White_blood_cells	3.12	2.53	5.3	0	0	0	5.9	0
E10.5	E105_White_blood_cells	White_blood_cells	-1.07	6.36	4.7	5.4	0	4.7	4.7	0
E10.5	E105_White_blood_cells	White_blood_cells	4.65	2.8	5.5	5.5	4.1	4.1	5.2	4.1
E10.5	E105_White_blood_cells	White_blood_cells	-0.25	7.6	4.7	5.4	0	0	0	0
E10.5	E105_Megakaryocytes	Megakaryocytes	-5.88	-6.69	0	0	0	0	5.7	0
E10.5	E105_White_blood_cells	White_blood_cells	3.02	-3.58	5.3	0	0	0	0	0
E10.5	E105_White_blood_cells	White_blood_cells	4.55	0.2	4.6	0	0	0	6.1	3.5
E10.5	E105_Megakaryocytes	Megakaryocytes	-6.23	-5.81	0	0	0	0	6	0
E10.5	E105_Megakaryocytes	Megakaryocytes	-5.85	-5.27	0	0	0	3.6	4.3	0
E10.5	E105_White_blood_cells	White_blood_cells	-1.45	4.29	0	5.5	5.5	0	5.5	0
E10.5	E105_White_blood_cells	White_blood_cells	3.18	-2.28	4.3	0	0	0	5.7	4.3
E10.5	E105_White_blood_cells	White_blood_cells	1.09	4.79	3.5	4.2	4.2	4.2	5.8	3.5
E10.5	E105_White_blood_cells	White_blood_cells	6.53	4.66	4.6	0	0	0	4.6	0
E10.5	E105_White_blood_cells	White_blood_cells	-0.19	7.5	4.1	4.1	0	4.1	5.2	0
E10.5	E105_White_blood_cells	White_blood_cells	-1.29	4.78	0	0	0	0	5.3	0
E10.5	E105_White_blood_cells	White_blood_cells	1.04	7.18	4	5.7	4	0	5.9	0
E10.5	E105_Megakaryocytes	Megakaryocytes	-3.76	-6.55	0	0	0	0	5.4	0
E10.5	E105_White_blood_cells	White_blood_cells	-0.78	2.69	0	0	0	5.5	0	0
E10.5	E105_Megakaryocytes	Megakaryocytes	0.31	-5.61	3.7	0	0	0	3.7	0
E10.5	E105_White_blood_cells	White_blood_cells	-1.26	3.39	0	0	0	0	5.2	0
E10.5	E105_White_blood_cells	White_blood_cells	1.61	4.89	0	0	5.2	5.9	7	0
E10.5	E105_Megakaryocytes	Megakaryocytes	-4.51	-5.21	4	0	0	0	6.5	0
E10.5	E105_Megakaryocytes	Megakaryocytes	-0.24	-4.46	0	0	0	0	0	0
E10.5	E105_White_blood_cells	White_blood_cells	4.07	-2.65	4.8	0	0	0	4.8	0
E10.5	E105_White_blood_cells	White_blood_cells	3.32	-0.07	5	0	0	0	6.6	0
E10.5	E105_White_blood_cells	White_blood_cells	5.12	2.12	4.5	0	0	0	6.5	4.9
E10.5	E105_White_blood_cells	White_blood_cells	0.12	2.94	5.5	0	4.4	0	6	0
E10.5	E105_White_blood_cells	White_blood_cells	3.64	3.74	0	5	0	0	6.4	0
E10.5	E105_White_blood_cells	White_blood_cells	0.11	3.26	5.8	5.1	5.1	0	6.2	0
E10.5	E105_White_blood_cells	White_blood_cells	2.06	3.22	0	0	0	0	6	5.6
E10.5	E105_White_blood_cells	White_blood_cells	0.63	2.61	0	4.6	0	0	0	0
E10.5	E105_Megakaryocytes	Megakaryocytes	-3.58	-6.01	0	0	0	0	5.8	0
E10.5	E105_White_blood_cells	White_blood_cells	1.96	1.57	0	0	5	0	6.1	5
E10.5	E105_Megakaryocytes	Megakaryocytes	-2.89	-5.84	0	0	0	0	0	0
E10.5	E105_Megakaryocytes	Megakaryocytes	-3.11	-6.58	0	0	0	0	6.4	0
E10.5	E105_White_blood_cells	White_blood_cells	2.51	-3.49	4.4	0	0	0	0	0
E10.5	E105_Megakaryocytes	Megakaryocytes	-0.73	-6.38	0	0	0	0	4	0
E10.5	E105_White_blood_cells	White_blood_cells	2.35	3.84	0	0	0	0	6.9	0
E10.5	E105_Megakaryocytes	Megakaryocytes	0.48	-5.06	0	0	0	0	5	0
E10.5	E105_Megakaryocytes	Megakaryocytes	0.52	-4.97	0	0	0	0	4.5	0
E10.5	E105_Megakaryocytes	Megakaryocytes	0.34	-5.88	3.8	0	0	0	4.9	3.8
E10.5	E105_Megakaryocytes	Megakaryocytes	-7.74	-3.2	5.1	0	0	0	0	0
E10.5	E105_White_blood_cells	White_blood_cells	0.53	5.31	0	5.8	4.8	4.8	5.8	0
E10.5	E105_Megakaryocytes	Megakaryocytes	-0.38	-4.47	0	0	0	0	0	0
E10.5	E105_White_blood_cells	White_blood_cells	3.29	1.83	4.8	5.5	0	0	0	0
E10.5	E105_Megakaryocytes	Megakaryocytes	-8.88	-4.05	0	0	0	0	0	0
E10.5	E105_White_blood_cells	White_blood_cells	2.35	7.06	4.7	5.9	0	0	4.7	0
E10.5	E105_White_blood_cells	White_blood_cells	2.63	6.35	5.8	4	4.7	4	5.1	4.7
E10.5	E105_Megakaryocytes	Megakaryocytes	0.05	-3.79	0	0	0	0	0	0
E10.5	E105_White_blood_cells	White_blood_cells	2.1	2.65	5.4	0	0	0	5.4	0
E10.5	E105_White_blood_cells	White_blood_cells	3.4	1.05	5.4	0	0	0	6.5	0
E10.5	E105_White_blood_cells	White_blood_cells	0.81	2.23	5.6	5.6	0	0	6	0
E10.5	E105_White_blood_cells	White_blood_cells	1.29	2.91	5.1	5.8	0	0	6.5	5.1
E10.5	E105_White_blood_cells	White_blood_cells	1.94	5.32	0	0	0	0	4.8	5.5
E10.5	E105_White_blood_cells	White_blood_cells	3.42	5.38	4.5	5.6	0	0	0	0
E10.5	E105_Megakaryocytes	Megakaryocytes	-4.2	-6.65	0	0	0	0	0	0
E10.5	E105_White_blood_cells	White_blood_cells	-0.71	5.78	4.9	6	0	0	6	0
E10.5	E105_White_blood_cells	White_blood_cells	0.08	5.06	4.8	0	0	0	5.9	0
E10.5	E105_Megakaryocytes	Megakaryocytes	-4.68	-7.22	0	0	0	0	6	0
E10.5	E105_Megakaryocytes	Megakaryocytes	-4.41	-6.53	0	0	0	0	5.3	0
E10.5	E105_Megakaryocytes	Megakaryocytes	-0.94	-2.64	0	0	0	0	0	0
E10.5	E105_White_blood_cells	White_blood_cells	2.49	6.22	0	0	0	0	5.3	0
E10.5	E105_Megakaryocytes	Megakaryocytes	-5.17	-5.51	0	0	0	0	6.5	0
E10.5	E105_Megakaryocytes	Megakaryocytes	-7.6	-2.83	0	0	0	0	0	0
E10.5	E105_White_blood_cells	White_blood_cells	1.31	6.34	5.1	5.1	0	0	0	0
E10.5	E105_White_blood_cells	White_blood_cells	-0.35	5.69	0	0	5.1	5.1	0	0
E10.5	E105_White_blood_cells	White_blood_cells	1.68	1.72	0	0	0	0	0	0
E10.5	E105_White_blood_cells	White_blood_cells	0.89	7.6	0	0	0	0	5.7	0
E10.5	E105_White_blood_cells	White_blood_cells	3.18	-3.26	0	0	0	0	4.9	4.9
E10.5	E105_Megakaryocytes	Megakaryocytes	-5.89	-6.26	0	0	0	0	6.2	0
E10.5	E105_White_blood_cells	White_blood_cells	-0.22	5.05	5.1	5.8	0	0	5.8	0
E10.5	E105_Megakaryocytes	Megakaryocytes	-2.07	-4.4	0	0	0	0	5.4	0
E10.5	E105_White_blood_cells	White_blood_cells	4.86	3.82	4.4	5.1	5.1	0	4.4	0
E10.5	E105_Megakaryocytes	Megakaryocytes	-2.43	-5.94	0	0	0	0	6.4	0
E10.5	E105_White_blood_cells	White_blood_cells	1.37	6.27	5.5	0	4.8	0	0	0
E10.5	E105_Megakaryocytes	Megakaryocytes	-4.55	-6.45	4.6	0	0	0	0	4.6
E10.5	E105_White_blood_cells	White_blood_cells	1.84	7.63	4.6	3.9	3.9	0	0	0
E10.5	E105_Megakaryocytes	Megakaryocytes	-4.48	-6.81	0	0	0	0	5.9	0
E10.5	E105_White_blood_cells	White_blood_cells	2.05	-1.27	0	0	0	0	0	5.1
E10.5	E105_White_blood_cells	White_blood_cells	-0.02	7.52	4.6	4.6	0	3.9	6.1	0
E10.5	E105_White_blood_cells	White_blood_cells	2.75	4.91	4.3	5	0	0	5.4	4.3
E10.5	E105_White_blood_cells	White_blood_cells	3	-3.83	5.2	0	0	0	3.9	3.9
E10.5	E105_Megakaryocytes	Megakaryocytes	-6.86	-2.7	0	0	0	0	0	0
E10.5	E105_White_blood_cells	White_blood_cells	3.9	6.36	3.6	4.3	0	0	6.5	3.6
E10.5	E105_White_blood_cells	White_blood_cells	-1.22	7.03	0	5.1	0	0	5.8	0
E10.5	E105_White_blood_cells	White_blood_cells	5.47	-3.07	0	0	0	0	0	4.3
E10.5	E105_White_blood_cells	White_blood_cells	7.03	4.86	0	4.3	4.3	0	0	0
E10.5	E105_White_blood_cells	White_blood_cells	2.06	1.83	5.4	0	5.4	0	5.4	0
E10.5	E105_White_blood_cells	White_blood_cells	0.96	5.6	0	6.4	4.8	0	5.5	4.8
E10.5	E105_White_blood_cells	White_blood_cells	1.76	5.17	4.4	4.4	0	0	6	0
E10.5	E105_White_blood_cells	White_blood_cells	-1	3.68	0	5.4	0	0	0	0
E10.5	E105_White_blood_cells	White_blood_cells	1.23	6.24	5.5	4.4	0	0	5.5	0
E10.5	E105_Megakaryocytes	Megakaryocytes	-2	-4.64	0	0	0	0	0	0
E10.5	E105_White_blood_cells	White_blood_cells	3.23	3.56	5.6	5.2	4.5	0	6.3	4.5
E10.5	E105_White_blood_cells	White_blood_cells	3.72	-2.73	0	0	0	0	5.1	0
E10.5	E105_White_blood_cells	White_blood_cells	0.96	-5.11	0	0	0	0	5.6	0
E10.5	E105_White_blood_cells	White_blood_cells	-0.44	3.35	5.2	0	5.2	0	5.9	5.2
E10.5	E105_White_blood_cells	White_blood_cells	2.72	2.6	5.4	5.8	0	4.7	5.4	4.7
E10.5	E105_White_blood_cells	White_blood_cells	-0.35	4.9	0	5.6	0	0	6.3	5
E10.5	E105_White_blood_cells	White_blood_cells	2.67	2.41	5.8	0	0	0	5.1	0
E10.5	E105_Megakaryocytes	Megakaryocytes	-8.58	-4.36	0	0	0	0	0	0
E10.5	E105_White_blood_cells	White_blood_cells	3.54	1.26	4.9	4.9	4.9	0	4.9	0
E10.5	E105_White_blood_cells	White_blood_cells	2.75	5.47	0	5.8	0	0	5.8	0
E10.5	E105_Megakaryocytes	Megakaryocytes	-4.3	-6.77	0	0	0	0	6.7	0
E10.5	E105_White_blood_cells	White_blood_cells	4.12	3.97	5.3	0	0	0	5.6	0
E10.5	E105_White_blood_cells	White_blood_cells	-0.4	-1.26	0	0	0	0	0	0
E10.5	E105_Megakaryocytes	Megakaryocytes	0.8	-5.93	0	0	0	0	5	0
E10.5	E105_White_blood_cells	White_blood_cells	3.61	6.09	0	0	0	0	5.7	4.7
E10.5	E105_White_blood_cells	White_blood_cells	0.3	1.86	0	5.9	5.3	0	5.3	0
E10.5	E105_White_blood_cells	White_blood_cells	0.64	4.02	4.5	5.6	0	4.5	6.1	0
E10.5	E105_White_blood_cells	White_blood_cells	1.19	1.28	0	0	0	0	0	5.2
E10.5	E105_Megakaryocytes	Megakaryocytes	-0.72	-3.85	0	0	0	0	0	0
E10.5	E105_White_blood_cells	White_blood_cells	0.52	7.53	0	4.4	4.4	4.4	5.1	0
E10.5	E105_White_blood_cells	White_blood_cells	1.88	6.43	0	0	0	4	4.7	4
E10.5	E105_Megakaryocytes	Megakaryocytes	-0.67	-2.61	0	0	0	0	5.3	0
E10.5	E105_Megakaryocytes	Megakaryocytes	-0.29	-4.12	0	0	0	0	0	0
E10.5	E105_White_blood_cells	White_blood_cells	-0.29	2.95	0	0	0	0	5.3	0
E10.5	E105_White_blood_cells	White_blood_cells	-0.45	3.14	5.1	5.8	5.1	5.1	5.1	5.1
E10.5	E105_White_blood_cells	White_blood_cells	3.55	-0.96	0	0	5.6	0	6.3	5.6
E10.5	E105_Megakaryocytes	Megakaryocytes	-8.37	-4.03	0	0	0	0	0	0
E10.5	E105_Megakaryocytes	Megakaryocytes	0.15	-2.78	0	0	0	0	0	0
E10.5	E105_White_blood_cells	White_blood_cells	2.72	-2.56	0	0	0	0	0	0
E10.5	E105_Megakaryocytes	Megakaryocytes	-6.06	-6.4	0	0	0	0	0	0
E10.5	E105_Megakaryocytes	Megakaryocytes	-1.83	-6.19	0	0	0	0	5.6	0
E10.5	E105_White_blood_cells	White_blood_cells	2.64	-0.85	0	0	0	0	4.9	0
E10.5	E105_White_blood_cells	White_blood_cells	-1.37	4.35	6	0	0	0	0	5.3
E10.5	E105_White_blood_cells	White_blood_cells	2.44	-1.37	5.3	0	0	0	0	0
E10.5	E105_Megakaryocytes	Megakaryocytes	0.01	-4.62	0	0	0	0	0	0
E10.5	E105_White_blood_cells	White_blood_cells	0.55	0.73	6.1	0	0	0	7.2	0
E10.5	E105_White_blood_cells	White_blood_cells	0.25	7.2	0	0	0	0	0	5.5
E10.5	E105_Megakaryocytes	Megakaryocytes	-3.64	-5.48	0	0	0	0	6.5	0
E10.5	E105_White_blood_cells	White_blood_cells	0.47	6.51	4.4	5.1	5.5	0	6.2	0
E10.5	E105_White_blood_cells	White_blood_cells	-1.42	5.36	0	0	0	0	6	0
E10.5	E105_White_blood_cells	White_blood_cells	0.19	4.31	0	4.3	4.3	0	5.7	5
E10.5	E105_White_blood_cells	White_blood_cells	3.1	5.37	0	0	0	0	5.8	0
E10.5	E105_White_blood_cells	White_blood_cells	0.39	3.53	0	5.4	0	0	0	0
E10.5	E105_White_blood_cells	White_blood_cells	3.85	4.03	0	0	0	0	6.1	0
E10.5	E105_White_blood_cells	White_blood_cells	-0.3	4.03	0	0	5	0	5	5
E10.5	E105_White_blood_cells	White_blood_cells	3.37	1.48	5.5	5.5	5.5	0	5.5	4.9
E10.5	E105_White_blood_cells	White_blood_cells	2.18	2.53	5.5	0	0	0	5.5	0
E10.5	E105_Megakaryocytes	Megakaryocytes	-4.69	-6.68	0	0	0	0	6.2	0
E10.5	E105_White_blood_cells	White_blood_cells	-0.27	7.7	0	4.7	0	0	5.8	0
E10.5	E105_Megakaryocytes	Megakaryocytes	-6.18	-5.09	0	0	0	0	4.4	0
E10.5	E105_White_blood_cells	White_blood_cells	2.99	4.51	5.2	0	0	0	0	0
E10.5	E105_White_blood_cells	White_blood_cells	1.88	-3.86	0	0	0	0	0	0
E10.5	E105_Megakaryocytes	Megakaryocytes	-0.3	-2.25	0	0	0	0	0	0
E10.5	E105_White_blood_cells	White_blood_cells	1.39	-4.81	0	0	0	0	5.3	0
E10.5	E105_Megakaryocytes	Megakaryocytes	-0.6	-2.95	0	0	0	0	0	0
E10.5	E105_White_blood_cells	White_blood_cells	4.07	-0.94	4	0	4	4	6.4	0
E10.5	E105_White_blood_cells	White_blood_cells	0.36	5.9	0	4.8	0	0	5.9	4.8
E10.5	E105_Megakaryocytes	Megakaryocytes	-6.88	-3.83	0	0	0	0	5.6	0
E10.5	E105_White_blood_cells	White_blood_cells	4.38	-1.15	0	0	0	0	5.2	5.2
E10.5	E105_Megakaryocytes	Megakaryocytes	0.62	-5.96	0	0	0	0	5.5	0
E10.5	E105_White_blood_cells	White_blood_cells	2.92	4	0	0	0	0	0	0
E10.5	E105_Megakaryocytes	Megakaryocytes	0.84	-5.53	0	0	0	0	0	0
E10.5	E105_White_blood_cells	White_blood_cells	1.74	-3.29	0	0	0	0	0	0
E10.5	E105_Megakaryocytes	Megakaryocytes	-1.47	-3.84	0	0	0	0	0	5.1
E10.5	E105_Megakaryocytes	Megakaryocytes	-6.16	-6.36	0	0	0	0	0	0
E10.5	E105_White_blood_cells	White_blood_cells	-0.11	-2.75	0	0	0	0	0	0
E10.5	E105_Megakaryocytes	Megakaryocytes	-7.78	-5.2	0	0	0	0	0	0
E10.5	E105_White_blood_cells	White_blood_cells	2.63	7.71	4	5.1	4	0	5.1	4
E10.5	E105_Megakaryocytes	Megakaryocytes	-8.48	-4.71	0	0	0	0	0	0
E10.5	E105_White_blood_cells	White_blood_cells	2.47	3.04	5.3	0	0	0	7.4	0
E10.5	E105_Megakaryocytes	Megakaryocytes	-5.76	-3.15	0	0	0	0	0	0
E10.5	E105_White_blood_cells	White_blood_cells	1.94	-4.32	0	0	0	0	4.8	4.8
E10.5	E105_White_blood_cells	White_blood_cells	2.25	1.73	5.4	0	0	0	5.4	0
E10.5	E105_Megakaryocytes	Megakaryocytes	-4.86	-4.66	4.4	0	0	0	4.4	0
E10.5	E105_White_blood_cells	White_blood_cells	4.81	4.91	0	0	4.4	0	5.8	0
E10.5	E105_White_blood_cells	White_blood_cells	2.49	-4.1	0	0	0	0	0	0
E10.5	E105_White_blood_cells	White_blood_cells	0.88	1.32	0	0	0	0	7.4	0
E10.5	E105_White_blood_cells	White_blood_cells	0.75	1.35	0	0	0	0	5.9	0
E10.5	E105_White_blood_cells	White_blood_cells	6.74	4.87	4.6	4.6	4.6	0	0	0
E10.5	E105_White_blood_cells	White_blood_cells	2.31	6.25	4.6	4.6	0	4.6	5.3	0
E10.5	E105_White_blood_cells	White_blood_cells	2.88	4.23	0	0	0	0	6	0
E10.5	E105_Megakaryocytes	Megakaryocytes	-0.45	-2.92	0	0	0	0	0	0
E10.5	E105_White_blood_cells	White_blood_cells	1.05	4.42	5.4	6.1	0	0	5.4	0
E10.5	E105_White_blood_cells	White_blood_cells	2.98	3.36	4.8	0	4.1	4.1	6	0
E10.5	E105_Megakaryocytes	Megakaryocytes	1.15	-4.78	0	0	0	0	4.9	0
E10.5	E105_White_blood_cells	White_blood_cells	-1.35	5.67	0	0	5.1	0	5.1	0
E10.5	E105_White_blood_cells	White_blood_cells	0.82	7.64	5.7	4.1	0	0	5.2	4.1
E10.5	E105_White_blood_cells	White_blood_cells	0.5	5.52	5.2	0	0	0	5.9	0
E10.5	E105_White_blood_cells	White_blood_cells	4.23	5.05	0	4.8	0	0	0	0
E10.5	E105_White_blood_cells	White_blood_cells	2.13	7.23	4.6	5.3	0	4.6	4.6	0
E10.5	E105_White_blood_cells	White_blood_cells	2.54	5.71	0	0	0	0	0	0
E10.5	E105_White_blood_cells	White_blood_cells	2.5	4.13	0	0	5.4	0	5.4	0
E10.5	E105_White_blood_cells	White_blood_cells	1.94	6.87	4.9	4.9	0	0	5.6	0
E10.5	E105_White_blood_cells	White_blood_cells	-0.49	3.44	5.3	6	5.3	0	6	0
E10.5	E105_Megakaryocytes	Megakaryocytes	-1.98	-5.31	0	0	0	0	0	0
E10.5	E105_Megakaryocytes	Megakaryocytes	-3.29	-6.3	0	0	0	0	0	5.1
E10.5	E105_White_blood_cells	White_blood_cells	2.47	3.93	0	0	4.6	0	5.7	0
E10.5	E105_White_blood_cells	White_blood_cells	3.37	4.55	0	0	0	0	0	0
E10.5	E105_White_blood_cells	White_blood_cells	4.1	-2.17	0	0	0	0	4.9	0
E10.5	E105_White_blood_cells	White_blood_cells	-0.02	1.88	0	0	0	0	0	5.2
E10.5	E105_Megakaryocytes	Megakaryocytes	-7.29	-2.97	3.7	0	0	0	0	0
E10.5	E105_White_blood_cells	White_blood_cells	-0.4	2.68	0	5.6	0	0	5.6	0
E10.5	E105_White_blood_cells	White_blood_cells	7.3	4.51	0	5	0	4.3	5	0
E10.5	E105_White_blood_cells	White_blood_cells	2.6	1.31	5.4	0	0	0	6	0
E10.5	E105_White_blood_cells	White_blood_cells	0.87	6.06	4.2	4.2	4.2	0	5.8	0
E10.5	E105_Megakaryocytes	Megakaryocytes	-5.88	-5.45	0	0	0	0	5.8	4.6
E10.5	E105_White_blood_cells	White_blood_cells	0.93	1.18	0	0	5	0	5	0
E10.5	E105_White_blood_cells	White_blood_cells	2.53	5.72	0	5.3	0	0	0	0
E10.5	E105_White_blood_cells	White_blood_cells	-0.89	4.86	0	0	5.2	0	0	0
E10.5	E105_Megakaryocytes	Megakaryocytes	-0.42	-5.18	0	0	0	0	4.7	0
E10.5	E105_White_blood_cells	White_blood_cells	-0.7	5.96	0	5.4	4.7	4.7	6.5	0
E10.5	E105_White_blood_cells	White_blood_cells	2.05	4.88	4.6	0	0	0	0	4.6
E10.5	E105_White_blood_cells	White_blood_cells	-0.96	7.26	0	0	0	4.3	5	0
E10.5	E105_White_blood_cells	White_blood_cells	-0.28	2.28	0	0	0	0	4.9	4.9
E10.5	E105_White_blood_cells	White_blood_cells	2.24	2.84	0	0	0	0	6.8	0
E10.5	E105_Megakaryocytes	Megakaryocytes	-0.57	-2.46	0	0	0	0	0	0
E10.5	E105_White_blood_cells	White_blood_cells	4.87	-2.78	0	0	5	0	5.7	0
E10.5	E105_Megakaryocytes	Megakaryocytes	-4.33	-5.67	0	0	0	0	5.2	0
E10.5	E105_White_blood_cells	White_blood_cells	0.89	-4.06	0	0	0	0	0	0
E10.5	E105_White_blood_cells	White_blood_cells	0.09	3.5	5	5	0	5	5.7	5
E10.5	E105_White_blood_cells	White_blood_cells	4.98	1.34	5	0	3.9	0	5.3	3.9
E10.5	E105_White_blood_cells	White_blood_cells	1.42	1.49	0	4.9	4.9	0	4.9	0
E10.5	E105_White_blood_cells	White_blood_cells	2.01	-3.57	0	0	0	0	0	0
E10.5	E105_White_blood_cells	White_blood_cells	0.5	5.03	0	5.3	5.3	0	6	0
E10.5	E105_Megakaryocytes	Megakaryocytes	0.55	-2.52	0	0	0	0	0	0
E10.5	E105_White_blood_cells	White_blood_cells	0.77	-4.87	0	0	0	0	4.9	0
E10.5	E105_White_blood_cells	White_blood_cells	1.69	3.1	0	0	5	0	5	5
E10.5	E105_Megakaryocytes	Megakaryocytes	-0.19	-3.95	0	0	0	0	0	0
E10.5	E105_Megakaryocytes	Megakaryocytes	-0.82	-5.07	4.7	0	0	0	4.7	0
E10.5	E105_White_blood_cells	White_blood_cells	1.87	-2.39	0	0	0	0	0	4.8
E10.5	E105_Megakaryocytes	Megakaryocytes	0	-3.45	0	0	0	0	0	0
E10.5	E105_White_blood_cells	White_blood_cells	0.9	3.88	5.3	5.3	0	0	5.7	4.6
E10.5	E105_White_blood_cells	White_blood_cells	1.6	4.41	5.4	4.7	0	0	5.8	0
E10.5	E105_White_blood_cells	White_blood_cells	1.25	-2.52	0	0	0	0	0	0
E10.5	E105_White_blood_cells	White_blood_cells	5.22	-3.05	0	0	0	0	5.6	0
E10.5	E105_White_blood_cells	White_blood_cells	0.74	6.58	0	5.9	4.5	0	5.6	0
E10.5	E105_Megakaryocytes	Megakaryocytes	-2.25	-5.31	0	0	0	0	5.1	0
E10.5	E105_White_blood_cells	White_blood_cells	-0.08	-2.18	0	0	0	0	5.1	0
E10.5	E105_Megakaryocytes	Megakaryocytes	-0.49	-4.26	0	0	0	0	0	0
E10.5	E105_White_blood_cells	White_blood_cells	2.13	-2.45	4.9	0	0	0	0	0
E10.5	E105_White_blood_cells	White_blood_cells	0.34	4.49	4.4	0	0	0	6.2	0
E10.5	E105_Megakaryocytes	Megakaryocytes	-0.43	-4.82	0	0	0	0	0	0
E10.5	E105_Megakaryocytes	Megakaryocytes	0.63	-4.72	0	0	0	0	0	5.4
E10.5	E105_Megakaryocytes	Megakaryocytes	-4.33	-6.66	0	0	0	0	0	0
E10.5	E105_White_blood_cells	White_blood_cells	2.64	3.06	5	5	0	0	5.7	0
E10.5	E105_White_blood_cells	White_blood_cells	1.51	5.83	4.6	5.3	4.6	5.7	5.3	0
E10.5	E105_White_blood_cells	White_blood_cells	2.3	5.49	5.1	0	0	0	0	0
E10.5	E105_White_blood_cells	White_blood_cells	2.72	0	5.3	0	0	5.3	0	0
E10.5	E105_White_blood_cells	White_blood_cells	3.47	6.31	4.7	0	0	0	4.7	0
E10.5	E105_White_blood_cells	White_blood_cells	0.26	4.75	0	0	0	0	6.2	5.1
E10.5	E105_White_blood_cells	White_blood_cells	1.52	5.64	4.5	5.2	4.5	0	5.6	5.2
E10.5	E105_Megakaryocytes	Megakaryocytes	-3.93	-5.21	0	0	0	0	0	0
E10.5	E105_White_blood_cells	White_blood_cells	2.18	3.8	0	5.1	0	5.1	6.5	5.1
E10.5	E105_Megakaryocytes	Megakaryocytes	-6.46	-2.59	0	0	0	0	0	0
E10.5	E105_White_blood_cells	White_blood_cells	-0.23	5.63	0	5.6	4.9	0	5.6	0
E10.5	E105_Megakaryocytes	Megakaryocytes	-2.57	-4.77	0	0	0	0	5.9	0
E10.5	E105_White_blood_cells	White_blood_cells	-1	5.12	0	4.7	5.3	0	5.7	0
E10.5	E105_White_blood_cells	White_blood_cells	4.41	3.95	4.7	0	4.7	0	4.7	0
E10.5	E105_Megakaryocytes	Megakaryocytes	-8.39	-4.55	0	0	0	0	0	0
E10.5	E105_White_blood_cells	White_blood_cells	7.37	4.76	0	3.7	0	0	0	0
E10.5	E105_White_blood_cells	White_blood_cells	0.11	3.34	0	5.1	0	0	5.8	0
E10.5	E105_Megakaryocytes	Megakaryocytes	1.17	-5.59	0	0	0	0	0	0
E10.5	E105_Megakaryocytes	Megakaryocytes	-4.88	-7.01	0	0	0	0	6.1	0
E10.5	E105_White_blood_cells	White_blood_cells	-1.05	5.32	0	5.4	0	5.4	6.5	5.4
E10.5	E105_White_blood_cells	White_blood_cells	2.15	5.23	0	5	0	0	0	0
E10.5	E105_Megakaryocytes	Megakaryocytes	-1.26	-2.9	0	0	0	0	0	0
E10.5	E105_White_blood_cells	White_blood_cells	2.48	-0.61	0	0	0	5.1	5.1	0
E10.5	E105_White_blood_cells	White_blood_cells	2.84	7.52	4.1	4.8	6	0	0	0
E10.5	E105_White_blood_cells	White_blood_cells	0.05	0.69	0	0	0	0	5.9	0
E10.5	E105_Megakaryocytes	Megakaryocytes	-4.96	-5.35	0	0	0	0	0	0
E10.5	E105_White_blood_cells	White_blood_cells	-7.36	-3.97	0	0	4.8	0	0	0
E10.5	E105_Megakaryocytes	Megakaryocytes	-5.17	-6.58	0	0	0	0	0	0
E10.5	E105_White_blood_cells	White_blood_cells	0.89	1.84	6.1	0	0	0	6.5	0
E10.5	E105_White_blood_cells	White_blood_cells	3.16	5.6	0	4.3	0	0	0	0
E10.5	E105_White_blood_cells	White_blood_cells	3.77	5.69	5.8	0	0	0	4.7	5.4
E10.5	E105_White_blood_cells	White_blood_cells	1.42	4.56	0	5.4	0	0	5.4	0
E10.5	E105_White_blood_cells	White_blood_cells	3.29	-3.89	4.2	0	0	0	5.6	4.9
E10.5	E105_White_blood_cells	White_blood_cells	0.73	3.81	0	5.1	0	0	0	5.1
E10.5	E105_Megakaryocytes	Megakaryocytes	-2.69	-6.54	0	0	0	0	7	0
E10.5	E105_Megakaryocytes	Megakaryocytes	-6.51	-6.81	0	0	0	0	4.9	0
E10.5	E105_White_blood_cells	White_blood_cells	-1.11	4.08	0	0	0	0	0	0
E10.5	E105_White_blood_cells	White_blood_cells	1.58	3.77	5.3	0	4.9	0	5.8	0
E10.5	E105_White_blood_cells	White_blood_cells	-1.45	6.33	0	0	0	0	5.9	4.8
E10.5	E105_White_blood_cells	White_blood_cells	-0.64	6.89	0	4.9	4.9	0	5.6	0
E10.5	E105_Megakaryocytes	Megakaryocytes	-5.15	-4.45	0	0	4.2	0	4.2	0
E10.5	E105_White_blood_cells	White_blood_cells	1.66	6.7	5.1	0	0	0	5.8	0
E10.5	E105_White_blood_cells	White_blood_cells	1	3.45	0	0	0	0	0	0
E10.5	E105_White_blood_cells	White_blood_cells	3.51	-3.06	0	0	0	5.2	0	0
E10.5	E105_White_blood_cells	White_blood_cells	3.29	5.29	4.5	5.1	0	0	5.1	4.5
E10.5	E105_White_blood_cells	White_blood_cells	2.76	2.14	0	0	0	0	5.8	5.8
E10.5	E105_White_blood_cells	White_blood_cells	-0.53	6.46	0	4.3	0	4.3	5.4	4.3
E10.5	E105_White_blood_cells	White_blood_cells	3.23	7.16	3.8	4.5	4.9	0	0	0
E10.5	E105_Megakaryocytes	Megakaryocytes	-3.69	-5.69	0	0	0	0	6.6	0
E10.5	E105_White_blood_cells	White_blood_cells	3.63	2.02	0	0	5.1	0	6	0
E10.5	E105_White_blood_cells	White_blood_cells	-0.02	-1.77	0	0	0	0	0	0
E10.5	E105_White_blood_cells	White_blood_cells	4.23	4.05	0	5.3	0	0	6.4	0
E10.5	E105_White_blood_cells	White_blood_cells	2.89	2.87	4.6	4.6	0	0	4.6	4
E10.5	E105_White_blood_cells	White_blood_cells	0.43	6.63	4.4	4.4	0	0	5.1	0
E10.5	E105_Megakaryocytes	Megakaryocytes	-0.76	-2.94	0	0	0	0	0	0
E10.5	E105_White_blood_cells	White_blood_cells	-0.89	6.5	0	0	4.6	0	5.3	0
E10.5	E105_White_blood_cells	White_blood_cells	-0.24	6.55	0	4.9	4.9	0	4.9	0
E10.5	E105_White_blood_cells	White_blood_cells	1.6	4.75	0	0	0	0	6.2	4.1
E10.5	E105_White_blood_cells	White_blood_cells	0.01	3.95	0	0	0	0	5.2	5.2
E10.5	E105_Megakaryocytes	Megakaryocytes	0.88	-5.86	0	0	0	0	5.4	0
E10.5	E105_White_blood_cells	White_blood_cells	-0.35	3.18	6.7	4.9	0	4.9	6	0
E10.5	E105_Megakaryocytes	Megakaryocytes	-6.27	-4.46	0	0	0	0	5.7	0
E10.5	E105_Megakaryocytes	Megakaryocytes	-7.77	-3.08	0	0	0	0	0	0
E10.5	E105_White_blood_cells	White_blood_cells	0.35	6.38	0	5	0	0	6.1	5
E10.5	E105_White_blood_cells	White_blood_cells	3.75	2.12	5.1	0	0	0	6.7	5.1
E10.5	E105_White_blood_cells	White_blood_cells	3.27	6.98	3.8	5.1	5.4	0	0	3.8
E10.5	E105_White_blood_cells	White_blood_cells	1.01	1.63	0	6.5	0	0	5.1	0
E10.5	E105_White_blood_cells	White_blood_cells	1.91	-2.76	0	0	0	0	0	0
E10.5	E105_Megakaryocytes	Megakaryocytes	-0.05	-4.69	4.5	0	0	0	0	0
E10.5	E105_Megakaryocytes	Megakaryocytes	1.16	-4.51	0	0	5.1	0	5.1	0
E10.5	E105_White_blood_cells	White_blood_cells	3.5	6.01	4.5	0	0	0	0	0
E10.5	E105_White_blood_cells	White_blood_cells	0.26	4.85	4.6	0	0	0	6.4	0
E10.5	E105_White_blood_cells	White_blood_cells	0.77	3.31	5.7	0	5.7	0	5.7	0
E10.5	E105_White_blood_cells	White_blood_cells	0.36	6.94	0	4.4	0	0	5.8	0
E10.5	E105_White_blood_cells	White_blood_cells	-1.21	5.48	5	0	0	0	5.6	0
E10.5	E105_Megakaryocytes	Megakaryocytes	-0.32	-3.1	0	0	0	0	5.3	0
E10.5	E105_Megakaryocytes	Megakaryocytes	-1.47	-6.25	0	0	0	0	5.2	0
E10.5	E105_White_blood_cells	White_blood_cells	3.43	-3.43	0	0	0	4.1	4.1	4.1
E10.5	E105_Megakaryocytes	Megakaryocytes	0.16	-5.46	0	0	0	0	5.1	4.4
E10.5	E105_White_blood_cells	White_blood_cells	4.07	1.02	0	0	0	0	7.2	5.5
E10.5	E105_Megakaryocytes	Megakaryocytes	-3.63	-7	0	0	0	0	5.2	0
E10.5	E105_White_blood_cells	White_blood_cells	1.34	2.44	5.2	0	0	0	5.9	0
E10.5	E105_White_blood_cells	White_blood_cells	3.28	-0.65	5	0	0	0	5	0
E10.5	E105_White_blood_cells	White_blood_cells	4.76	-2.51	4.3	4.3	4.3	0	4.3	5
E10.5	E105_White_blood_cells	White_blood_cells	4.42	2.18	0	4.4	0	4.4	5.1	5.1
E10.5	E105_White_blood_cells	White_blood_cells	2.01	4.09	0	0	0	0	5.7	0
E10.5	E105_White_blood_cells	White_blood_cells	0.45	5.69	5.4	0	4.3	4.3	6.5	4.3
E10.5	E105_White_blood_cells	White_blood_cells	3.44	5.36	4.5	5.2	0	0	0	0
E10.5	E105_White_blood_cells	White_blood_cells	2.45	-2.34	0	0	0	0	0	4.8
E10.5	E105_White_blood_cells	White_blood_cells	2.64	4.34	0	0	0	4.8	5.5	0
E10.5	E105_White_blood_cells	White_blood_cells	3.66	2.86	5.6	5.6	4.5	4.5	6.8	0
E10.5	E105_White_blood_cells	White_blood_cells	0.87	4.66	0	4.6	0	0	5.3	0
E10.5	E105_Megakaryocytes	Megakaryocytes	-5.57	-3.35	0	0	0	0	0	0
E10.5	E105_Megakaryocytes	Megakaryocytes	1.05	-5.41	3.9	0	0	0	0	0
E10.5	E105_White_blood_cells	White_blood_cells	-0.56	6.6	4.5	0	4.5	0	5.2	0
E10.5	E105_White_blood_cells	White_blood_cells	2.89	4.13	0	0	4.6	0	5.7	0
E10.5	E105_Megakaryocytes	Megakaryocytes	1.27	-5.18	0	0	0	0	0	0
E10.5	E105_Megakaryocytes	Megakaryocytes	-0.4	-4.34	0	0	0	0	5	0
E10.5	E105_White_blood_cells	White_blood_cells	3	2.63	0	0	0	0	5.5	0
E10.5	E105_Megakaryocytes	Megakaryocytes	-0.54	-2.16	0	0	0	0	0	0
E10.5	E105_White_blood_cells	White_blood_cells	0.06	6.14	5.1	5.5	4.4	0	5.8	0
E10.5	E105_White_blood_cells	White_blood_cells	3.89	0.29	0	0	4.7	0	5.8	4.7
E10.5	E105_White_blood_cells	White_blood_cells	2.53	3.23	0	5.4	0	0	5.4	0
E10.5	E105_Megakaryocytes	Megakaryocytes	-4.95	-5.85	0	0	0	0	4.4	0
E10.5	E105_White_blood_cells	White_blood_cells	1.83	-1.82	0	0	0	0	0	0
E10.5	E105_Megakaryocytes	Megakaryocytes	-6.72	-5.79	5.3	0	0	0	0	0
E10.5	E105_White_blood_cells	White_blood_cells	-1.13	6.6	0	0	4.7	0	4.7	0
E10.5	E105_Megakaryocytes	Megakaryocytes	-0.47	-3.98	0	0	0	0	0	0
E10.5	E105_White_blood_cells	White_blood_cells	-1.21	6.22	0	5.3	6	0	0	0
E10.5	E105_Megakaryocytes	Megakaryocytes	-1.15	-5.62	0	0	0	0	5.2	0
E10.5	E105_White_blood_cells	White_blood_cells	3.19	2.85	5.2	0	4.5	0	6.3	0
E10.5	E105_White_blood_cells	White_blood_cells	1.54	6.95	4.9	4.5	0	0	4.9	4.9
E10.5	E105_White_blood_cells	White_blood_cells	-0.18	1.99	5.4	0	5.4	0	6.5	0
E10.5	E105_White_blood_cells	White_blood_cells	4.8	-2.39	0	0	0	0	4	5.1
E10.5	E105_White_blood_cells	White_blood_cells	0.65	2.49	6.2	0	5.5	0	0	0
E10.5	E105_Megakaryocytes	Megakaryocytes	-4.75	-5.83	0	0	4.1	0	5.2	0
E10.5	E105_Megakaryocytes	Megakaryocytes	-0.73	-2.63	0	0	0	0	0	0
E10.5	E105_White_blood_cells	White_blood_cells	-0.27	3.78	0	5.3	0	0	6	0
E10.5	E105_White_blood_cells	White_blood_cells	0.56	4.7	0	4.9	0	0	6.8	0
E10.5	E105_Megakaryocytes	Megakaryocytes	-5.38	-6.32	0	0	0	0	5.1	0
E10.5	E105_White_blood_cells	White_blood_cells	4.14	-1.6	0	0	0	0	0	0
E10.5	E105_White_blood_cells	White_blood_cells	-0.59	6.25	0	5.1	0	0	5.8	0
E10.5	E105_White_blood_cells	White_blood_cells	0.52	6.42	6.3	4.1	4.1	4.1	4.8	4.1
E10.5	E105_White_blood_cells	White_blood_cells	2.57	-2.86	4.6	0	0	0	0	0
E10.5	E105_Megakaryocytes	Megakaryocytes	-2.07	-6.13	0	0	0	0	5.9	0
E10.5	E105_White_blood_cells	White_blood_cells	6.77	3.78	0	0	0	0	0	0
E10.5	E105_Megakaryocytes	Megakaryocytes	-5.51	-6.92	0	0	0	0	6.3	0
E10.5	E105_Megakaryocytes	Megakaryocytes	0.26	-2.88	0	0	0	0	0	0
E10.5	E105_White_blood_cells	White_blood_cells	1.04	-3.79	5	0	0	0	5.7	5
E10.5	E105_Megakaryocytes	Megakaryocytes	-3.96	-5.96	0	0	0	0	0	0
E10.5	E105_White_blood_cells	White_blood_cells	-1.24	6.91	4.6	5.3	0	5.3	5.7	0
E10.5	E105_Megakaryocytes	Megakaryocytes	-1.7	-2.82	0	0	0	0	5.2	0
E10.5	E105_White_blood_cells	White_blood_cells	0.92	-1.56	0	0	0	0	0	0
E10.5	E105_White_blood_cells	White_blood_cells	4.27	-2.99	4.4	0	4.4	0	5.5	4.4
E10.5	E105_White_blood_cells	White_blood_cells	3.79	6.21	0	5.2	0	0	0	5.2
E10.5	E105_White_blood_cells	White_blood_cells	4.24	-0.68	5.6	0	0	4.9	6	0
E10.5	E105_White_blood_cells	White_blood_cells	3.97	-0.23	5.4	0	0	0	6.5	0
E10.5	E105_White_blood_cells	White_blood_cells	1.08	6.18	4.4	0	0	0	5.1	0
E10.5	E105_Megakaryocytes	Megakaryocytes	-0.94	-2.35	0	0	0	0	0	4.8
E10.5	E105_Megakaryocytes	Megakaryocytes	-6.22	-3.02	0	0	0	0	0	0
E10.5	E105_White_blood_cells	White_blood_cells	2.11	6.41	0	4.4	0	0	5.8	4.4
E10.5	E105_White_blood_cells	White_blood_cells	2.98	3.03	5.1	5.1	0	0	6.2	0
E10.5	E105_White_blood_cells	White_blood_cells	1.25	4.16	6.1	4.3	0	0	6.1	0
E10.5	E105_White_blood_cells	White_blood_cells	5.93	-2.56	0	0	0	0	0	5.6
E10.5	E105_Megakaryocytes	Megakaryocytes	0.63	-4.63	4.9	0	4.9	0	0	0
E10.5	E105_White_blood_cells	White_blood_cells	0.35	7.13	0	4.7	0	0	6.3	4.7
E10.5	E105_Megakaryocytes	Megakaryocytes	-5.52	-5.07	0	0	0	0	5.2	0
E10.5	E105_Megakaryocytes	Megakaryocytes	0.51	-5.05	0	0	0	0	0	0
E10.5	E105_Megakaryocytes	Megakaryocytes	-7.29	-2.62	0	0	0	0	0	0
E10.5	E105_White_blood_cells	White_blood_cells	7.13	4.92	0	0	0	0	5.4	4.9
E10.5	E105_White_blood_cells	White_blood_cells	-1	5.26	0	5.9	0	0	5.9	5.2
E10.5	E105_Megakaryocytes	Megakaryocytes	0.62	-5.29	0	0	0	0	0	0
E10.5	E105_White_blood_cells	White_blood_cells	0.82	7.21	4.8	4.1	0	4.8	5.2	0
E10.5	E105_Megakaryocytes	Megakaryocytes	-2.94	-6.82	0	0	0	0	6.1	0
E10.5	E105_White_blood_cells	White_blood_cells	0.65	4.26	5	0	5	0	5	0
E10.5	E105_White_blood_cells	White_blood_cells	1.17	5.57	4.6	5.2	0	0	0	0
E10.5	E105_White_blood_cells	White_blood_cells	0.16	4.64	4.5	4.9	5.4	3.8	6.4	3.8
E10.5	E105_White_blood_cells	White_blood_cells	0.81	-1.1	0	0	0	0	0	5.2
E10.5	E105_Megakaryocytes	Megakaryocytes	0.27	-5.55	0	0	0	0	0	0
E10.5	E105_White_blood_cells	White_blood_cells	0.02	6.25	4.7	5.4	0	0	6.3	5.4
E10.5	E105_White_blood_cells	White_blood_cells	0.99	5.95	3.9	3.9	0	4.6	3.9	3.9
E10.5	E105_Megakaryocytes	Megakaryocytes	-3.26	-5.32	0	0	0	0	0	0
E10.5	E105_Megakaryocytes	Megakaryocytes	-4.52	-5.44	0	0	0	0	6.1	0
E10.5	E105_White_blood_cells	White_blood_cells	4.57	0.92	6	0	0	0	4.9	4.2
E10.5	E105_Megakaryocytes	Megakaryocytes	-2.03	-5.29	0	0	0	0	0	0
E10.5	E105_Megakaryocytes	Megakaryocytes	-1.92	-3.92	0	0	0	0	5.2	0
E10.5	E105_White_blood_cells	White_blood_cells	2.82	-2.72	0	0	0	0	0	4.9
E10.5	E105_White_blood_cells	White_blood_cells	3.52	-3.41	4.4	0	0	0	5.5	0
E10.5	E105_Megakaryocytes	Megakaryocytes	-6.37	-3.2	0	0	0	0	0	0
E10.5	E105_White_blood_cells	White_blood_cells	3.07	1.7	5.2	0	0	0	5.9	5.9
E10.5	E105_Megakaryocytes	Megakaryocytes	-0.6	-3.22	0	0	0	0	0	0
E10.5	E105_Megakaryocytes	Megakaryocytes	-4.46	-5.18	0	0	0	0	5.2	0
E10.5	E105_White_blood_cells	White_blood_cells	2.29	2.97	5.4	0	0	0	6.4	0
E10.5	E105_White_blood_cells	White_blood_cells	3.93	6.87	0	4.8	5.1	0	0	0
E10.5	E105_Megakaryocytes	Megakaryocytes	0.85	-5.85	4	0	0	0	4.7	4
E10.5	E105_White_blood_cells	White_blood_cells	-0.15	5.29	6	4.6	6	0	6.2	0
E10.5	E105_White_blood_cells	White_blood_cells	-0.22	5.75	4.7	4.7	0	0	0	0
E10.5	E105_White_blood_cells	White_blood_cells	-0.68	4.74	0	0	0	0	0	5
E10.5	E105_White_blood_cells	White_blood_cells	1.48	4.02	4.3	4.7	0	0	6	3.6
E10.5	E105_Megakaryocytes	Megakaryocytes	1.29	-5.06	4.4	0	0	0	0	0
E10.5	E105_White_blood_cells	White_blood_cells	4.65	3.33	5.2	0	0	0	4.5	0
E10.5	E105_Megakaryocytes	Megakaryocytes	-3.9	-5.76	0	0	0	0	6.8	0
E10.5	E105_White_blood_cells	White_blood_cells	-0.48	3.68	0	0	0	5.4	5.4	0
E10.5	E105_Megakaryocytes	Megakaryocytes	-3.43	-5.98	0	0	0	0	0	0
E10.5	E105_Megakaryocytes	Megakaryocytes	-4.3	-5.83	0	0	0	0	5.8	0
E10.5	E105_White_blood_cells	White_blood_cells	-0.68	3.09	0	0	0	0	0	0
E10.5	E105_Megakaryocytes	Megakaryocytes	-2.84	-5.84	0	0	0	0	0	0
E10.5	E105_White_blood_cells	White_blood_cells	4.09	-1.1	0	0	0	0	5.8	0
E10.5	E105_White_blood_cells	White_blood_cells	-0.19	3.71	0	0	0	0	5.8	0
E10.5	E105_Megakaryocytes	Megakaryocytes	0.16	-4.1	0	0	0	0	0	0
E10.5	E105_Megakaryocytes	Megakaryocytes	-2.46	-5.54	0	0	0	0	0	0
E10.5	E105_White_blood_cells	White_blood_cells	1.9	6.89	0	0	0	4.4	4.4	0
E10.5	E105_White_blood_cells	White_blood_cells	-1.29	5.66	0	0	0	0	0	0
E10.5	E105_White_blood_cells	White_blood_cells	-0.2	2.65	0	5.5	0	0	5.9	0
E10.5	E105_White_blood_cells	White_blood_cells	1.33	1.28	5.3	0	0	0	7.3	0
E10.5	E105_White_blood_cells	White_blood_cells	1.08	0.42	5.9	0	0	0	5.2	5.2
E10.5	E105_White_blood_cells	White_blood_cells	4.63	1.6	6.6	0	4.2	4.2	6.1	0
E10.5	E105_White_blood_cells	White_blood_cells	1.44	1.01	5.3	0	0	0	0	0
E10.5	E105_White_blood_cells	White_blood_cells	2.32	4.83	0	6.5	0	0	0	0
E10.5	E105_Megakaryocytes	Megakaryocytes	0.08	-5.9	0	0	0	4.4	5.1	0
E10.5	E105_Megakaryocytes	Megakaryocytes	-0.71	-1.62	0	0	0	0	0	0
E10.5	E105_White_blood_cells	White_blood_cells	-1.02	7.26	0	4.6	0	0	5.3	0
E10.5	E105_White_blood_cells	White_blood_cells	4.17	1.66	4.6	4.6	4.6	4.6	4.6	0
E10.5	E105_Megakaryocytes	Megakaryocytes	-1.26	-2.05	0	0	0	0	0	0
E10.5	E105_Megakaryocytes	Megakaryocytes	-2.11	-5.39	0	0	0	0	4.9	0
E10.5	E105_White_blood_cells	White_blood_cells	-0.47	2.92	0	0	5.4	0	6.5	0
E10.5	E105_White_blood_cells	White_blood_cells	0.06	6.82	4.6	0	0	0	5.9	0
E10.5	E105_Megakaryocytes	Megakaryocytes	-4.97	-6.5	0	0	0	0	5.9	0
E10.5	E105_White_blood_cells	White_blood_cells	0.56	6.42	5	0	0	0	5.7	5
E10.5	E105_Megakaryocytes	Megakaryocytes	-6.05	-4.38	0	0	0	0	4.6	0
E10.5	E105_White_blood_cells	White_blood_cells	2.58	6.74	4.2	4.9	4.9	0	0	0
E10.5	E105_White_blood_cells	White_blood_cells	1.6	3.14	0	0	0	0	0	5.5
E10.5	E105_White_blood_cells	White_blood_cells	1.53	4.89	4.5	5.8	4.5	4.5	0	5.1
E10.5	E105_Megakaryocytes	Megakaryocytes	0.8	-4.08	0	0	0	0	0	0
E10.5	E105_White_blood_cells	White_blood_cells	3.78	-0.55	4.8	0	0	0	6.7	0
E10.5	E105_Megakaryocytes	Megakaryocytes	-8.78	-3.71	0	0	0	0	5.1	0
E10.5	E105_White_blood_cells	White_blood_cells	-0.88	3.25	0	0	0	0	5.8	0
E10.5	E105_White_blood_cells	White_blood_cells	3.46	5.19	0	0	0	0	0	0
E10.5	E105_Megakaryocytes	Megakaryocytes	-3.8	-5.41	0	0	0	0	5.9	0
E10.5	E105_Megakaryocytes	Megakaryocytes	-6.21	-3.97	0	0	0	0	5.7	0
E10.5	E105_White_blood_cells	White_blood_cells	1.02	4.23	4.4	4.4	0	0	6	0
E10.5	E105_Megakaryocytes	Megakaryocytes	-0.18	-0.53	0	0	0	0	0	0
E10.5	E105_Megakaryocytes	Megakaryocytes	-3.88	-6.98	0	0	0	0	6.1	0
E10.5	E105_Megakaryocytes	Megakaryocytes	-1.77	-6.42	0	0	0	0	5.7	4.1
E10.5	E105_White_blood_cells	White_blood_cells	1.22	5.17	4.9	0	0	0	5.6	0
E10.5	E105_White_blood_cells	White_blood_cells	2.89	0.99	5	0	0	5	5.7	0
E10.5	E105_Megakaryocytes	Megakaryocytes	-0.71	-4.19	0	0	0	0	0	0
E10.5	E105_Megakaryocytes	Megakaryocytes	2.47	-4.88	0	0	0	0	4.8	4.1
E10.5	E105_White_blood_cells	White_blood_cells	0.57	0.75	5.2	0	5.2	0	0	0
E10.5	E105_White_blood_cells	White_blood_cells	-0.01	6.89	5.9	0	0	4.5	4.5	5.2
E10.5	E105_Megakaryocytes	Megakaryocytes	0.66	-5.75	0	0	0	0	4.5	0
E10.5	E105_White_blood_cells	White_blood_cells	2.86	6.19	4.4	5.5	0	0	4.4	0
E10.5	E105_White_blood_cells	White_blood_cells	2.21	5.69	0	0	0	0	0	0
E10.5	E105_Megakaryocytes	Megakaryocytes	-0.25	-3.06	6	0	0	0	0	0
E10.5	E105_White_blood_cells	White_blood_cells	-0.45	4.35	0	6	0	0	6.4	0
E10.5	E105_Megakaryocytes	Megakaryocytes	-1.51	-6.58	4.3	0	0	0	5.7	0
E10.5	E105_Megakaryocytes	Megakaryocytes	-3.67	-6.93	0	0	0	0	5.6	0
E10.5	E105_Megakaryocytes	Megakaryocytes	0.18	-4.63	0	0	0	0	0	0
E10.5	E105_White_blood_cells	White_blood_cells	3.14	7.01	0	0	6.3	0	0	0
E10.5	E105_White_blood_cells	White_blood_cells	1.98	3.56	0	5.6	0	0	6.3	0
E10.5	E105_Megakaryocytes	Megakaryocytes	5.76	-3.18	0	0	0	0	0	4
E10.5	E105_White_blood_cells	White_blood_cells	-0.08	5.97	0	0	0	0	4.8	0
E10.5	E105_Megakaryocytes	Megakaryocytes	-5.23	-6.07	0	0	0	0	5.4	0
E10.5	E105_White_blood_cells	White_blood_cells	-0.49	6.2	0	0	0	0	5.1	5.8
E10.5	E105_White_blood_cells	White_blood_cells	3.76	7.04	4.2	0	5.6	4.2	4.2	0
E10.5	E105_White_blood_cells	White_blood_cells	1.52	5.73	0	4.3	0	0	0	0
E10.5	E105_White_blood_cells	White_blood_cells	2.48	4.32	4.8	0	4.8	0	5.9	0
E10.5	E105_Megakaryocytes	Megakaryocytes	-4.81	-7.46	0	0	0	0	5.7	0
E10.5	E105_White_blood_cells	White_blood_cells	1.36	5.8	3.7	4.4	5.1	0	6.4	3.7
E10.5	E105_White_blood_cells	White_blood_cells	2.55	2.94	0	0	0	0	6.2	0
E10.5	E105_Megakaryocytes	Megakaryocytes	-3.17	-5.4	0	0	0	0	0	0
E10.5	E105_White_blood_cells	White_blood_cells	4.56	-2.1	0	0	0	0	6.3	0
E10.5	E105_White_blood_cells	White_blood_cells	-1.03	3.62	0	5.4	0	0	0	0
E10.5	E105_Megakaryocytes	Megakaryocytes	-6.13	-2.97	0	0	0	0	6.2	0
E10.5	E105_White_blood_cells	White_blood_cells	1.96	-3.18	0	0	0	0	4.8	4.8
E10.5	E105_Megakaryocytes	Megakaryocytes	-6	-3.57	0	0	0	0	5	0
E10.5	E105_White_blood_cells	White_blood_cells	4.3	-2.09	0	0	0	0	4.6	0
E10.5	E105_Megakaryocytes	Megakaryocytes	-5.58	-5.55	0	0	0	0	0	0
E10.5	E105_White_blood_cells	White_blood_cells	0.46	5.31	0	4.9	5.5	0	4.9	0
E10.5	E105_Megakaryocytes	Megakaryocytes	-8.26	-4.91	0	0	0	0	5.2	0
E10.5	E105_White_blood_cells	White_blood_cells	2.52	-2.69	5	0	0	0	0	5
E10.5	E105_White_blood_cells	White_blood_cells	2.2	5.34	0	4.5	4.5	0	5.2	0
E10.5	E105_Megakaryocytes	Megakaryocytes	-8.25	-5.17	0	0	0	0	0	0
E10.5	E105_White_blood_cells	White_blood_cells	0.24	7.32	0	0	0	0	4.6	0
E10.5	E105_White_blood_cells	White_blood_cells	2.78	6.54	0	0	4.5	4.5	4.5	0
E10.5	E105_White_blood_cells	White_blood_cells	-0.78	2.9	5.1	0	0	0	6.2	0
E10.5	E105_White_blood_cells	White_blood_cells	1.73	2.74	0	5.1	0	0	5.1	0
E10.5	E105_Megakaryocytes	Megakaryocytes	5.61	-2.9	0	0	0	0	0	5.5
E10.5	E105_White_blood_cells	White_blood_cells	2.83	-3.33	0	0	0	0	0	0
E10.5	E105_White_blood_cells	White_blood_cells	1.57	3.21	0	0	0	0	5.5	0
E10.5	E105_White_blood_cells	White_blood_cells	3.23	-2.58	5.8	0	0	0	3.7	4.3
E10.5	E105_White_blood_cells	White_blood_cells	3.5	1.65	4.3	4.3	4.3	0	7	0
E10.5	E105_White_blood_cells	White_blood_cells	5.71	-2.76	0	0	5.3	0	0	5.3
E10.5	E105_Megakaryocytes	Megakaryocytes	-1.22	-3.47	0	0	0	0	0	0
E10.5	E105_White_blood_cells	White_blood_cells	1.73	5.5	0	0	0	0	0	0
E10.5	E105_White_blood_cells	White_blood_cells	3.39	1.3	4.5	0	4.5	4.5	5.2	0
E10.5	E105_White_blood_cells	White_blood_cells	1.64	-4.41	0	0	0	0	4.7	0
E10.5	E105_White_blood_cells	White_blood_cells	1.12	2.47	5.3	0	0	0	6	0
E10.5	E105_White_blood_cells	White_blood_cells	0.13	1.31	0	0	0	0	5.5	0
E10.5	E105_White_blood_cells	White_blood_cells	2.35	5.99	5.5	5.5	6.2	0	0	0
E10.5	E105_White_blood_cells	White_blood_cells	-0.04	7.22	4.2	4.2	4.2	0	5.3	0
E10.5	E105_Megakaryocytes	Megakaryocytes	0.55	-3.64	4.9	0	0	0	0	0
E10.5	E105_White_blood_cells	White_blood_cells	4.49	1.77	4.8	0	5.5	0	6.4	5.5
E10.5	E105_White_blood_cells	White_blood_cells	-1.11	4.87	5.2	6.6	0	5.2	6.3	0
E10.5	E105_White_blood_cells	White_blood_cells	-0.51	5.43	4.7	5.4	4.7	0	5.4	0
E10.5	E105_Megakaryocytes	Megakaryocytes	-2.1	-4.13	0	0	0	0	6.1	0
E10.5	E105_White_blood_cells	White_blood_cells	4.6	1.98	5.3	4.2	0	0	0	0
E10.5	E105_White_blood_cells	White_blood_cells	0.5	6.32	0	4.8	4.8	0	0	0
E10.5	E105_Megakaryocytes	Megakaryocytes	-2.62	-4.94	0	0	0	0	6.9	0
E10.5	E105_Megakaryocytes	Megakaryocytes	0.58	-4.44	0	0	0	0	0	0
E10.5	E105_White_blood_cells	White_blood_cells	2.78	4.28	0	0	5	0	0	5
E10.5	E105_Megakaryocytes	Megakaryocytes	-4.94	-5.45	0	0	0	0	4.9	0
E10.5	E105_Megakaryocytes	Megakaryocytes	-7.81	-3.08	0	0	0	0	0	0
E10.5	E105_Megakaryocytes	Megakaryocytes	-3.65	-6.73	0	0	0	0	4.8	0
E10.5	E105_White_blood_cells	White_blood_cells	4.89	1.92	6.1	0	0	0	5.3	0
E10.5	E105_White_blood_cells	White_blood_cells	0.34	5.84	6.5	4.5	0	4.5	6.1	0
E10.5	E105_White_blood_cells	White_blood_cells	2.25	5.15	5.8	0	0	0	6.2	4.3
E10.5	E105_Megakaryocytes	Megakaryocytes	-0.5	-4.09	0	0	0	0	0	0
E10.5	E105_Megakaryocytes	Megakaryocytes	-6.94	-2.5	0	0	0	0	0	0
E10.5	E105_White_blood_cells	White_blood_cells	1.25	-5.36	0	0	0	0	4.1	0
E10.5	E105_Megakaryocytes	Megakaryocytes	-5.11	-6.83	0	0	0	0	6.1	0
E10.5	E105_White_blood_cells	White_blood_cells	3.64	2.78	0	0	0	0	0	0
E10.5	E105_White_blood_cells	White_blood_cells	0.32	3.06	0	6.1	5.4	0	6.5	0
E10.5	E105_Megakaryocytes	Megakaryocytes	-5.41	-7.05	0	0	0	0	6.2	0
E10.5	E105_White_blood_cells	White_blood_cells	4.54	3.88	0	0	0	0	0	0
E10.5	E105_White_blood_cells	White_blood_cells	2.96	4.96	5	6.1	0	0	6.1	0
E10.5	E105_Megakaryocytes	Megakaryocytes	-1.33	-3.17	5.2	0	0	0	5.9	0
E10.5	E105_White_blood_cells	White_blood_cells	0.03	5.78	0	5.7	0	0	5	0
E10.5	E105_White_blood_cells	White_blood_cells	5.83	-2.75	0	0	0	0	0	5.1
E10.5	E105_Megakaryocytes	Megakaryocytes	-7.85	-4.24	0	0	0	0	0	0
E10.5	E105_Megakaryocytes	Megakaryocytes	-2.95	-5.16	0	0	0	0	6.3	5.9
E10.5	E105_Megakaryocytes	Megakaryocytes	-5.75	-5.15	0	0	0	0	4.1	0
E10.5	E105_Megakaryocytes	Megakaryocytes	-7.11	-2.6	0	0	0	0	0	0
E10.5	E105_White_blood_cells	White_blood_cells	1.08	7.53	5.1	4.7	0	4.7	5.1	4.1
E10.5	E105_White_blood_cells	White_blood_cells	1.45	-4.82	5.2	0	0	0	0	0
E10.5	E105_White_blood_cells	White_blood_cells	-0.79	6.98	4.2	4.2	0	4.2	5.6	0
E10.5	E105_Megakaryocytes	Megakaryocytes	0.54	-3.21	0	0	0	0	0	0
E10.5	E105_Megakaryocytes	Megakaryocytes	-4.3	-6.15	0	0	0	0	0	0
E10.5	E105_White_blood_cells	White_blood_cells	4.39	0.92	0	0	0	0	5.6	0
E10.5	E105_White_blood_cells	White_blood_cells	-1	5.16	0	0	4.8	0	5.5	5.5
E10.5	E105_White_blood_cells	White_blood_cells	0.52	4.88	5.5	5.5	0	0	5.5	0
E10.5	E105_White_blood_cells	White_blood_cells	2.82	7.16	0	4.9	0	4.5	5.2	0
E10.5	E105_White_blood_cells	White_blood_cells	4.4	4.21	0	0	0	0	6.2	0
E10.5	E105_White_blood_cells	White_blood_cells	1.31	6.74	0	0	5.2	0	0	0
E10.5	E105_Megakaryocytes	Megakaryocytes	-0.04	-3.72	5.1	0	0	0	5.1	0
E10.5	E105_White_blood_cells	White_blood_cells	0.14	7.74	0	5.6	4	0	5.1	0
E10.5	E105_Megakaryocytes	Megakaryocytes	-6.12	-3.29	0	0	0	0	4.7	0
E10.5	E105_White_blood_cells	White_blood_cells	3.18	1.72	5.7	4.3	0	0	5.7	5.7
E10.5	E105_Megakaryocytes	Megakaryocytes	-3.04	-4.95	0	0	0	0	5.4	0
E10.5	E105_Megakaryocytes	Megakaryocytes	-4.95	-5.9	0	0	0	0	6.1	0
E10.5	E105_White_blood_cells	White_blood_cells	4.41	-1.49	5.2	0	0	3.6	5.6	3.6
E10.5	E105_White_blood_cells	White_blood_cells	-1.56	5.13	5.9	5.9	0	5.2	5.2	0
E10.5	E105_Megakaryocytes	Megakaryocytes	-8.56	-4.93	0	0	0	0	0	0
E10.5	E105_White_blood_cells	White_blood_cells	2.9	-1.97	4.5	0	0	0	0	4.5
E10.5	E105_White_blood_cells	White_blood_cells	-0.59	2.57	0	6	5.3	0	5.3	0
E10.5	E105_White_blood_cells	White_blood_cells	1.46	4.17	0	4.7	0	0	4.7	0
E10.5	E105_Megakaryocytes	Megakaryocytes	-8.4	-4.31	0	0	0	0	0	0
E10.5	E105_Megakaryocytes	Megakaryocytes	-0.55	-4.61	0	0	0	0	4.5	0
E10.5	E105_White_blood_cells	White_blood_cells	3.29	5.6	0	0	0	0	0	0
E10.5	E105_White_blood_cells	White_blood_cells	7.18	4.42	0	0	4.9	0	0	0
E10.5	E105_White_blood_cells	White_blood_cells	0.22	5.59	4.8	0	0	0	4.8	0
E10.5	E105_White_blood_cells	White_blood_cells	2.09	7.47	4.3	4.3	6.3	0	0	0
E10.5	E105_White_blood_cells	White_blood_cells	-0.57	4.48	0	0	0	0	6.2	0
E10.5	E105_Megakaryocytes	Megakaryocytes	-0.36	-3.01	0	0	0	0	0	0
E10.5	E105_White_blood_cells	White_blood_cells	2.06	2.47	0	0	0	5.4	6.8	0
E10.5	E105_White_blood_cells	White_blood_cells	-0.44	6.39	0	5.3	4.6	4.6	5.7	4.6
E10.5	E105_Megakaryocytes	Megakaryocytes	-7.52	-3.99	0	0	0	3.5	0	0
E10.5	E105_White_blood_cells	White_blood_cells	6.82	4.75	0	0	0	0	4.2	0
E10.5	E105_Megakaryocytes	Megakaryocytes	-3.2	-5.69	0	0	0	0	5.1	0
E10.5	E105_White_blood_cells	White_blood_cells	2.14	3.94	4.8	5.5	0	4.8	5.5	0
E10.5	E105_White_blood_cells	White_blood_cells	3.53	0.2	0	0	0	0	6.5	0
E10.5	E105_Megakaryocytes	Megakaryocytes	-2.26	-5.16	0	0	0	0	4.8	0
E10.5	E105_White_blood_cells	White_blood_cells	2.4	5.23	0	4.8	0	4.1	6.3	0
E10.5	E105_Megakaryocytes	Megakaryocytes	-2.39	-6.75	0	0	0	0	4.9	0
E10.5	E105_White_blood_cells	White_blood_cells	-0.03	4	6.1	0	0	0	5.1	0
E10.5	E105_Megakaryocytes	Megakaryocytes	-2.42	-4.13	0	0	0	0	0	0
E10.5	E105_Megakaryocytes	Megakaryocytes	0.83	-5.38	0	0	0	0	0	4
E10.5	E105_Megakaryocytes	Megakaryocytes	-7.81	-3.68	0	0	0	0	0	0
E10.5	E105_White_blood_cells	White_blood_cells	4.25	1.34	5.4	0	4.7	0	7.1	0
E10.5	E105_Megakaryocytes	Megakaryocytes	0.06	-5.79	3.9	0	0	0	5.3	0
E10.5	E105_White_blood_cells	White_blood_cells	1.23	6.25	0	4.5	0	0	4.5	4.5
E10.5	E105_White_blood_cells	White_blood_cells	-0.74	5.69	0	0	0	0	0	0
E10.5	E105_White_blood_cells	White_blood_cells	4.09	-1.53	0	0	0	0	6	0
E10.5	E105_White_blood_cells	White_blood_cells	7.04	4.5	4.2	4.9	0	0	0	0
E10.5	E105_Megakaryocytes	Megakaryocytes	0.56	-2.96	5.8	0	0	0	0	0
E10.5	E105_White_blood_cells	White_blood_cells	2.33	1.93	5	0	0	5	0	0
E10.5	E105_White_blood_cells	White_blood_cells	3.35	2.47	0	0	0	0	6.7	0
E10.5	E105_White_blood_cells	White_blood_cells	1.05	3.63	4.8	5.5	0	4.8	5.5	0
E10.5	E105_White_blood_cells	White_blood_cells	2.76	-0.61	5	0	0	0	6.1	0
E10.5	E105_White_blood_cells	White_blood_cells	-0.91	4.52	0	5.5	0	0	5.5	0
E10.5	E105_White_blood_cells	White_blood_cells	0.92	-1.65	0	0	0	0	0	0
E10.5	E105_White_blood_cells	White_blood_cells	0.23	6.85	0	4.3	0	4.3	5	5
E10.5	E105_White_blood_cells	White_blood_cells	2.26	4.61	0	4.9	4.9	0	6.2	0
E10.5	E105_White_blood_cells	White_blood_cells	1.38	4.47	0	4.8	0	5.5	5.5	0
E10.5	E105_White_blood_cells	White_blood_cells	4.13	0.14	0	0	0	5	0	0
E10.5	E105_White_blood_cells	White_blood_cells	0.2	6.2	5	0	0	0	6	5
E10.5	E105_Megakaryocytes	Megakaryocytes	-4.56	-7.12	0	0	0	0	6	0
E10.5	E105_White_blood_cells	White_blood_cells	3.22	-2.98	0	0	0	0	0	0
E10.5	E105_Megakaryocytes	Megakaryocytes	0.93	-3.98	0	0	0	0	0	0
E10.5	E105_White_blood_cells	White_blood_cells	-0.46	4.83	5.4	0	0	0	5.4	0
E10.5	E105_Megakaryocytes	Megakaryocytes	-3.76	-6.4	0	0	0	0	4.4	0
E10.5	E105_White_blood_cells	White_blood_cells	1.74	4.71	0	0	4.1	0	5.7	0
E10.5	E105_White_blood_cells	White_blood_cells	0.36	5.87	0	0	4.5	0	6.5	0
E10.5	E105_White_blood_cells	White_blood_cells	-0.49	4.06	0	0	5.8	0	5.2	5.2
E10.5	E105_White_blood_cells	White_blood_cells	4.34	-0.15	4.4	0	0	0	5	4.4
E10.5	E105_White_blood_cells	White_blood_cells	1.33	2.66	0	5.9	4.5	0	5.2	4.5
E10.5	E105_Megakaryocytes	Megakaryocytes	-8.58	-4.09	0	0	0	0	0	0
E10.5	E105_Megakaryocytes	Megakaryocytes	-2.9	-6.68	0	0	0	0	5.5	4.8
E10.5	E105_White_blood_cells	White_blood_cells	1.37	0.71	0	5.5	0	0	5.5	0
E10.5	E105_Megakaryocytes	Megakaryocytes	-3.13	-5.03	0	0	0	0	5	0
E10.5	E105_White_blood_cells	White_blood_cells	2.67	3.95	4.4	0	0	4.4	5.1	4.4
E10.5	E105_White_blood_cells	White_blood_cells	-0.86	5.44	0	0	0	0	6.1	0
E10.5	E105_White_blood_cells	White_blood_cells	3.1	-2.38	4.2	0	0	0	0	3.6
E10.5	E105_White_blood_cells	White_blood_cells	1.73	3.06	5.1	0	0	0	4.5	0
E10.5	E105_Megakaryocytes	Megakaryocytes	-3.88	-6.61	0	0	0	0	5.2	0
E10.5	E105_White_blood_cells	White_blood_cells	-0.34	1.94	0	0	0	0	0	5.5
E10.5	E105_White_blood_cells	White_blood_cells	2.21	-0.23	5.3	0	0	0	6.4	0
E10.5	E105_Megakaryocytes	Megakaryocytes	-1.2	-2.85	0	0	0	0	0	0
E10.5	E105_Megakaryocytes	Megakaryocytes	-0.06	-5.36	0	0	0	0	0	0
E10.5	E105_White_blood_cells	White_blood_cells	0.86	5.96	4.7	3.6	3.6	3.6	5	3.6
E10.5	E105_White_blood_cells	White_blood_cells	-0.04	5.35	0	0	0	0	0	0
E10.5	E105_White_blood_cells	White_blood_cells	-0.46	3.32	5.3	0	6	0	0	0
E10.5	E105_White_blood_cells	White_blood_cells	2.37	5.16	0	0	4.9	4.9	4.9	0
E10.5	E105_White_blood_cells	White_blood_cells	1.75	5.71	5.1	0	0	0	6.2	0
E10.5	E105_Megakaryocytes	Megakaryocytes	-5.38	-6.59	0	0	0	0	4.9	4.2
E10.5	E105_White_blood_cells	White_blood_cells	2.71	-3.29	0	0	0	0	3.7	4.3
E10.5	E105_White_blood_cells	White_blood_cells	3.94	-0.92	5.1	0	4	0	6.1	0
E10.5	E105_White_blood_cells	White_blood_cells	-0.24	7.02	5.5	5.1	4.4	0	5.8	0
E10.5	E105_Megakaryocytes	Megakaryocytes	-6.1	-2.79	0	0	0	0	0	0
E10.5	E105_White_blood_cells	White_blood_cells	4.5	1.42	0	0	4.9	0	5.8	5.8
E10.5	E105_White_blood_cells	White_blood_cells	1.57	-4.24	0	0	0	0	0	0
E10.5	E105_Megakaryocytes	Megakaryocytes	-5.16	-6.7	0	0	0	0	5.5	0
E10.5	E105_Megakaryocytes	Megakaryocytes	-5.76	-6.9	0	0	0	0	5.8	0
E10.5	E105_White_blood_cells	White_blood_cells	0.63	7.71	3.8	4.5	4.5	0	3.8	0
E10.5	E105_White_blood_cells	White_blood_cells	3.43	-1.31	5.1	0	0	5.1	0	0
E10.5	E105_Megakaryocytes	Megakaryocytes	-6.36	-2.9	0	0	0	0	3.8	0
E10.5	E105_White_blood_cells	White_blood_cells	1.88	3.38	0	0	0	0	5.4	0
E10.5	E105_White_blood_cells	White_blood_cells	-1.2	3.76	0	0	0	0	6.2	5.5
E10.5	E105_White_blood_cells	White_blood_cells	0.73	-4.27	0	0	0	0	0	0
E10.5	E105_White_blood_cells	White_blood_cells	2.21	3.75	5.4	0	0	0	5.4	4.7
E10.5	E105_Megakaryocytes	Megakaryocytes	-4.31	-5.88	0	0	0	0	6	0
E10.5	E105_White_blood_cells	White_blood_cells	-0.12	5.43	0	4.6	4.6	0	5.7	0
E10.5	E105_Megakaryocytes	Megakaryocytes	1.91	-3.3	0	0	0	0	0	0
E10.5	E105_White_blood_cells	White_blood_cells	4.49	2.38	5.4	0	4.1	0	5.6	0
E10.5	E105_Megakaryocytes	Megakaryocytes	0.11	-3.77	0	0	0	0	5	0
E10.5	E105_Megakaryocytes	Megakaryocytes	-1.18	-6.18	0	0	0	0	0	0
E10.5	E105_White_blood_cells	White_blood_cells	3.55	6.07	4.8	4.8	0	0	0	0
E10.5	E105_Megakaryocytes	Megakaryocytes	-0.25	-5.12	0	0	0	0	4.4	0
E10.5	E105_Megakaryocytes	Megakaryocytes	-3.45	-6.7	0	0	0	0	5.1	0
E10.5	E105_Megakaryocytes	Megakaryocytes	-8.16	-4.31	0	0	0	0	0	0
E10.5	E105_White_blood_cells	White_blood_cells	0.74	5.18	4.7	4.7	0	0	6.3	4.7
E10.5	E105_White_blood_cells	White_blood_cells	1.11	1.97	4.9	0	4.9	0	0	4.9
E10.5	E105_White_blood_cells	White_blood_cells	2.56	7.71	0	4.2	4.2	0	5.3	4.2
E10.5	E105_Megakaryocytes	Megakaryocytes	-4.99	-5.79	0	0	0	0	5	0
E10.5	E105_White_blood_cells	White_blood_cells	3.5	6	0	4.7	0	0	4.7	0
E10.5	E105_Megakaryocytes	Megakaryocytes	-5.83	-6.13	0	0	0	0	5.6	0
E10.5	E105_White_blood_cells	White_blood_cells	5.24	-2.29	3.8	0	4.5	0	3.8	5.2
E10.5	E105_White_blood_cells	White_blood_cells	7.07	4.45	5	5	0	0	4.3	0
E10.5	E105_White_blood_cells	White_blood_cells	0.74	-6.08	3.7	0	0	0	4.4	0
E10.5	E105_White_blood_cells	White_blood_cells	0.07	7.22	4.1	4.8	4.1	0	5.2	0
E10.5	E105_White_blood_cells	White_blood_cells	4.98	-2.1	0	0	0	0	4.1	5.2
E10.5	E105_Megakaryocytes	Megakaryocytes	-1.78	-3.92	0	0	0	0	5.4	0
E10.5	E105_Megakaryocytes	Megakaryocytes	0.34	-3.53	0	0	0	0	0	0
E10.5	E105_White_blood_cells	White_blood_cells	4.12	5.55	4.7	0	0	0	0	0
E10.5	E105_White_blood_cells	White_blood_cells	-0.01	7.31	4.7	0	0	0	5.4	0
E10.5	E105_Megakaryocytes	Megakaryocytes	-7.33	-5.61	0	0	0	0	0	0
E10.5	E105_Megakaryocytes	Megakaryocytes	-0.65	-3.73	0	0	0	0	0	0
E10.5	E105_White_blood_cells	White_blood_cells	0.24	7.54	4.4	0	0	0	4.4	0
E10.5	E105_Megakaryocytes	Megakaryocytes	-6.47	-3.73	0	0	0	0	4.7	0
E10.5	E105_Megakaryocytes	Megakaryocytes	-3.55	-6.31	0	0	0	0	5.5	0
E10.5	E105_White_blood_cells	White_blood_cells	2.4	-3.62	4.7	0	0	0	4.7	0
E10.5	E105_White_blood_cells	White_blood_cells	4.47	3.27	0	5.4	4.2	0	5.8	0
E10.5	E105_White_blood_cells	White_blood_cells	-1.64	4.9	0	0	0	5.4	0	0
E10.5	E105_Megakaryocytes	Megakaryocytes	0.68	-5.61	4.5	0	0	0	4.5	5.6
E10.5	E105_White_blood_cells	White_blood_cells	0.44	1.99	0	5.1	0	0	5.8	0
E10.5	E105_White_blood_cells	White_blood_cells	0.28	6.45	0	0	0	0	0	0
E10.5	E105_White_blood_cells	White_blood_cells	0.48	7.05	3.7	5.1	0	4.8	6.5	0
E10.5	E105_White_blood_cells	White_blood_cells	4.86	2.74	5.5	0	0	0	5.3	4.2
E10.5	E105_Megakaryocytes	Megakaryocytes	-2.51	-6.19	0	0	0	0	5.7	0
E10.5	E105_White_blood_cells	White_blood_cells	-1.84	5.49	4.9	0	4.9	5.6	0	0
E10.5	E105_White_blood_cells	White_blood_cells	2.23	5.98	0	0	0	0	0	0
E10.5	E105_White_blood_cells	White_blood_cells	1.34	-2.65	0	0	0	0	0	0
E10.5	E105_White_blood_cells	White_blood_cells	2.89	3.26	5.2	0	0	0	5.2	0
E10.5	E105_White_blood_cells	White_blood_cells	0.59	2.81	6.2	0	0	0	5.1	0
E10.5	E105_White_blood_cells	White_blood_cells	0.96	3.11	4.6	5.3	0	0	6	4.6
E10.5	E105_White_blood_cells	White_blood_cells	4.19	0.81	5.6	0	4.5	0	6.6	0
E10.5	E105_White_blood_cells	White_blood_cells	-1.11	3.96	0	5.4	0	0	0	0
E10.5	E105_Megakaryocytes	Megakaryocytes	0.41	-4.46	0	0	0	0	0	0
E10.5	E105_White_blood_cells	White_blood_cells	0.23	0.48	0	5.4	0	0	0	0
E10.5	E105_Megakaryocytes	Megakaryocytes	-5.64	-3.83	0	0	0	0	5.8	0
E10.5	E105_White_blood_cells	White_blood_cells	1.36	6.29	4.6	5	5.3	0	0	0
E10.5	E105_Megakaryocytes	Megakaryocytes	-7.85	-5.55	0	0	0	0	4.1	0
E10.5	E105_White_blood_cells	White_blood_cells	0.88	2.38	0	0	0	0	6.3	0
E10.5	E105_White_blood_cells	White_blood_cells	0.26	2.52	0	0	0	0	6.2	0
E10.5	E105_White_blood_cells	White_blood_cells	0.71	1.76	0	4.9	0	0	0	0
E10.5	E105_Megakaryocytes	Megakaryocytes	0.24	-3.75	0	0	0	0	0	0
E10.5	E105_Megakaryocytes	Megakaryocytes	-7.81	-4.45	4.9	0	0	0	4.9	0
E10.5	E105_White_blood_cells	White_blood_cells	0.8	-4.01	0	0	0	0	0	0
E10.5	E105_Megakaryocytes	Megakaryocytes	-7.24	-2.82	0	0	0	0	0	0
E10.5	E105_White_blood_cells	White_blood_cells	1.21	-4.02	0	0	0	0	5.1	5.1
E10.5	E105_White_blood_cells	White_blood_cells	0.71	4.22	0	4.9	0	0	5.6	0
E10.5	E105_White_blood_cells	White_blood_cells	0.84	6.5	5.3	0	0	0	5.3	0
E10.5	E105_White_blood_cells	White_blood_cells	0.06	1.39	0	5.4	0	0	5.4	5.4
E10.5	E105_Megakaryocytes	Megakaryocytes	0.85	-5.76	0	0	0	0	5.9	0
E10.5	E105_White_blood_cells	White_blood_cells	5.92	-3.15	0	0	0	0	0	6
E10.5	E105_White_blood_cells	White_blood_cells	-0.84	3.07	0	0	6	0	0	0
E10.5	E105_Megakaryocytes	Megakaryocytes	-0.83	-2.08	0	0	0	0	0	0
E10.5	E105_White_blood_cells	White_blood_cells	3.17	7.39	5.3	5.3	5.3	0	4.2	4.2
E10.5	E105_Megakaryocytes	Megakaryocytes	-2.92	-5.93	0	0	0	0	0	0
E10.5	E105_White_blood_cells	White_blood_cells	2.45	-1.84	0	0	0	0	4.2	0
E10.5	E105_Megakaryocytes	Megakaryocytes	-4.48	-5.8	0	0	0	0	0	0
E10.5	E105_Megakaryocytes	Megakaryocytes	-5.44	-5.98	0	0	0	0	5.4	0
E10.5	E105_Megakaryocytes	Megakaryocytes	-5.39	-4.85	0	0	0	0	4.3	0
E10.5	E105_White_blood_cells	White_blood_cells	0.68	5.57	0	4.7	0	0	5.1	4.7
E10.5	E105_White_blood_cells	White_blood_cells	0.05	7.17	4.3	4.3	0	0	4.3	0
E10.5	E105_White_blood_cells	White_blood_cells	-1.13	5.65	0	0	4.9	0	4.9	0
E10.5	E105_White_blood_cells	White_blood_cells	-0.94	5.34	0	5.4	0	4.8	5.4	0
E10.5	E105_Megakaryocytes	Megakaryocytes	0.23	-6.07	0	0	0	0	0	0
E10.5	E105_White_blood_cells	White_blood_cells	0.58	3.95	5.5	4.8	0	0	6.4	0
E10.5	E105_Megakaryocytes	Megakaryocytes	5.71	-2.83	0	0	0	0	0	5.4
E10.5	E105_White_blood_cells	White_blood_cells	3.98	0.53	5.6	5.6	0	4.5	5.6	0
E10.5	E105_White_blood_cells	White_blood_cells	1.29	1.59	0	0	0	0	5.4	0
E10.5	E105_White_blood_cells	White_blood_cells	1.25	3.04	6	0	0	0	0	0
E10.5	E105_White_blood_cells	White_blood_cells	4.53	-0.35	5.6	0	0	0	0	0
E10.5	E105_White_blood_cells	White_blood_cells	2.56	3.43	5.4	5.4	0	0	6.5	0
E10.5	E105_Megakaryocytes	Megakaryocytes	-1.24	-3.58	0	0	0	0	4.6	0
E10.5	E105_Megakaryocytes	Megakaryocytes	-4.05	-6.01	0	0	0	0	5.8	0
E10.5	E105_White_blood_cells	White_blood_cells	4.23	2.06	4.8	0	0	0	4.8	4.1
E10.5	E105_White_blood_cells	White_blood_cells	4.35	3.64	6.6	0	0	0	4.8	0
E10.5	E105_White_blood_cells	White_blood_cells	0.41	5.76	0	5.6	4.9	0	4.9	0
E10.5	E105_Megakaryocytes	Megakaryocytes	0.65	-3.69	0	0	0	0	0	0
E10.5	E105_Megakaryocytes	Megakaryocytes	-8.39	-3.79	0	0	0	0	5.4	0
E10.5	E105_White_blood_cells	White_blood_cells	1	4.21	6.1	0	5.2	0	5.9	4.5
E10.5	E105_Megakaryocytes	Megakaryocytes	-7.46	-3.4	0	0	0	0	0	0
E10.5	E105_Megakaryocytes	Megakaryocytes	-0.34	-4.23	0	0	0	0	0	0
E10.5	E105_White_blood_cells	White_blood_cells	2.28	5.58	0	0	0	0	4.8	0
E10.5	E105_White_blood_cells	White_blood_cells	0.77	4.91	5.4	4.3	0	0	5.9	0
E10.5	E105_White_blood_cells	White_blood_cells	0.59	6.31	5	0	0	4	6.2	0
E10.5	E105_White_blood_cells	White_blood_cells	0.83	6.3	4.8	5.2	4.1	0	5.2	4.8
E10.5	E105_White_blood_cells	White_blood_cells	1.59	2.46	5.5	0	0	4.8	6.4	0
E10.5	E105_Megakaryocytes	Megakaryocytes	-8.04	-5.11	0	0	0	0	4.9	0
E10.5	E105_White_blood_cells	White_blood_cells	3.45	-1.2	0	0	0	0	6.2	0
E10.5	E105_White_blood_cells	White_blood_cells	4.39	-1.55	4.2	0	0	0	0	4.2
E10.5	E105_Megakaryocytes	Megakaryocytes	-3.38	-5.95	0	0	0	0	5.8	0
E10.5	E105_White_blood_cells	White_blood_cells	-0.58	4.02	0	4.7	4.7	0	5.8	0
E10.5	E105_White_blood_cells	White_blood_cells	4.58	1.35	5.4	0	3.8	0	5.2	3.8
E10.5	E105_White_blood_cells	White_blood_cells	1	0.83	6.2	0	0	0	6.8	0
E10.5	E105_White_blood_cells	White_blood_cells	-0.2	3.91	5.3	4.6	4.6	4.6	5.7	0
E10.5	E105_White_blood_cells	White_blood_cells	4.4	2.1	5.4	4.7	5.8	0	6	0
E10.5	E105_White_blood_cells	White_blood_cells	3	-1.67	5.5	0	4.2	4.2	0	4.2
E10.5	E105_White_blood_cells	White_blood_cells	-0.5	4.1	0	5.8	0	0	5.1	0
E10.5	E105_White_blood_cells	White_blood_cells	0.71	7.12	4.2	4.2	0	0	5.8	0
E10.5	E105_Megakaryocytes	Megakaryocytes	-3.17	-5.65	0	0	0	0	5	0
E10.5	E105_Megakaryocytes	Megakaryocytes	1.82	-4.69	0	0	0	0	0	0
E10.5	E105_White_blood_cells	White_blood_cells	3.89	1.68	6.2	4.8	0	4.8	5.5	5.5
E10.5	E105_White_blood_cells	White_blood_cells	1.99	3.74	0	0	5	5	6.4	0
E10.5	E105_White_blood_cells	White_blood_cells	1.03	3.71	0	0	0	0	0	0
E10.5	E105_Megakaryocytes	Megakaryocytes	-0.06	-3.72	0	0	0	0	0	0
E10.5	E105_White_blood_cells	White_blood_cells	2.05	3.2	5.3	0	0	0	0	0
E10.5	E105_White_blood_cells	White_blood_cells	-1.21	4.33	5.7	0	0	0	5	5
E10.5	E105_Megakaryocytes	Megakaryocytes	-0.35	-5.23	0	0	0	0	4.5	0
E10.5	E105_White_blood_cells	White_blood_cells	4.05	1.27	5.8	0	0	0	5.4	0
E10.5	E105_Megakaryocytes	Megakaryocytes	-0.68	-6	0	0	0	0	5.5	0
E10.5	E105_White_blood_cells	White_blood_cells	2.78	3.69	5.3	0	0	0	0	0
E10.5	E105_White_blood_cells	White_blood_cells	4.23	1.77	5.4	0	0	0	5.1	0
E10.5	E105_Megakaryocytes	Megakaryocytes	-7.17	-5.63	0	0	0	0	5.8	0
E10.5	E105_White_blood_cells	White_blood_cells	-1.65	4.7	0	0	0	0	5.7	0
E10.5	E105_Megakaryocytes	Megakaryocytes	-5.52	-4.24	0	0	0	0	5.4	4.7
E10.5	E105_White_blood_cells	White_blood_cells	2.25	0.79	5.2	0	0	0	5.2	5.2
E10.5	E105_White_blood_cells	White_blood_cells	2.75	6.16	4.6	0	0	0	5.8	0
E10.5	E105_White_blood_cells	White_blood_cells	-0.12	3.88	5.2	0	0	0	6.8	0
E10.5	E105_White_blood_cells	White_blood_cells	3.91	-0.11	0	6	0	4.9	6.9	0
E10.5	E105_Megakaryocytes	Megakaryocytes	-3.26	-6.78	0	0	0	0	0	0
E10.5	E105_Megakaryocytes	Megakaryocytes	-3.73	-4.95	0	0	0	0	5.2	0
E10.5	E105_White_blood_cells	White_blood_cells	1.87	2.31	5.7	0	0	0	6.1	5
E10.5	E105_White_blood_cells	White_blood_cells	2.92	4.64	4.6	4.6	0	0	6.8	0
E10.5	E105_White_blood_cells	White_blood_cells	3.05	7.2	5.4	0	5	0	5.4	0
E10.5	E105_White_blood_cells	White_blood_cells	-0.29	4.45	0	5.1	0	0	5.5	0
E10.5	E105_White_blood_cells	White_blood_cells	-0.78	6.97	3.9	4.6	4.6	0	5.3	0
E10.5	E105_White_blood_cells	White_blood_cells	2.44	4.19	0	0	0	0	7.1	0
E10.5	E105_Megakaryocytes	Megakaryocytes	-1.44	-2.39	0	0	0	0	0	0
E10.5	E105_Megakaryocytes	Megakaryocytes	-0.67	-5.93	0	0	0	0	0	0
E10.5	E105_Megakaryocytes	Megakaryocytes	-8.17	-3.47	0	0	0	0	5.2	0
E10.5	E105_Megakaryocytes	Megakaryocytes	-4.5	-4.6	0	0	0	0	0	0
E10.5	E105_White_blood_cells	White_blood_cells	1.27	6.68	0	4.3	4.3	0	5.6	0
E10.5	E105_White_blood_cells	White_blood_cells	5.03	-2.78	4.3	0	4.3	0	4.3	5
E10.5	E105_White_blood_cells	White_blood_cells	3.19	-2.15	0	0	0	0	5.4	0
E10.5	E105_Megakaryocytes	Megakaryocytes	0.47	-4.46	0	0	0	0	0	0
E10.5	E105_Megakaryocytes	Megakaryocytes	-7.81	-5.44	0	0	0	0	0	0
E10.5	E105_White_blood_cells	White_blood_cells	-0.17	6.61	0	0	5.5	0	5.9	0
E10.5	E105_White_blood_cells	White_blood_cells	-1.08	2.89	0	6	0	5.4	0	0
E10.5	E105_White_blood_cells	White_blood_cells	0.2	7.45	0	0	0	4.8	5.9	0
E10.5	E105_Megakaryocytes	Megakaryocytes	-2.93	-6.16	0	0	0	0	4.9	0
E10.5	E105_White_blood_cells	White_blood_cells	0.18	0.57	0	0	0	0	0	0
E10.5	E105_Megakaryocytes	Megakaryocytes	-1.38	-5.68	0	0	4.1	0	5.5	0
E10.5	E105_White_blood_cells	White_blood_cells	2.69	0.58	0	0	4.6	0	4.6	0
E10.5	E105_White_blood_cells	White_blood_cells	-0.38	7.53	0	4.8	0	0	5.8	0
E10.5	E105_Megakaryocytes	Megakaryocytes	0.1	-4.1	0	0	0	0	4.8	0
E10.5	E105_White_blood_cells	White_blood_cells	3.67	6.63	0	0	0	0	5.9	0
E10.5	E105_Megakaryocytes	Megakaryocytes	-3.66	-5.58	0	0	0	0	0	0
E10.5	E105_White_blood_cells	White_blood_cells	7.26	4.57	0	0	0	0	5.6	0
E10.5	E105_White_blood_cells	White_blood_cells	6.77	4.53	0	4.7	0	0	6.3	0
E10.5	E105_White_blood_cells	White_blood_cells	4.04	4.63	0	5	0	0	0	0
E10.5	E105_White_blood_cells	White_blood_cells	3.93	6.09	0	0	0	0	0	0
E10.5	E105_White_blood_cells	White_blood_cells	-0.24	5.36	0	0	0	0	4.8	5.5
E10.5	E105_White_blood_cells	White_blood_cells	0.51	3.89	5.2	5.2	0	0	5.9	0
E10.5	E105_White_blood_cells	White_blood_cells	3.21	-0.35	5.3	0	0	0	0	0
E10.5	E105_White_blood_cells	White_blood_cells	3.26	-1.4	5.2	0	0	0	5.2	0
E10.5	E105_White_blood_cells	White_blood_cells	-0.95	5.19	0	5.8	0	0	0	0
E10.5	E105_White_blood_cells	White_blood_cells	3.03	2.58	0	0	0	0	7.2	0
E10.5	E105_Megakaryocytes	Megakaryocytes	-5.19	-5.93	0	0	0	0	6.1	4.3
E10.5	E105_White_blood_cells	White_blood_cells	-0.63	4.71	0	0	0	0	0	0
E10.5	E105_White_blood_cells	White_blood_cells	0.39	1.64	0	0	0	0	7.2	5.2
E10.5	E105_White_blood_cells	White_blood_cells	0.44	-5.87	0	0	0	0	4.2	0
E10.5	E105_White_blood_cells	White_blood_cells	0.77	3.95	0	6.2	0	0	5.1	0
E10.5	E105_White_blood_cells	White_blood_cells	1.91	6.19	0	5.8	0	0	4.4	4.4
E10.5	E105_White_blood_cells	White_blood_cells	-0.12	2.75	5.3	6	0	0	0	0
E10.5	E105_Megakaryocytes	Megakaryocytes	-5.03	-5.94	0	0	0	0	4.9	0
E10.5	E105_White_blood_cells	White_blood_cells	5.38	-2.5	0	0	0	0	3.7	4.4
E10.5	E105_Megakaryocytes	Megakaryocytes	-0.71	-2.36	0	0	0	0	0	0
E10.5	E105_Megakaryocytes	Megakaryocytes	-8.76	-4.44	0	0	0	0	0	0
E10.5	E105_White_blood_cells	White_blood_cells	3.31	7.42	4.8	5.2	5.5	0	0	0
E10.5	E105_White_blood_cells	White_blood_cells	2.5	-1.1	0	0	0	0	5.3	0
E10.5	E105_White_blood_cells	White_blood_cells	2.81	2.99	0	0	4.8	0	6.7	0
E10.5	E105_Megakaryocytes	Megakaryocytes	-3.51	-5.77	0	0	0	0	0	0
E10.5	E105_White_blood_cells	White_blood_cells	2.89	3.57	4.6	0	0	0	5.7	5.3
E10.5	E105_White_blood_cells	White_blood_cells	-1.58	3.76	0	0	5.2	0	0	0
E10.5	E105_Megakaryocytes	Megakaryocytes	-8.32	-4.96	0	0	0	0	0	0
E10.5	E105_White_blood_cells	White_blood_cells	2.87	1.24	0	5.3	5.3	0	6.7	6
E10.5	E105_Megakaryocytes	Megakaryocytes	-3.47	-5.92	0	0	0	0	5.9	0
E10.5	E105_White_blood_cells	White_blood_cells	2.37	-2.2	0	0	0	0	0	5
E10.5	E105_White_blood_cells	White_blood_cells	-0.83	7.19	4.2	4.2	0	4.9	4.2	0
E10.5	E105_Megakaryocytes	Megakaryocytes	-5.5	-5.69	0	0	0	4.4	4.4	0
E10.5	E105_White_blood_cells	White_blood_cells	4.8	-3.1	0	0	3.6	0	4.7	0
E10.5	E105_White_blood_cells	White_blood_cells	-0.48	6.66	4.2	4.9	0	4.2	4.9	0
E10.5	E105_White_blood_cells	White_blood_cells	4.53	2.13	5.6	3.8	4.9	0	5.4	4.9
E10.5	E105_Megakaryocytes	Megakaryocytes	-6.27	-6.63	0	0	4.2	0	4.9	0
E10.5	E105_Megakaryocytes	Megakaryocytes	0.12	-4.01	0	0	0	0	0	0
E10.5	E105_Megakaryocytes	Megakaryocytes	0.2	-5.21	0	0	0	0	0	0
E10.5	E105_White_blood_cells	White_blood_cells	2.36	-3.91	0	0	0	0	0	0
E10.5	E105_Megakaryocytes	Megakaryocytes	-1.77	-6.3	0	0	0	0	5.5	0
E10.5	E105_White_blood_cells	White_blood_cells	-1.49	6.78	0	5.2	0	0	0	5.2
E10.5	E105_White_blood_cells	White_blood_cells	5.15	2.23	5.1	3.5	0	0	5.1	3.5
E10.5	E105_Megakaryocytes	Megakaryocytes	-6.66	-2.89	0	0	3.6	0	3.6	0
E10.5	E105_Megakaryocytes	Megakaryocytes	-6.52	-5.76	0	0	0	0	4.4	0
E10.5	E105_Megakaryocytes	Megakaryocytes	-5.69	-5.71	0	0	0	0	0	0
E10.5	E105_White_blood_cells	White_blood_cells	0.42	5.53	0	4.6	4.6	3.9	6	0
E10.5	E105_White_blood_cells	White_blood_cells	0.79	7.56	5.2	0	0	0	0	0
E10.5	E105_Megakaryocytes	Megakaryocytes	-4.82	-6.1	0	0	0	0	5.7	0
E10.5	E105_Megakaryocytes	Megakaryocytes	-0.05	-4.88	0	0	0	0	0	0
E10.5	E105_Megakaryocytes	Megakaryocytes	-6.02	-3.98	0	0	0	0	4.6	0
E10.5	E105_Megakaryocytes	Megakaryocytes	-8.3	-5.2	0	0	0	0	4.3	0
E10.5	E105_White_blood_cells	White_blood_cells	2.56	7.11	0	0	0	0	0	0
E10.5	E105_Megakaryocytes	Megakaryocytes	1.07	-5.35	0	0	0	0	0	0
E10.5	E105_White_blood_cells	White_blood_cells	2.24	4.91	0	0	0	0	5.1	0
E10.5	E105_White_blood_cells	White_blood_cells	-0.19	3.96	0	0	5.2	5.2	5.2	0
E10.5	E105_White_blood_cells	White_blood_cells	-1.39	3.71	6.3	0	5.2	0	0	0
E10.5	E105_Megakaryocytes	Megakaryocytes	-1.44	-3.54	5.1	0	0	0	0	0
E10.5	E105_Megakaryocytes	Megakaryocytes	-2.76	-4.59	0	0	0	0	0	0
E10.5	E105_White_blood_cells	White_blood_cells	3.75	-3.72	3.7	0	0	0	6.2	4.4
E10.5	E105_Megakaryocytes	Megakaryocytes	-6.78	-6.36	0	0	0	0	5.3	4.3
E10.5	E105_Megakaryocytes	Megakaryocytes	-8.33	-4.41	0	0	0	0	0	0
E10.5	E105_Megakaryocytes	Megakaryocytes	0.09	-5.22	0	0	0	0	0	0
E10.5	E105_Megakaryocytes	Megakaryocytes	6.13	-2.9	0	0	0	0	0	5.5
E10.5	E105_Megakaryocytes	Megakaryocytes	5.95	-3.21	0	0	0	0	0	0
E10.5	E105_Megakaryocytes	Megakaryocytes	6.23	-2.87	0	0	0	0	0	5.7
E10.5	E105_Megakaryocytes	Megakaryocytes	5.05	-2.57	0	0	0	0	4.7	6.3
E10.5	E105_Megakaryocytes	Megakaryocytes	5.96	-2.65	0	0	0	0	5.9	4.8
E10.5	E105_Megakaryocytes	Megakaryocytes	-2.94	-5.83	4	0	0	0	6.1	5.3
E10.5	E105_Megakaryocytes	Megakaryocytes	5.67	-2.84	0	0	0	0	0	6.3
E10.5	E105_Megakaryocytes	Megakaryocytes	1.97	-1.47	0	0	4.9	0	4.2	0
E10.5	E105_Megakaryocytes	Megakaryocytes	1.49	1.04	0	0	4.6	0	5.3	4.6
E10.5	E105_Megakaryocytes	Megakaryocytes	1.02	-2.22	5.4	0	0	0	0	0
E10.5	E105_Megakaryocytes	Megakaryocytes	0.44	0.1	0	5.3	0	0	0	0
E10.5	E105_Megakaryocytes	Megakaryocytes	1.41	-1.39	5.5	0	4.8	0	0	0
E10.5	E105_Megakaryocytes	Megakaryocytes	1.63	-1.95	6.1	0	0	0	0	0
