day	Anno	celltype	UMAP_1	UMAP_2	marker:Gata6	marker:Pdgfra	marker:Sox17	up:Foxq1	up:Tfec	up:Hnf1b	up:Gata4	up:Sox7	up:Xbp1	up:Creb3l2	up:Hesx1	up:Runx1	up:Nfxl1	up:Zfp37	up:Meis3	down:Pou5f1	down:Nanog	down:Rest	down:Sox2	down:Mybl2	down:Zfp57	down:Klf2	down:Esrrb
E3.5	E35_ICM	ICM	-5.37	4.37	3.1	0.8	1.1	0	0	0	0	0	3.4	0	0.5	0	0	0	0	5.8	4.1	3.9	2.8	2.6	0.8	3.9	0.9
E3.5	E35_ICM	ICM	-7.5	4.49	3.4	2.1	3	0	0	0	2.5	0	0	0	0.5	0	0	0	0	5.2	2.7	4.3	3.2	3.6	2	3.8	1.2
E3.5	E35_ICM	ICM	-6.55	4.43	4.4	0.3	0	0	0	0	0	0	0	0	0.5	0	0	0	0	4.9	1.9	4	3.5	2.9	3.4	2.9	0
E3.5	E35_ICM	ICM	-7.36	4.86	3.8	3.2	0	0	0	0	0	0	0.1	0	0	0	0	0	0	5.2	1	2.8	3.7	1.9	2.7	3.9	0.1
E3.5	E35_ICM	ICM	-6.09	4.65	3.5	1.7	0	0	0	0	0	0	1.7	0.8	0	0	1.6	0	0	5.5	2.8	3	0.5	3.3	0	1.4	0.5
E3.5	E35_ICM	ICM	-5.02	4.33	4.6	3.3	3.8	0	0	0	1.5	0	2.5	1.9	0.4	0	0	1.1	0	5.2	1.1	3.9	2.8	3.2	3.1	1.9	1.3
E3.5	E35_ICM	ICM	-6.9	4.65	4	0.4	0	0	0	0	0	0	0	0	0	0	0	0	0	5.5	1.8	4.4	3.9	3.1	0.2	3.3	2.4
E3.5	E35_ICM	ICM	-8.45	7.67	1.3	0	0	0	0.5	0	0	0	3.2	0	0	0	1.2	0	0	4.8	1.8	2	0.3	3.5	3.4	2.2	1.6
E3.5	E35_ICM	ICM	-7.28	4.27	2.8	0	0	0	0	0	0	0	0.9	0	0	1.8	2.3	0	0	5.2	3.7	3.5	2.2	3.5	3.4	3.5	3.1
E3.5	E35_ICM	ICM	-6.92	3.92	1.9	0	0	0	2.8	0	0	0	4.3	0	0	0	0	0.1	0	5.5	2.2	3.1	0	0.4	0	0.6	2.6
E3.5	E35_ICM	ICM	-7.68	5.65	4	2.6	0	0	0	0	0	0	2.7	1.6	0	0	1.6	0	0	5.2	0.4	3.2	2.1	3.2	1.9	2.4	2.5
E3.5	E35_ICM	ICM	-6.23	3.89	3	0	0	0	0	0	0	0	2.9	0	0.8	0	0	0	0	4.9	2.9	5	1.7	3.2	2.7	3.7	1.2
E3.5	E35_ICM	ICM	-5.37	3.04	2.4	0	0	0	0	0	0	0	2.8	0	1.7	0	0	0	0	5.3	1.5	4.3	1.1	3.7	0.7	4.4	2
E3.5	E35_ICM	ICM	-5.75	5.02	3.2	0	0	0	0	0	0	0	0.4	0	3.1	0	1.4	0	0	5.2	4.1	4.1	2.6	2.1	1.7	1.7	3.2
E3.5	E35_ICM	ICM	-7.49	2.54	0	0	0	0	0	0	0	0	3.6	0	2.1	0	0	0	0	5.3	0.8	3.8	0.7	0.5	0	3.6	2.4
E3.5	E35_ICM	ICM	-6.93	2.37	3.5	0	0	0	0	0	0	0	2.7	0	0	0.5	0	0	0	5.1	3.8	3.9	0	1.6	2.9	2.8	1.3
E3.5	E35_ICM	ICM	-7.23	3.06	2	1.6	0	0	0	0	2.3	0	2.6	0	1.3	0.6	0.2	1.8	0	5.1	1.8	3.4	0.2	3.6	0	2.3	3.6
E3.5	E35_ICM	ICM	-4.1	5.9	3.8	1.7	0	0	0	0	0	1.2	0.7	0	0	0	1.3	0	0	5.3	3.8	4.4	2.7	3.3	1.6	1.7	3.2
E3.5	E35_ICM	ICM	-6.85	7.75	1.8	2.6	2.2	0.7	0	0	2.7	0	2.4	0	2	1	3.2	0	0	5.8	2.6	2.6	2.5	4.1	1.8	2.6	1.5
E3.5	E35_ICM	ICM	-4.3	5.36	2.5	1	0	0	0	0	2.6	0	0.4	0	2.2	0	0	1	0	5.6	3.9	3.5	3.5	3.9	1.8	3.3	1.9
E3.5	E35_ICM	ICM	-8.74	5.97	3.1	3.3	4.3	1.5	0	0	3.3	0	3.1	0	0	0	1.9	0	0	5.7	0.2	1.8	0.2	4	1	0.6	0.7
E3.5	E35_ICM	ICM	-8.07	2.72	2.9	0.5	0	0	0	0	0	0	0	0	0	0	0	0	0	5.5	3.6	1.1	0.8	4.2	0	2.2	1.6
E3.5	E35_ICM	ICM	-8.5	3.63	3.1	2.7	3.7	0	0	0	3.3	0	0	0	0	1	0.7	0	0	5.2	1.3	3.8	2.7	1.7	2.6	1.9	1.8
E3.5	E35_ICM	ICM	-7.06	5.32	1.7	0	0	0	0	0	0	0	0	0	0	0	0	0	0	4.4	4.2	1.9	0	2.9	2.6	1.3	0
E3.5	E35_ICM	ICM	-5.23	4.63	2.9	0.2	0	0	0	0	0	0	1.1	0	2.8	0	0	0	0	5.1	4.4	4.2	2.3	3.5	2.1	2.7	3.6
E3.5	E35_ICM	ICM	-4.4	4.24	3.2	2.7	0	0	0	0	0	0	1.3	0	1.7	0	0	1.5	0	5.4	3.3	3.8	2.1	3.6	2.4	3.6	1.8
E3.5	E35_ICM	ICM	-4.38	4.69	0	1.5	0	0	0	0	0	0	1.5	0.4	0	0	0.5	0	0	5.1	3.1	2.9	3	3.6	1	2.9	2
E3.5	E35_ICM	ICM	-5.66	5.45	2.5	2.3	0	0	0	0	0	0	3	1.8	0.2	0	0	0	0	5.7	4.1	2.2	2.3	3.7	2.5	3	2.8
E3.5	E35_ICM	ICM	-8.8	6.63	1.5	3.4	0	0	0	0	0	0	0	0	0	0	0	0	0	5.5	4.2	2.7	1.2	0	0.8	2.7	0
E3.5	E35_ICM	ICM	-8.22	7.37	0.6	2.3	0	0	0	0	0	0	2.9	0	1.9	0	0	0	0	5.1	4.5	4	0	3.7	2.5	3.7	3.1
E3.5	E35_ICM	ICM	-3.95	5.78	0	1.8	0	0	0	0	0	0	0	3.2	2.4	0	1.7	0	0	5.2	4.2	3.6	2.6	3.7	1	3.2	3.3
E3.5	E35_ICM	ICM	-5.38	7.36	2.4	4.1	1.9	0	0	0	0	0	3.3	1.4	0	0	0	0	0	4.8	3.6	3.9	1.8	4	2.1	3.4	2.6
E3.5	E35_ICM	ICM	-7.2	6.63	1.8	0	0	0	0	0	0	0	3.2	0	2.3	0	0	0.2	0	5.4	4	3.2	0.9	2.8	0.8	2.3	1
E3.5	E35_ICM	ICM	-5.69	6.32	2.8	2.2	0	0	0	0	0	0	2.5	0	1.4	0.3	0	0	0	5.4	4.2	4.2	2	4.1	2.5	2.7	1.4
E3.5	E35_ICM	ICM	-8.02	3.67	1.8	4.5	0.9	0	0	0	0	0	1.1	0	0	0	0	0	0	4.5	0	1.3	0	3.5	0	2.4	0
E3.5	E35_ICM	ICM	-4.12	6.6	4.1	2.2	2.9	0	0	0	2.9	0	0.4	1.8	0	0	0	0	0	5.2	3.3	2.8	3.7	3.1	1.3	3.4	2.9
E3.5	E35_ICM	ICM	-6.43	5.68	3.4	2.4	0	0	0	0	0	0	1.6	1.3	0.9	0	0	0	0	5.4	3.7	3.7	2.3	3.7	0.6	2.9	0.5
E3.5	E35_ICM	ICM	-4.23	5.42	0	0	0	0	0	0	0	0	2.2	0	1.9	0	0	0	0	5.3	3.7	3.8	2.9	3.7	2.5	3.2	3.2
E3.5	E35_ICM	ICM	-5.04	3.95	3.5	1.8	1.6	0	0	0	0	0	0.6	1.9	2.3	0	2.2	0	0	5.2	3.8	3.3	2.1	2.6	0	2.9	1.6
E3.5	E35_ICM	ICM	-6.09	6.88	1.6	2.4	0	0	0	0	0	0	1.3	0	1	0	2.7	0	0	5.4	3.9	3.1	2	2.9	0.6	3.5	2.4
E3.5	E35_ICM	ICM	-7.36	7.39	1.8	1.8	0	0	0	0	0	0	1.4	1.8	3.4	0	2	0	0	5.5	4.1	2.7	2.4	4.1	2	4.1	1.9
E3.5	E35_ICM	ICM	-8.21	3.47	3.9	1.8	1	0	0	0	0.2	0	3.3	1.7	2.7	0	0	0	0	5.3	2.5	3.8	0.9	3.9	2.4	2.2	0
E3.5	E35_ICM	ICM	-5.31	5.77	3.4	3.3	0	0	0	0	0	0	0	0	1	0	0	0	0	5.4	3.7	3.3	2.7	2.6	1.5	3.5	1.9
E3.5	E35_ICM	ICM	-4.56	7.5	3.8	4.2	1.2	0	0	0	1.8	0	0	2.5	0	0	1	0	0	5.1	1.3	4	2.5	3.3	1.3	0	2.4
E3.5	E35_ICM	ICM	-4.53	5.04	4.2	2.8	0.4	0	1.8	0	0	0	1.5	0	0	0	1.3	0	0	5	3.8	4.3	2.5	3.8	2.7	3.2	1.5
E3.5	E35_ICM	ICM	-4.84	3.64	1.2	0	0	0	0	0	0	0	0.4	0	3.8	0	0	0	0	5.5	3.8	4	3	3.8	2.6	1.8	0
E3.5	E35_ICM	ICM	-3.78	6.65	4.7	4.7	3	0	0	0	3.1	0	2.7	1.9	1.1	0	2.2	0.4	0	5.3	0	3.9	3.4	3	1.3	0.4	4
E3.5	E35_ICM	ICM	-7.49	7.05	2.7	2.4	0	0	0	0	0	0	1.6	0	1.1	0	0.8	0	0	5.3	4.2	3.6	2	3.3	1.7	2.7	1.4
E3.5	E35_ICM	ICM	-6.51	7.6	0	1.7	0	0	0	0	0	0	0	1.1	2	0	0	0	0	5.4	3	3.2	2.2	3	0	1.4	3
E3.5	E35_ICM	ICM	-8.95	5.22	3.8	2.8	3.4	0	0	2.5	2.4	0	0	2.4	1.1	1.7	2.4	0	0	4.9	2.2	3.6	0.2	3.3	0	2.5	1.4
E3.5	E35_ICM	ICM	-5.82	3.01	1.8	0.8	0	0	0	0	0	0	3.2	0	0.1	0	0	0	0	5.2	2.6	3.9	0	3.5	1.3	0	0.4
E3.5	E35_ICM	ICM	-5.01	7.4	4.4	3.7	3	1.5	0	0	0.9	0	1.4	0	2.3	0.2	0.4	0	0	5.1	0	3.8	2	2.3	1.9	0.8	2.2
E3.5	E35_ICM	ICM	-6.56	5.06	0.3	0.3	0	0	0	0	0	0	3.2	0	2.3	0	0	0	0	5.3	3.9	3	2.2	3.6	1.6	1.3	2.1
E3.5	E35_ICM	ICM	-6.84	7.11	2.4	0.9	0	0	0	0	0	0	2.8	0	2.4	0	0	0	0	5.7	3.9	2.7	2.5	4.2	1.5	3.5	2.3
E3.5	E35_ICM	ICM	-5.31	3.3	0	0	0	0	0.1	0	0	0	3	0	3.5	0	0	0.4	1.2	5.2	4	3.8	2.2	3.5	1.4	3.2	1.3
E3.5	E35_ICM	ICM	-7.65	7.57	2.3	2.1	0	0	0	0	0	0	0.4	0	0	0	2	0	0	5.3	3.9	3.1	2.6	4	2.2	3.2	2.3
E3.5	E35_ICM	ICM	-7.39	6.38	1.1	0	1.3	0	0	0	0	0	2.5	2.2	2.8	0	0	1.5	0	5.7	3.3	3.8	0.4	2.8	2.5	2.4	0
E3.5	E35_ICM	ICM	-4.76	5.96	2.5	3.1	0	0	0	0	0	0	3.2	1.6	2.1	2.1	0	0	0	5.4	2.8	3.9	2.2	3.9	0.9	2.8	2.9
E3.5	E35_ICM	ICM	-4.89	6.83	3.6	3.2	2.8	0.2	0	0.2	0	0	2.8	0	0	0	1.4	1.1	0	4.8	0.6	2.5	2.3	3	0.9	0.4	2.1
E3.5	E35_ICM	ICM	-6.11	7.54	4	2.6	0.3	0	0	0	1.3	0	1.2	0	0.8	0	2.9	0	0	5.5	2.7	3.4	1.7	3.3	2.7	2.9	3.3
E3.5	E35_ICM	ICM	-5.85	6.97	2.5	3.4	0	0	0	0	0	0	1.2	0.4	2.2	0	1.4	0.7	0	5.4	4.1	3	1.9	3.2	2.1	4	1.2
E3.5	E35_ICM	ICM	-8.25	6.5	3.7	4	3.8	1.9	0	0	3.8	0	2.6	2.3	1.1	2.1	2.6	1.8	0	5.3	0.3	2.8	2.1	3	1.1	1.6	2.1
E3.5	E35_ICM	ICM	-4.04	7.12	4.4	3.2	3.1	0	0	0	3.1	0	1.6	1.6	1.6	1.6	1.6	1.5	0	5.2	0	3.7	0	3.6	1.6	0.3	3.1
E3.5	E35_ICM	ICM	-4.44	6.58	4	3.3	1.8	0	0	0	0	0	0.5	0	0	0	0.9	0	0	5.5	3.4	3.2	2.8	3.5	3.3	2	3.8
E3.5	E35_ICM	ICM	-5.94	3.86	1.4	1	0	0	0	0	0	0	0	0	0	0	0	0	0	3.9	4.2	3.9	1.3	2.7	1.6	3.2	0
E3.5	E35_ICM	ICM	-8.65	5.65	3.3	2.9	3.4	0	0	0	3.9	0	0	0	0	2.3	0	0	0	4.6	2.7	3.3	0.1	4	0	3	0
E3.5	E35_ICM	ICM	-8.35	5.29	2.7	3.9	0.3	1.8	0	0	0.5	0	0	2.2	0	0.2	0	0	0	5.1	2.5	3.3	1.7	4.1	1.8	0.9	2.4
E3.5	E35_ICM	ICM	-5.65	4.75	2.8	1.1	0	0	0	0	0.6	0	0	0	1.8	0.3	0	2.5	0	5.5	3.6	3.2	0.8	2.7	2.8	3	2.3
E3.5	E35_ICM	ICM	-6.21	3.04	2.9	1.8	0	0	0	0	0	0	3	0	0	0	0	0.8	0	5	4	4.1	2.9	3.8	3.2	1.6	0
E3.5	E35_ICM	ICM	-5.85	4.25	2.4	0	0	0	0	0	0	0	2.9	0	2.9	0	0	0	0	5.5	3.5	3.3	2.8	4	2.3	3.7	1.2
E3.5	E35_ICM	ICM	-5.39	5.28	0	0	0	0	0	0	0	0	2.3	0	1.8	0	0	0	0	5.8	4	4.3	3.7	3.9	2.5	3.8	1.7
E3.5	E35_ICM	ICM	-4.7	5.42	0	0	0	0	0	0	0	0	2.8	0.7	1.3	0	0	0	0	5.3	4.2	3.6	1.1	3	0.7	3.4	2.9
E3.5	E35_ICM	ICM	-6.76	5.96	2.7	1.9	0	0	0	0	1.1	0	0.3	0	1.6	0	2.3	0.3	0	5.5	4.2	3.5	2.5	4	1.2	3	2.3
E3.5	E35_ICM	ICM	-6.55	3.45	1.4	2.4	0	0	0	0	0	0	3.3	1.2	2.2	0	1.3	0	2.1	5.3	3.4	2.8	2.8	2.9	1.7	2.8	0.8
E3.5	E35_ICM	ICM	-8.74	4.6	2.3	2.8	2.9	1.7	0	0	1.9	0	3.7	0	2.2	0	0	0	0	4.8	0	2.3	1.8	3.4	2.9	0.3	0.5
E3.5	E35_ICM	ICM	-6.11	5.83	2.9	1.7	0	0	0	0	0	0	0	0	0.3	0	0	0	0	5.6	3.6	3.1	2.1	1.7	1.5	3.1	0
E3.5	E35_ICM	ICM	-7.68	3.16	4.3	0	0.7	0	0	0.7	0	0	0.3	0	0	0	0.2	0	0	4.9	3.6	3.8	0	2.7	2.2	3.3	2
E3.5	E35_ICM	ICM	-5.32	6.04	1.5	0	0	0	0	0	0	0	2.4	0	2.5	0	0	0.8	0	5.5	3.9	3.7	2.2	3	2.8	2.9	1.2
E3.5	E35_ICM	ICM	-6.52	2.91	3.1	0.4	0	0	0	0	0	0	3.1	0	2.2	0	0	0	0	5.7	3	2	2.2	2.5	0.1	2.5	0
E3.5	E35_ICM	ICM	-7.03	2.83	3.2	0	0	0	0	0	0	0	0	2.9	0	0	2.4	0	0	5.6	0	3.1	1.8	2.8	0.2	2.6	3.5
E3.5	E35_ICM	ICM	-3.94	4.67	2	2.8	0	0	0	0	0	0	0.4	2.5	0	0	0.7	0	0	5.2	3.6	3.3	2.4	2.3	1.4	2.8	2.4
E3.5	E35_ICM	ICM	-6.65	6.4	4	1.1	0	0	0	0	0	0	2.4	2	0.7	0	2	0	0	4.8	4.5	3.6	3.1	3	0.9	3.7	3.4
E3.5	E35_ICM	ICM	-7.93	6.78	2.7	2.3	0	0	0	0	0.5	0	0.9	0.7	0.3	0.3	0	0	0	5.4	4.4	3	1	4.3	0.9	1.4	1.8
E3.5	E35_ICM	ICM	-8.6	6.32	0.8	0	0	0	0	0	0	0	3.5	0	2	0	0	0	0	4.7	3.9	3.9	0	2.9	0.5	1	1.8
E3.5	E35_ICM	ICM	-7.78	5.66	3.7	3.3	0	0	0	0	0	0	2.6	0	0	0.3	0	0	0.4	4.7	4	3.6	0.1	2.9	1.9	1.3	2.2
E3.5	E35_ICM	ICM	-7.73	6.55	2.9	2.6	0	0	0	0	0	0	0	0	0	0	0.3	0.3	0	5.2	4	2.6	0.8	2.8	3.3	1.1	2.8
E3.5	E35_ICM	ICM	-8.47	6.83	0.3	0	0	0	0	0	0	0	2	0	2.7	0	1.1	0	0	5.1	4.5	3.8	0.3	3.3	0	1.9	2.9
E3.5	E35_ICM	ICM	-5.92	6.57	3.2	2.8	0	0	0	0	0	0	2.6	0	0	0	0.6	0	0	5.3	4	4.4	4.1	1.9	1.8	3.9	0
E3.5	E35_ICM	ICM	-8.58	4	2.1	0	1.5	0	0	0	0	0	3.5	0	0	0	0	0	0	4.7	4.5	4.5	2.5	2.6	1.8	0	0
E3.5	E35_ICM	ICM	-7.49	5.34	2.7	1.6	0	0	0	0	0	0	0	0	1.3	0	0	0	0	5.1	5.1	4	2.6	2.4	0	2.2	2.6
E4.5	E45_Epiblast	Epiblast	16.49	-24.28	0	0	0	0	0	0	0	0	2.8	0	0	0	0	0	0	5.4	4	4	2.7	3.2	3.7	2.3	3.7
E4.5	E45_Epiblast	Epiblast	16.05	-24.31	0	0	0	0	0	0	0	0	3.2	0	0	0	0	0	0	5.5	0	4.1	3.1	3	1.8	2.2	2
E4.5	E45_Epiblast	Epiblast	16.51	-23.95	0	0	0	0	0	0	0	0	3.9	0	0	0	0	0	0	5.1	0.7	1.9	2.7	0	1.3	0	0
E4.5	E45_Hypoblast	Hypoblast	4.72	-0.73	2.5	0.6	0.6	4.3	2.7	3	3.4	3.3	4.4	0.6	1.1	1.4	3.1	1.1	1.7	4.6	0	4	0	2.9	1.6	0	0
E4.5	E45_Epiblast	Epiblast	16.98	-24.61	0	0	0	0	0	0	0	0	0.2	0	0	0	2	0	0	5.4	3.1	4.2	2.1	4	3.1	2.7	2.7
E4.5	E45_Hypoblast	Hypoblast	7.03	0.29	1.3	3.3	3.4	3.3	2.5	2.3	3.9	3.5	4.4	2.9	1.6	2.7	0	0.1	0.7	4.2	0	1.8	0	2.4	1.5	0	0.7
E4.5	E45_Hypoblast	Hypoblast	6.51	0.07	1.6	3.2	1.1	3.7	2.9	4.3	3.9	4.2	4.4	1.2	2.1	2.4	2.4	1	1.4	4.6	0	3.1	0	2	1.2	0	0
E4.5	E45_Epiblast	Epiblast	3.91	-0.44	3	2.6	2.5	2.4	3.2	3.1	2.4	2.7	3.9	2.5	2.2	1.7	0.2	2.5	0.7	5	1.7	3.4	2.4	3.4	2.5	2.1	1.9
E4.5	E45_Hypoblast	Hypoblast	4.96	-0.28	3.3	4.3	1.1	4.6	2.9	4.1	3.4	3.4	3.6	3.6	1.2	0.4	2.9	1.5	1.7	4.8	0	2.1	0	0.6	2.6	0	0
E4.5	E45_Hypoblast	Hypoblast	6.69	1.46	2.9	4	2.6	0.7	3.6	0.3	1.1	3.2	3.9	1.5	3.2	2.2	0	0	0	4.1	0	2.2	0	2.4	1	2	0
E4.5	E45_Hypoblast	Hypoblast	4.4	-0.05	3	3.3	0	3.2	3.4	3.2	3.1	3.8	3.8	2.1	2.3	2.4	1.7	2.2	0	4.6	0	3.8	0	2.8	0	0	0
E4.5	E45_Hypoblast	Hypoblast	6.11	-0.32	2.7	0.7	1.9	3.5	3.8	4.5	3.7	3.8	3.5	3.1	0.5	2.5	2.5	3	3.4	4.3	0	2.9	0.7	2.7	1.2	0	1.1
E4.5	E45_Hypoblast	Hypoblast	5.87	0.25	3	4.4	2.9	3.9	3.1	3.8	4.3	2.9	4.6	3.5	1.1	2.4	0	2.8	0	4.1	0	2.4	0	1.6	1.7	0	0
E4.5	E45_Epiblast	Epiblast	15.75	-24.93	0	0	0	0.7	0	0	0	0	2.4	0	0	0	0	0	0	5	2.3	4.1	2.7	2.8	3.3	0	2.1
E4.5	E45_Epiblast	Epiblast	15.83	-24.97	0	0	0	0	1.3	0	0	0	3.2	0	0	0	0	0.5	0	5.5	0	3.7	2.7	3.1	3.1	2.6	2.8
E4.5	E45_Hypoblast	Hypoblast	7.13	0.96	2.6	1.6	2.9	3.3	3.6	3.4	3.1	3.9	3.7	3	0	2.8	0	2	2.9	3.4	0	1.2	0	2.6	0	0	0
E4.5	E45_Epiblast	Epiblast	15.94	-25.47	0	0	1.7	0	0	0	0	0	0	0	0	0	0	0.3	0	5.3	3	3.8	2.9	3	3.3	2.9	2.6
E4.5	E45_Hypoblast	Hypoblast	5.16	0.33	3.3	3.2	2	3.4	2.9	2.9	2.9	3.4	3.6	3.1	2.7	2	2.7	1.5	1.4	4.3	0.3	3.1	0	2	1.2	0	0.3
E4.5	E45_Epiblast	Epiblast	15.41	-25.49	0	0	0	0	0	0	0	0	0	0	0	0	0	0	0.8	5.1	2.4	3.6	2.6	3.5	2.5	3.1	2.6
E4.5	E45_Hypoblast	Hypoblast	6.43	1.28	1.6	1.2	1.8	3.4	2.6	3.4	3.2	2.2	4.1	1.8	2.4	2.2	0.5	0	2.4	3.3	0	1.3	0	0.3	1	0	0
E4.5	E45_Hypoblast	Hypoblast	5.08	0.04	3.2	3.8	2.7	4.1	3	3.3	3.7	3.7	3.3	2.2	1.9	1.7	1.8	2.1	0.9	4.5	0	2.5	1	2.3	1	0	0
E4.5	E45_Hypoblast	Hypoblast	4.05	0.55	2.6	2.4	2.9	3.5	3.9	3.1	3.6	2.8	3.7	1.9	1.6	1.9	2.8	0.2	0.2	4.1	0	3.1	0	2.8	1.1	0	0
E4.5	E45_Hypoblast	Hypoblast	5.23	0.24	3	2.4	1	2.3	2.8	2.6	3.1	3.1	4.1	2.1	3.2	2.4	1.7	2.8	1.3	4.6	0	0	0	2.4	2.3	0	0
E4.5	E45_Hypoblast	Hypoblast	5.28	1.09	3.3	2.8	2.2	4.2	2.4	3.4	3.7	2.7	4	2.6	2	2.2	2.7	0	1	4.1	0	3.1	1	2.4	0	0	0
E4.5	E45_Epiblast	Epiblast	16.77	-25.79	0	0	0	0	0	0	0	0	1.9	0	0	0	0	0	0	4.5	2.8	4	3.2	3.6	1.1	0	1.4
E4.5	E45_Hypoblast	Hypoblast	4.4	1.56	3.9	3.4	2.7	3.6	3.2	3.6	3.4	2	3.8	1.8	1.7	2.5	3.1	1	0.4	3.8	0	0.7	0	1.6	0	0	0
E4.5	E45_Hypoblast	Hypoblast	3.63	0.16	3.6	2.4	0	4.1	3.4	2.9	2.8	2.2	4.1	0.3	3	2.3	2.6	0.5	2.8	4.6	0	1	0	1.7	0	0	0
E4.5	E45_Epiblast	Epiblast	15.52	-24.23	0	0	0	0	0	0	0	0	2.1	0	0	0	0.7	0	0	4.9	1	3.3	2.1	2.6	1.9	0	3.1
E4.5	E45_Hypoblast	Hypoblast	6.25	0.49	3.6	3.7	4.4	3.7	3.1	3.6	3.7	3.6	3.6	2.6	3.1	2.5	3	0.7	0	4.6	0	0	0	2.6	0	1.1	0
E4.5	E45_Hypoblast	Hypoblast	5.38	1.38	3.1	3.4	0.7	3.7	2.6	2.2	3.5	3	4.2	1	3.1	1.8	2.1	1.9	1.9	3.9	0	2.5	0	1.6	1.8	0	0
E4.5	E45_Hypoblast	Hypoblast	5.36	-0.63	2.3	3.7	0	3.1	2.9	4.3	2.9	3.4	3.6	3.3	3.3	3	1.7	2.8	1.8	4	0.7	2.7	0	2.1	0.6	0	0
E4.5	E45_Hypoblast	Hypoblast	4.91	0.95	4	3	2.8	3.6	2.6	2.8	3.2	3.7	4.4	3.7	2.9	2.2	2.1	0	1.3	4.2	0	1.6	0	1.8	0	0.3	1
E4.5	E45_Hypoblast	Hypoblast	5.83	2.58	2.6	1.9	2.1	1.7	2.4	3.1	3.8	3.6	4.2	3.9	3.1	2.2	2	3.1	1.7	2.5	0	3.6	0	0	2.1	0	0
E4.5	E45_Hypoblast	Hypoblast	6.82	0.65	2.8	2.6	3.7	3.4	3.1	3.7	4.3	3.7	4	1	0.9	2.4	0.5	2.2	0.7	4.3	0	0.8	1	2.7	0.7	0	0
E4.5	E45_Epiblast	Epiblast	17.03	-25.17	0	0	0	1	0.1	0	0	2.2	3.4	0	0	0	0	0	0	4.9	2.5	3.8	3.5	2.8	4	2.1	1.7
E4.5	E45_Hypoblast	Hypoblast	5.03	1.06	2.5	2.8	0	3.1	5	2.7	3.5	0.7	4.2	0	3.1	0.2	1.2	2.2	0	2.5	0	1.3	0	0	0	0.1	0
E4.5	E45_Hypoblast	Hypoblast	6.4	2.16	2.3	3.5	1.3	3.8	3.3	1.9	3.7	3.7	4.3	1.5	1.7	3.3	2.5	1.6	0	0.2	0	2.7	0	0.1	0	0	0
E4.5	E45_Epiblast	Epiblast	16.74	-25.24	1.4	0	1.2	2.3	2.4	0.7	0.1	0.7	3.3	0	0	0	0	0	0	5.2	2.4	4.2	3.3	3.5	3.4	3	2.9
E4.5	E45_Epiblast	Epiblast	3.32	1.06	2.8	3.6	1.1	3.3	3.7	2.9	2.6	1.9	2.6	2.4	1.8	0.8	1.5	1.7	0	5	1.4	3.1	1.7	2.9	2.4	1.5	2
E4.5	E45_Hypoblast	Hypoblast	4.15	1.32	1	1.5	0	3	4.1	3.6	3	0	4	2.3	3.8	1.3	0.1	0	1	4.2	0	1.5	0	1.3	0.2	0	0
E4.5	E45_Hypoblast	Hypoblast	5.09	1.22	2.3	1.4	1.9	2.2	3.9	1.6	3.7	0	3.5	2.1	2.8	1.2	1.3	1.2	0.5	4.4	0	2.7	0	2.3	0	0	0
E4.5	E45_Hypoblast	Hypoblast	5.66	2.23	2.3	2.5	2.2	3.5	3.9	3.2	3	3.4	3.6	1.8	3	2.9	1	2	1.9	2.2	0	1.8	0	2	0	0	0
E4.5	E45_Hypoblast	Hypoblast	4.78	2.45	3	3.9	0	2.2	3.9	2.8	1.4	3.2	3.1	3.2	2.8	1.7	3.4	2.5	1.6	2.7	0	3.5	2.9	2.2	0.4	0.7	0
E4.5	E45_Hypoblast	Hypoblast	3.8	1.7	3.6	2.3	0	2.5	4.1	2.2	2.5	1.5	2.9	0	3.4	0	1	3.2	0	3.4	0.1	2.1	0	0	0	0	0
E4.5	E45_Epiblast	Epiblast	15.17	-25.12	0	0	0	0	0	0	0	0	3.1	0	0	0	0	0.5	0	5.4	2.8	3.7	2	2.6	3.1	1.6	1.3
E4.5	E45_Hypoblast	Hypoblast	4.55	1.96	2.5	3.9	0	4	3.9	3.1	3.9	2.6	3.1	3.4	0	1.8	2	1.8	0.9	3.1	0	3.1	0	1.3	0	0	0
E4.5	E45_Epiblast	Epiblast	16.42	-25.11	0	0	0	0	0	0.3	0	0	0	0	0	0	0	0	0	4.5	2	4.3	3.1	2.1	0.6	2.4	0
E4.5	E45_Hypoblast	Hypoblast	4.64	1.86	3.7	3.1	2.6	3.7	3.1	2.7	3.4	2.7	3.2	3	1.3	0	2.4	2.1	1	3.4	1.3	2.1	0	1.5	0.2	0	0
E4.5	E45_Epiblast	Epiblast	15.11	-24.52	0	0	0	0	0	0	0.2	0	0	0	0	0.5	0	0	0	5.4	0.1	2.4	2.2	3.3	2.3	0	2.2
E4.5	E45_Epiblast	Epiblast	15.47	-23.69	2	0.2	2.2	1.3	0.8	1.3	2.4	2.3	3.5	0.8	0.1	0	1.5	0	0	4.5	4	4	2	2.3	2.4	3.1	2.5
E4.5	E45_Epiblast	Epiblast	16.48	-24.85	0.3	0	0	1.4	0	0	0	0	1.1	0	0	1.7	0	0	0	4.5	2.6	4.2	2.2	4	2.3	3.2	1.8
E4.5	E45_Hypoblast	Hypoblast	4.74	0.46	2.8	4.1	2.3	3.6	4.1	3.8	3.4	2.4	2.9	2.8	1.6	3	2.3	0.6	2.4	4.2	0	3	0	2.2	0	0	0
E4.5	E45_Hypoblast	Hypoblast	4.38	0.33	2.9	2.6	2.2	3.8	3.6	3.2	3.8	3	3.8	2.5	3	3.1	2.8	1.3	2.2	4.6	0	3.4	0	2.6	0	0	0
E4.5	E45_Hypoblast	Hypoblast	3.78	0.67	3.2	2.9	3.1	3.4	2.2	3.1	1.6	2.9	3.9	0	1.4	1.6	0.5	2.1	1.5	4.3	0	1.3	1.5	0.9	0	0	0
E4.5	E45_Hypoblast	Hypoblast	5.32	2.48	3.5	3.4	1.6	1.9	2.8	1.8	2.2	2.8	3.9	1	4	2.1	2.2	1.9	1	2.4	0	3.1	0	0	0	0	0
E4.5	E45_Epiblast	Epiblast	15.68	-25.68	0	0	0	0	0	0	0	0	1.9	0.1	0	0	0	0.8	0	5.2	3.1	4.3	2.7	3	2.8	1.8	3.2
E4.5	E45_Hypoblast	Hypoblast	5.68	0.02	3.3	3.1	2.3	2.1	2.6	3.8	4.1	3.2	3.4	2.3	2.2	2.2	3.1	1.3	2.7	4.7	0	1.3	0	3.2	0	0	0
E4.5	E45_Hypoblast	Hypoblast	4.03	0.8	3.3	2.1	3.6	2.4	3.3	1.8	2.9	3	3.2	1.2	0	2.2	2.8	1.7	1.3	3.1	0.1	3.3	0	2.5	0	0.2	0
E4.5	E45_Hypoblast	Hypoblast	4.48	1.1	3.5	3.7	0	1.9	2.3	3.1	3.6	2.2	3	2.3	2.9	2.5	0.2	2.3	0.2	4	0	2.9	0	0.4	0.3	0.3	0
E4.5	E45_Hypoblast	Hypoblast	6.12	2.72	1.6	1.8	0.9	4.1	3.8	2.9	2.6	3	3.9	3.5	1.4	2.8	2	2.2	1.8	2.4	0	1.1	0	0	0	0	0
E4.5	E45_Hypoblast	Hypoblast	5.05	2.25	2.4	3.4	0.4	0.1	2.6	2.6	3.1	2.9	4.4	1.6	2.8	2.3	1.6	0.9	1.1	2.7	0	1.9	0	2.4	0	0	0
E4.5	E45_Hypoblast	Hypoblast	5.93	0.83	3.1	3.8	3.1	2.3	3.2	2.8	3.6	3.6	4.3	1.2	2.9	3	0.8	1.9	0	3.4	0	2.3	0	2.8	2.9	0	2.7
E4.5	E45_Epiblast	Epiblast	16.46	-25.77	0	0	0	0	0	0	0	1.2	3.3	0	0	0	0.2	0	0	4.3	2.8	3.6	2.4	2.7	3	1.3	2.6
E4.5	E45_Epiblast	Epiblast	16.23	-25.69	0	0	0	0.1	0	0.8	0.4	0.3	2.4	0	0	0	0	0.3	0	5.2	2.7	4.1	2.6	4.3	3.3	2.5	2.8
E4.5	E45_Hypoblast	Hypoblast	5.68	1.66	3.1	1.1	3	2.4	4.3	2.6	0.5	3.5	3.7	0	3.4	0.2	1.2	1.9	0	3.6	0	1.3	0	2.1	0	0	0
E4.5	E45_Epiblast	Epiblast	15.63	-24.59	1.6	2.6	0	1.7	1.5	1	2.9	0.8	3.8	2.4	0	1.6	0	0.9	0.9	4.8	0	3.9	2.6	3.2	2.9	0	0.2
E4.5	E45_Hypoblast	Hypoblast	6.15	1.99	3.4	3	3.5	2.1	3	2.7	3.5	2	2.2	2.4	2	2.7	2.4	1.9	1.7	2.9	0	1.9	0.3	1.7	0.8	0	0
