day	Anno	celltype	UMAP_1	UMAP_2	Gata6	Hand1	Lefty2	Lhx1	Mesp1	Mesp2	Sp5
E6.5	E65_Primitive_Streak	Primitive_Streak	5.9	-0.79	1.5	0.7	2.5	2.1	4.1	2.2	2.3
E6.5	E65_Primitive_Streak	Primitive_Streak	5.96	-1.11	1.8	0.3	1.4	2.2	4.2	1.2	2.8
E6.5	E65_Primitive_Streak	Primitive_Streak	-3.43	1.45	0.9	0.1	3.3	2.2	4.9	3.1	3.8
E6.5	E65_Primitive_Streak	Primitive_Streak	5.94	-0.79	0.7	0	1.9	2.4	4.3	2.3	2.6
E6.5	E65_Primitive_Streak	Primitive_Streak	5.75	-0.21	0.6	0.6	3.2	0.3	2.3	0.8	1.5
E6.5	E65_Primitive_Streak	Primitive_Streak	4.35	-1.61	0	0	0	0.2	0.2	0.2	0.2
E6.5	E65_Primitive_Streak	Primitive_Streak	5.74	-0.57	0	0.7	1.3	1	0.7	0	0
E6.5	E65_Primitive_Streak	Primitive_Streak	5.96	-0.58	0.6	0	3	2	1.6	0	3
E6.5	E65_Primitive_Streak	Primitive_Streak	6.22	-0.84	1.7	1	1.1	0.9	2.9	0	2.9
E6.5	E65_Primitive_Streak	Primitive_Streak	5.48	0.12	0	0	0.7	0.5	2.2	1.8	0.3
E6.5	E65_Primitive_Streak	Primitive_Streak	4.85	-0.54	0	0	1.8	0.9	0	0	1.1
E6.5	E65_Primitive_Streak	Primitive_Streak	5.2	-0.74	0	0	1.8	0	1.1	0.1	0.1
E6.5	E65_Primitive_Streak	Primitive_Streak	4.05	2.41	0.5	0	0.7	0	0	0	0.5
E6.5	E65_Primitive_Streak	Primitive_Streak	4.59	1.88	0.1	0	1.7	0	0	0	0.6
E6.5	E65_Primitive_Streak	Primitive_Streak	4.94	1.74	0.3	0	1.4	0.2	0	0	0
E6.5	E65_Primitive_Streak	Primitive_Streak	3.52	2.85	0.1	0	2.2	0.6	0.3	0	1.2
E6.5	E65_Primitive_Streak	Primitive_Streak	4.5	-0.83	0.8	0	0	0	0	0	0
E6.5	E65_Primitive_Streak	Primitive_Streak	4.26	-0.8	0	0	2.2	0	0	0	0
E6.5	E65_Primitive_Streak	Primitive_Streak	4.46	-0.37	0	1.6	1.5	0.1	0	0	0
E6.5	E65_Primitive_Streak	Primitive_Streak	4.59	-0.27	0.3	0	1.3	0	0	0	0
E6.5	E65_Primitive_Streak	Primitive_Streak	3.73	-1.05	0	0	2.2	0	0	0	0
E6.5	E65_Primitive_Streak	Primitive_Streak	4.57	-0.67	0	1.9	2	0	0.1	0	0
E6.5	E65_Primitive_Streak	Primitive_Streak	5.31	-1.09	0.4	0	0	1.2	0	0	0
E6.5	E65_Primitive_Streak	Primitive_Streak	4.95	-0.89	0.2	1.6	1	1	1.8	1.2	1.6
E6.5	E65_Primitive_Streak	Primitive_Streak	5.34	0.69	0.2	2.7	0	2.1	0	0	0
E6.5	E65_Primitive_Streak	Primitive_Streak	5.4	0.17	1.2	0	0	0.2	0	0	0
E6.5	E65_Primitive_Streak	Primitive_Streak	5.48	0.29	0.7	1.6	1.8	2.4	0	0	0
E6.5	E65_Primitive_Streak	Primitive_Streak	-3.7	2.4	2.1	1.6	4.8	2.8	4.8	3.7	3.9
E6.5	E65_Primitive_Streak	Primitive_Streak	3.65	-2.42	0	0	0.9	0.9	2.1	0	3
E6.5	E65_Primitive_Streak	Primitive_Streak	3.06	-1.13	0.3	0.1	1.2	3.5	1.1	0	4.1
E6.5	E65_Primitive_Streak	Primitive_Streak	-3.98	2.52	2.1	0	5.6	4.5	4.8	5	3.5
E6.5	E65_Primitive_Streak	Primitive_Streak	-1.1	1.3	1.6	0	2.7	1.5	3.4	1.3	3.3
E6.5	E65_Primitive_Streak	Primitive_Streak	3.66	-0.58	0	0.9	1	0	0	0.5	0.1
E6.5	E65_Primitive_Streak	Primitive_Streak	2.95	-1.67	0	0.1	0	0.1	0	0	3
E6.5	E65_Primitive_Streak	Primitive_Streak	-3.86	2.26	2.7	0.1	3.6	3.9	4.2	3.2	2.9
E6.5	E65_Primitive_Streak	Primitive_Streak	-2.02	1.6	1.4	0	0	2.6	3.9	2.6	4.1
E6.5	E65_Primitive_Streak	Primitive_Streak	-3.31	2.43	0.7	0	3.3	3.5	4.3	3.4	3.1
E6.5	E65_Primitive_Streak	Primitive_Streak	-3.55	2.11	1.3	0	5.1	2.7	4.2	3.8	4.1
E6.5	E65_Primitive_Streak	Primitive_Streak	-2.23	1.69	0	0.1	3.7	0.2	4.4	1.9	3.5
E6.5	E65_Primitive_Streak	Primitive_Streak	-3.43	-2.14	0.8	4.2	4.2	3.3	4.4	0.8	2.2
E6.5	E65_Primitive_Streak	Primitive_Streak	-3.82	-1.8	1.5	4.6	3.8	2.4	4.9	1.3	1.4
E6.5	E65_Primitive_Streak	Primitive_Streak	0.24	-0.13	0	1.9	0.9	0	0	0	0
E6.5	E65_Primitive_Streak	Primitive_Streak	-0.53	-3.19	0.9	1.9	0.5	0	1.3	0.9	1.7
E6.5	E65_Primitive_Streak	Primitive_Streak	-0.28	-1.02	0.1	1.9	0.8	0	0	0	0
E6.5	E65_Primitive_Streak	Primitive_Streak	-0.48	-2.71	0.3	1	0.3	0	0	0	0
E6.5	E65_Primitive_Streak	Primitive_Streak	-0.11	-3.69	0	0.9	1.9	0	0	0	0
E6.5	E65_Primitive_Streak	Primitive_Streak	0	-3.67	0	0.2	0	0	0.1	0	2.6
E6.5	E65_Primitive_Streak	Primitive_Streak	0.23	-0.45	0	1.5	0	0.1	1.3	0	0
E6.5	E65_Primitive_Streak	Primitive_Streak	-0.58	-3.37	0	1.9	0	0.1	2.3	0.4	1.5
E6.5	E65_Primitive_Streak	Primitive_Streak	-0.38	-3.62	0.8	2.2	1	0.6	0.7	0	1.1
E6.5	E65_Primitive_Streak	Primitive_Streak	4.87	1.36	0	0	0	0	0	0.7	0
E6.5	E65_Primitive_Streak	Primitive_Streak	4.72	1.54	0	0	0.3	0	0	0	0
E6.5	E65_Primitive_Streak	Primitive_Streak	5.19	0.78	0.7	0	0.1	2	0	0	0
E6.5	E65_Primitive_Streak	Primitive_Streak	4.72	1.48	1.7	0	0	0.3	0	0	0
E6.5	E65_Primitive_Streak	Primitive_Streak	-4.65	1.3	1.5	0	4.1	3.3	4.6	4.7	3.3
E6.5	E65_Primitive_Streak	Primitive_Streak	3.58	0.96	0.3	0.5	0	0.5	0.3	0	0
E6.5	E65_Primitive_Streak	Primitive_Streak	-5.04	1.29	1	0	4.9	4.5	4.3	4	4.1
E6.5	E65_Primitive_Streak	Primitive_Streak	-3.76	-2.25	0.3	4.2	2.8	1.8	4.6	1.3	1.7
E6.5	E65_Primitive_Streak	Primitive_Streak	3.57	-0.19	0	0	0.1	0	0	0	2.8
E6.5	E65_Primitive_Streak	Primitive_Streak	-4.23	0.99	1.2	0.7	4.2	3.6	3.9	2	3.4
E6.5	E65_Primitive_Streak	Primitive_Streak	-4.73	0.27	2.8	2	3.8	3.6	4.6	4.1	3.9
E6.5	E65_Primitive_Streak	Primitive_Streak	-6.22	-1.74	2.3	1.6	5	3.7	2.9	0.8	3.2
E6.5	E65_Primitive_Streak	Primitive_Streak	-5.59	-2.62	1.2	3.8	2	3.7	3.6	1	2.8
E6.5	E65_Primitive_Streak	Primitive_Streak	-4.82	-3.64	0.1	4.3	0.7	1.8	1.9	0.1	2.3
E6.5	E65_Primitive_Streak	Primitive_Streak	-4.08	-1.9	2.1	3.8	3.9	2	4.4	0.5	2.2
E6.5	E65_Primitive_Streak	Primitive_Streak	-6.41	-4.33	1.2	0	0	1	0	0.7	0
E6.5	E65_Primitive_Streak	Primitive_Streak	-5.04	1.35	1.6	0	5.1	3.4	4.7	3.9	3.8
E6.5	E65_Primitive_Streak	Primitive_Streak	-5.26	-0.57	1.9	0.8	5.5	3.2	2.7	1.2	3.2
E6.5	E65_Primitive_Streak	Primitive_Streak	-4.72	-0.78	3	0.9	5	2.9	3.8	3.3	3.6
E6.5	E65_Primitive_Streak	Primitive_Streak	-5.09	1.81	1.4	1.1	4.4	3.7	4.3	3.5	3.8
E6.5	E65_Primitive_Streak	Primitive_Streak	-5.35	0.13	2.7	0	4.8	3.3	3.7	2	4.1
E6.5	E65_Primitive_Streak	Primitive_Streak	5.51	-2.52	2.6	0	0.3	3.4	0.5	0	4.1
E6.5	E65_Primitive_Streak	Primitive_Streak	0.45	-4	1.7	0	5.3	3.6	3.7	3	3.1
E6.5	E65_Primitive_Streak	Primitive_Streak	-5.42	-2	2.5	2.7	4	3.7	3.7	0	3.5
E6.5	E65_Primitive_Streak	Primitive_Streak	-4.19	-0.55	1.2	3.2	4.7	2.9	4.4	3	3.2
E6.5	E65_Primitive_Streak	Primitive_Streak	-4.84	1.72	2.9	0	5.6	4.3	4.3	3.5	3.4
E6.5	E65_Primitive_Streak	Primitive_Streak	-5.43	1.33	2.1	0	5	4	4	2.9	3.7
E6.5	E65_Primitive_Streak	Primitive_Streak	2.01	1.55	0	0	0	0.1	1.6	0.1	3.6
E6.5	E65_Primitive_Streak	Primitive_Streak	-5.23	1.58	2.7	0	5.9	3.9	4.1	3.3	4
E6.5	E65_Primitive_Streak	Primitive_Streak	-5.6	0.66	1.7	0	5.1	3.7	3.9	3.6	3.7
E6.5	E65_Primitive_Streak	Primitive_Streak	-5.18	-3.31	1.4	3.2	1.2	1.8	1.1	0	1.8
E6.5	E65_Primitive_Streak	Primitive_Streak	3.55	0.63	0	0	0.6	0.3	2.1	1	1.9
E6.5	E65_Primitive_Streak	Primitive_Streak	-4.44	0.46	0	0	2	4	4.9	4.5	3.8
E6.5	E65_Primitive_Streak	Primitive_Streak	-5.84	-2.94	1.9	3.9	4	3	2.7	1.5	0.8
E6.5	E65_Primitive_Streak	Primitive_Streak	-5.49	-2.3	2.4	2.9	4.3	2.9	3	0	3.3
E6.5	E65_Primitive_Streak	Primitive_Streak	-6.47	-1.56	2.3	4.7	2.5	4.6	4.1	3.1	0
E6.5	E65_Primitive_Streak	Primitive_Streak	-6.31	-1.89	1	2.8	3.2	4.2	3.9	2.8	2.9
E6.5	E65_Primitive_Streak	Primitive_Streak	-4.86	-3.7	1.6	4.2	0	1.6	3.8	0.9	1.9
E6.5	E65_Primitive_Streak	Primitive_Streak	1.94	0.93	0	0.1	0	0.1	2	0	3.6
E6.5	E65_Primitive_Streak	Primitive_Streak	-4.97	-2.9	1.2	3.6	2.6	3.2	3.8	0	3.1
E6.5	E65_Primitive_Streak	Primitive_Streak	-6.63	-1.83	3.1	3.1	3.7	4.3	4.1	2.8	3.4
E6.5	E65_Primitive_Streak	Primitive_Streak	-5.63	-0.97	1	2.9	5.6	4	4.6	2	3.8
E6.5	E65_Primitive_Streak	Primitive_Streak	-5.44	-2.74	3.4	3.6	2	4	4	1.5	3
E6.5	E65_Primitive_Streak	Primitive_Streak	-5.99	-3.42	2	0	0	3.9	2.8	0	1.8
E6.5	E65_Primitive_Streak	Primitive_Streak	-0.64	1.62	0.7	0.1	0.1	1.4	0.1	0	0
E6.5	E65_Primitive_Streak	Primitive_Streak	3.58	0.17	0	0.8	0.2	1	0.7	0	0.8
E6.5	E65_Primitive_Streak	Primitive_Streak	3.84	-0.4	0	0	0.3	0.1	0	0	0
E6.5	E65_Primitive_Streak	Primitive_Streak	-5.77	0.14	3.2	0	5.7	3.8	4.3	2	3.6
E6.5	E65_Primitive_Streak	Primitive_Streak	-4.28	-1.63	0.8	3.6	3.9	2.9	3.2	0.8	3
E6.5	E65_Primitive_Streak	Primitive_Streak	-4.7	1.22	1.4	0	5.5	3.9	4.7	3.2	3.5
E6.5	E65_Primitive_Streak	Primitive_Streak	-4.17	0.99	2.7	1.2	4.6	3.4	5.1	3.9	3.8
E6.5	E65_Primitive_Streak	Primitive_Streak	-4.65	-1.84	3	3.4	3.4	3.1	3	0	2.7
E6.5	E65_Primitive_Streak	Primitive_Streak	-0.61	-1.07	0.2	0	3.5	1.3	3.9	1.4	3.7
E6.5	E65_Primitive_Streak	Primitive_Streak	-5.43	-3.17	2.4	4.5	0.2	3.3	4.5	1.1	0.6
E6.5	E65_Primitive_Streak	Primitive_Streak	0.15	-1.61	0	0	0	3.3	3.6	3.3	3
E6.5	E65_Primitive_Streak	Primitive_Streak	-5.09	0.22	3	1	5.1	3.5	4.7	3	3.5
E6.5	E65_Primitive_Streak	Primitive_Streak	-4.3	-2.56	2.9	1.3	2.3	2.1	3.1	0	3
E6.5	E65_Primitive_Streak	Primitive_Streak	0.68	-2.55	2.4	0	2	3.9	4.1	3.3	3.6
E6.5	E65_Primitive_Streak	Primitive_Streak	-6.53	-1.35	2.8	3	3.6	4.6	2.3	1	1.2
E6.5	E65_Primitive_Streak	Primitive_Streak	-4.3	-1.37	2.4	3	3.1	2.4	4.7	0	3.4
E6.5	E65_Primitive_Streak	Primitive_Streak	-1.49	1.78	2.1	0	0	3.6	4.3	1	3.6
E6.5	E65_Primitive_Streak	Primitive_Streak	-4.32	1.5	3	0	4.5	3.9	5	3.6	3
E6.5	E65_Primitive_Streak	Primitive_Streak	-4.67	1.64	2.7	0	3.3	3.9	4.9	3.6	3.4
E6.5	E65_Primitive_Streak	Primitive_Streak	-4.02	-4.06	2	5.2	0	0	0	0	0.7
E6.5	E65_Primitive_Streak	Primitive_Streak	-4.17	-4.04	1.8	5	0	0.4	1	0	1.6
E6.5	E65_Primitive_Streak	Primitive_Streak	-3.86	-0.14	2	2.4	2.3	3	4.3	1.5	3.1
E6.5	E65_Primitive_Streak	Primitive_Streak	-5.66	-2.93	1.7	5.1	1.9	3.4	2.8	0.1	0
E6.5	E65_Primitive_Streak	Primitive_Streak	-5.55	-3.56	1.7	2	2.8	3.8	3.5	0	3.4
E6.5	E65_Primitive_Streak	Primitive_Streak	-6.52	-4.36	1.3	1.8	0	1.9	0	0.1	0
E6.5	E65_Primitive_Streak	Primitive_Streak	-6.5	-4.42	1	0.1	0	0	0	0	1.3
E6.5	E65_Primitive_Streak	Primitive_Streak	-5.47	-3.31	1.4	3.6	0	1.3	3.8	0	2.5
E6.5	E65_Primitive_Streak	Primitive_Streak	-6.04	-2.8	2.5	1.6	2.6	3.5	1.9	0	2.9
E6.5	E65_Primitive_Streak	Primitive_Streak	-4.83	-3.2	1.7	4.7	1	2	4.3	1.3	1.1
E6.5	E65_Primitive_Streak	Primitive_Streak	-4.31	-3.77	1.2	4.8	1.2	1.2	2.8	0	1.5
E6.5	E65_Primitive_Streak	Primitive_Streak	-5.94	-3.95	2.1	3.3	5.2	2.6	3	0	0
E6.5	E65_Primitive_Streak	Primitive_Streak	-4.69	-4.34	1	4.5	1.4	0	0.2	0	1.4
E6.5	E65_Primitive_Streak	Primitive_Streak	-4.03	0.56	2.2	1.6	3.9	3.4	4.5	3.2	2.7
E6.5	E65_Primitive_Streak	Primitive_Streak	-3.59	-1.61	2.3	3.7	1.3	3.3	4.9	2.6	1.4
E6.5	E65_Primitive_Streak	Primitive_Streak	-3.83	-1.7	1.6	2.2	2.5	3.1	4.3	1.3	3.1
E6.5	E65_Primitive_Streak	Primitive_Streak	-3.36	-1.22	1.1	3.5	1.5	2.8	4.4	1.7	2
E6.5	E65_Primitive_Streak	Primitive_Streak	-6.09	-4.19	1.3	1.6	0.8	0.4	1.6	0	2.2
E6.5	E65_Primitive_Streak	Primitive_Streak	5.31	-0.35	0.9	0	1.2	2.4	0	0	1
E6.5	E65_Primitive_Streak	Primitive_Streak	5.7	-1.32	0.3	0	0.7	2.4	0	0	1
E6.5	E65_Primitive_Streak	Primitive_Streak	3.16	3.42	0.1	0	1.2	0.3	0	0	1.4
E6.5	E65_Primitive_Streak	Primitive_Streak	3.51	4.03	0	0	3.6	0.3	0	0	0
E6.5	E65_Primitive_Streak	Primitive_Streak	4.15	3.26	0	0	1.6	0	0	0	0
E6.5	E65_Primitive_Streak	Primitive_Streak	3.64	3.42	0	0	2.1	0	0	0	0
E6.5	E65_Primitive_Streak	Primitive_Streak	1.67	3.19	2.2	0.4	0	1	0	0	2.2
E6.5	E65_Primitive_Streak	Primitive_Streak	2.23	1.17	0	0	1.2	0	0	0	0.7
E6.5	E65_Primitive_Streak	Primitive_Streak	4.12	3.72	0	0	0	0.3	0	0	0
E6.5	E65_Primitive_Streak	Primitive_Streak	2.69	2.76	0.4	0	0	0.8	0	0	0
E6.5	E65_Primitive_Streak	Primitive_Streak	1.08	2.57	0	1.1	0.7	0	0	0.1	2.7
E6.5	E65_Primitive_Streak	Primitive_Streak	3.99	3.88	0	0	0	0.1	0	0	0
E6.5	E65_Primitive_Streak	Primitive_Streak	3.87	3.67	0	0	3.1	0	0	0	0
E6.5	E65_Primitive_Streak	Primitive_Streak	3.56	4.14	0.8	0	1.2	0	0	0	1.9
E6.5	E65_Primitive_Streak	Primitive_Streak	2.42	3.91	0	0	0	0.3	1.6	1	2.6
E6.5	E65_Primitive_Streak	Primitive_Streak	3.51	-2.35	0	0	0	0.1	0	0	0.1
E6.5	E65_Primitive_Streak	Primitive_Streak	4.21	3.86	0	0	0	0	0	0	0
E6.5	E65_Primitive_Streak	Primitive_Streak	1.88	3.52	0.6	0	3.2	1.2	0	0	1.5
E6.5	E65_Primitive_Streak	Primitive_Streak	3.68	4.1	0	0	1.2	0	0	0	0.3
E6.5	E65_Primitive_Streak	Primitive_Streak	2.38	3.27	0	0	1.1	0	0	0	0.8
E6.5	E65_Primitive_Streak	Primitive_Streak	3.92	3.12	0	0	0.2	0	0	0	0.7
E6.5	E65_Primitive_Streak	Primitive_Streak	3.43	2.67	0	0	1.9	0.1	0	0	0
E6.5	E65_Primitive_Streak	Primitive_Streak	3.19	1.13	0	0	2	1.1	0	0	0
E6.5	E65_Primitive_Streak	Primitive_Streak	-0.18	-3.18	0	0	0.9	0	0.5	0	0
E6.5	E65_Primitive_Streak	Primitive_Streak	-4.07	1.79	2.3	0	5.5	4.3	4.4	3.6	3.4
E6.5	E65_Primitive_Streak	Primitive_Streak	3.17	2.55	0	0.6	4.1	0	0.6	0	2.5
E6.5	E65_Primitive_Streak	Primitive_Streak	-3.63	2.27	2	0	3.1	3.5	4.7	4	2.7
E6.5	E65_Primitive_Streak	Primitive_Streak	-4.15	1.29	2.6	0.9	6.1	3.7	4.5	3.4	3.6
E6.5	E65_Primitive_Streak	Primitive_Streak	4.23	1.47	0	0	1.2	0	0	0	0
E6.5	E65_Primitive_Streak	Primitive_Streak	2.34	-3.15	0.8	0	2.2	1	2.2	0	3.1
E6.5	E65_Primitive_Streak	Primitive_Streak	-2.13	0.26	1.3	0	3.8	2.3	3.9	3.2	3.2
E6.5	E65_Primitive_Streak	Primitive_Streak	3.81	-0.5	0	1.4	0.8	0	0	0	2.2
E6.5	E65_Primitive_Streak	Primitive_Streak	2.74	0.29	0.5	0	0	0.3	0.7	0	2.9
E6.5	E65_Primitive_Streak	Primitive_Streak	3.85	0.95	0	0	3	0	0	0	0
E6.5	E65_Primitive_Streak	Primitive_Streak	-0.56	-3.43	0	2.1	0	0	1.2	0	2.1
E6.5	E65_Primitive_Streak	Primitive_Streak	0.99	-0.59	0	1.2	1.6	0	0	1.1	0
E6.5	E65_Primitive_Streak	Primitive_Streak	2.5	-3.25	0	0	0	0	0	0	1.9
E6.5	E65_Primitive_Streak	Primitive_Streak	-3.65	2.33	1.7	0	5.9	3.3	3.8	4	3.6
E6.5	E65_Primitive_Streak	Primitive_Streak	1.2	0.22	0	0.9	1.3	0	0.1	0	0
E6.5	E65_Primitive_Streak	Primitive_Streak	-1.23	-1.63	0	1.6	0	0	0	0	0
E6.5	E65_Primitive_Streak	Primitive_Streak	1.61	-3.66	0	1.1	0.2	0	1.8	0	2.1
E6.5	E65_Primitive_Streak	Primitive_Streak	5.19	-1.65	0	0	1.9	0	0	0	2.2
E6.5	E65_Primitive_Streak	Primitive_Streak	-1.38	-1.87	2.2	0.1	1.6	1.6	4.3	1.8	1.4
E6.5	E65_Primitive_Streak	Primitive_Streak	0.33	-3.08	0	0	2.2	0.9	4.5	2.5	3.5
E6.5	E65_Primitive_Streak	Primitive_Streak	-3.89	1.83	1.7	0.1	5.4	4.2	4	2.3	3.8
E6.5	E65_Primitive_Streak	Primitive_Streak	3.74	0.35	0	0.1	2.2	0	0	0	0
E6.5	E65_Primitive_Streak	Primitive_Streak	3.29	0.16	0	0	0	0	0	0	0.9
E6.5	E65_Primitive_Streak	Primitive_Streak	1.26	-3.7	0.1	1.5	3.8	1.2	3.4	2.8	2.6
E6.5	E65_Primitive_Streak	Primitive_Streak	0.38	-0.89	0	0	2.1	0	0	0	0
E6.5	E65_Primitive_Streak	Primitive_Streak	5.41	-1.31	1.9	0	5.3	3.7	3.6	1.7	3.3
E6.5	E65_Primitive_Streak	Primitive_Streak	3.5	-1.94	0	0	0	0	0	0	0
E6.5	E65_Primitive_Streak	Primitive_Streak	4.93	-1.23	0	0	0	0	0	0	0
E6.5	E65_Primitive_Streak	Primitive_Streak	2.59	-2.52	0	0	0	0	0	0	0
E6.5	E65_Primitive_Streak	Primitive_Streak	-0.75	2.51	0	0	0	0	0	0	0
E6.5	E65_Primitive_Streak	Primitive_Streak	2.67	0.62	0	0	0	0	0	0	0
E6.5	E65_Primitive_Streak	Primitive_Streak	2.7	2	0	0	0	0	0	0	0
E6.5	E65_Primitive_Streak	Primitive_Streak	-1.87	1.22	0	0	0	0	0	0	0
E6.5	E65_Primitive_Streak	Primitive_Streak	1.16	-2.13	0	0	1.8	0	0	0	0
E6.5	E65_Primitive_Streak	Primitive_Streak	0.42	-2.88	0	0	2	0	0	0	0
E6.5	E65_Primitive_Streak	Primitive_Streak	-1.58	1.73	0	0	0	0	0	0	0
E6.5	E65_Primitive_Streak	Primitive_Streak	-2.12	-0.94	0	1.8	1.8	0	0	0	0
E6.5	E65_Primitive_Streak	Primitive_Streak	-1.66	-0.84	0	0	3	0	0	0	0
E6.5	E65_Primitive_Streak	Primitive_Streak	-0.99	-1.74	0	0	0	0	0	0	0
E6.5	E65_Primitive_Streak	Primitive_Streak	4.41	3.14	0	0	0	0	0	0	0
E6.5	E65_Primitive_Streak	Primitive_Streak	-4.14	-0.15	0	2.4	2.4	0	2.4	0	0
E6.5	E65_Primitive_Streak	Primitive_Streak	-4.09	-0.95	0	0	0	0	4.7	0	2.2
E6.5	E65_Primitive_Streak	Primitive_Streak	4.27	2.39	0	0	0	0	0	0	0
E6.5	E65_Primitive_Streak	Primitive_Streak	-0.85	0.81	0	0	0	0	0	0	0
E6.5	E65_Primitive_Streak	Primitive_Streak	2.01	0.98	0	0	0	0	0	0	0
E6.5	E65_Primitive_Streak	Primitive_Streak	2.07	-3.67	0	0	1.7	0	0	0	1.7
E6.5	E65_Primitive_Streak	Primitive_Streak	0.36	2.86	0	1.3	1.3	0	0	0	2.5
E6.5	E65_Primitive_Streak	Primitive_Streak	3.87	2.97	0	0	1.3	0	0	0	0
E6.5	E65_Primitive_Streak	Primitive_Streak	0.16	-1.34	0	0	0	0	0	0	0
E6.5	E65_Primitive_Streak	Primitive_Streak	1.89	-2.71	0	0	0	0	0	0	0
E6.5	E65_Primitive_Streak	Primitive_Streak	2.82	3.21	0	0	0	0	0	0	0
E6.5	E65_Primitive_Streak	Primitive_Streak	-4.35	-1.38	0	0	0	0	0	0	0
E6.5	E65_Primitive_Streak	Primitive_Streak	-5.05	0.08	0	0	0	2.2	0	0	0
E6.5	E65_Primitive_Streak	Primitive_Streak	2.29	3.39	0	0	0	0	0	0	1.8
E6.5	E65_Primitive_Streak	Primitive_Streak	-1.63	-0.59	0	0	0	0	0	0	0
E6.5	E65_Primitive_Streak	Primitive_Streak	-2.52	-2.33	0	0	0	0	2.1	2.1	0
E6.5	E65_Primitive_Streak	Primitive_Streak	3.82	-1.71	0	0	0	0	0	0	0
E6.5	E65_Primitive_Streak	Primitive_Streak	4.65	2.65	0	0	1.8	0	0	0	0
E6.5	E65_Primitive_Streak	Primitive_Streak	-1.03	3.21	0	0	0	0	0	0	0
E6.5	E65_Primitive_Streak	Primitive_Streak	1.9	1.86	0	0	0	0	0	0	0
E6.5	E65_Primitive_Streak	Primitive_Streak	3.72	2.05	0	0	0	0	0	0	0
E6.5	E65_Primitive_Streak	Primitive_Streak	1.17	-3.54	0	0	0	0	0	0	0
E6.5	E65_Primitive_Streak	Primitive_Streak	1.83	-2.86	0	0	0	0	0	0	0
E6.5	E65_Primitive_Streak	Primitive_Streak	2.78	-1.13	0	0	1.7	0	0	0	0
E6.5	E65_Primitive_Streak	Primitive_Streak	3.5	-2.8	0	0	0	0	2.1	0	0
E6.5	E65_Primitive_Streak	Primitive_Streak	-4.2	-2.97	0	0	0	0	0	0	0
E6.5	E65_Primitive_Streak	Primitive_Streak	1.2	-1.64	0	0	0	0	0	0	0
E6.5	E65_Primitive_Streak	Primitive_Streak	3.38	0.53	0	0	0	0	0	0	0
E6.5	E65_Primitive_Streak	Primitive_Streak	-1.48	0.62	0	0	0	0	0	1.6	0
E6.5	E65_Primitive_Streak	Primitive_Streak	-4.28	-1.89	0	0	0	0	0	0	0
E6.5	E65_Primitive_Streak	Primitive_Streak	-1.08	-1.84	0	0	0	0	0	0	0
E6.5	E65_Primitive_Streak	Primitive_Streak	-3.65	-0.78	0	0	1.7	0	0	0	0
E6.5	E65_Primitive_Streak	Primitive_Streak	-0.1	0.27	0	0	0	0	0	0	0
E6.5	E65_Primitive_Streak	Primitive_Streak	0.93	-3.34	0	0	0	0	0	0	0
E6.5	E65_Primitive_Streak	Primitive_Streak	0.38	2.77	0	0	1.7	0	0	0	0
E6.5	E65_Primitive_Streak	Primitive_Streak	-0.61	-0.72	0	0	0	0	0	0	0
E6.5	E65_Primitive_Streak	Primitive_Streak	-1.57	-2.16	0	0	0	0	0	0	0
E6.5	E65_Primitive_Streak	Primitive_Streak	-3.96	-0.37	2.5	0	0	2.5	2.5	0	0
E6.5	E65_Primitive_Streak	Primitive_Streak	2.65	-1.34	0	0	1.8	0	0	0	0
E6.5	E65_Primitive_Streak	Primitive_Streak	2.31	2.69	0	0	0	0	0	0	0
E6.5	E65_Primitive_Streak	Primitive_Streak	-2.82	-1.71	0	0	2	0	0	0	2
E6.5	E65_Primitive_Streak	Primitive_Streak	1.69	2.79	0	0	0	0	0	0	0
E6.5	E65_Primitive_Streak	Primitive_Streak	2.11	-2.99	0	0	0	0	0	0	0
E6.5	E65_Primitive_Streak	Primitive_Streak	3.97	-0.3	0	0	0	0	0	0	0
E6.5	E65_Primitive_Streak	Primitive_Streak	-0.68	-3.03	0	0	0	0	0	0	0
E6.5	E65_Primitive_Streak	Primitive_Streak	-2.81	-0.82	0	0	0	0	0	0	0
E6.5	E65_Primitive_Streak	Primitive_Streak	2.89	2.3	0	0	0	0	0	0	0
E6.5	E65_Primitive_Streak	Primitive_Streak	-3.58	-1.56	0	0	1.8	0	0	0	2.4
E6.5	E65_Primitive_Streak	Primitive_Streak	-4.71	-1.25	0	0	0	0	0	0	0
E6.5	E65_Primitive_Streak	Primitive_Streak	5.04	-0.92	0	0	0	0	0	0	0
E6.5	E65_Primitive_Streak	Primitive_Streak	3.2	0.12	0	0	1.7	0	0	0	0
E6.5	E65_Primitive_Streak	Primitive_Streak	3.14	-2.28	0	0	0	0	0	0	0
E6.5	E65_Primitive_Streak	Primitive_Streak	2.1	-3.52	0	0	0	0	0	0	0
E6.5	E65_Primitive_Streak	Primitive_Streak	-1.45	-0.18	0	0	0	0	0	0	0
E6.5	E65_Primitive_Streak	Primitive_Streak	-3.42	-1.36	0	0	0	0	0	0	2.2
E6.5	E65_Primitive_Streak	Primitive_Streak	-0.34	-2.4	0	0	0	0	0	0	0
E6.5	E65_Primitive_Streak	Primitive_Streak	3.53	-1.63	0	0	0	0	0	0	0
E6.5	E65_Primitive_Streak	Primitive_Streak	1.17	2.85	0	0	0	0	0	0	0
E6.5	E65_Primitive_Streak	Primitive_Streak	-1.08	-2.07	0	0	0	0	0	0	0
E6.5	E65_Primitive_Streak	Primitive_Streak	-3.51	-2.23	0	0	0	0	0	0	0
E6.5	E65_Primitive_Streak	Primitive_Streak	3.37	-1.81	0	0	0	0	0	0	0
E6.5	E65_Primitive_Streak	Primitive_Streak	-3.04	-0.72	0	0	0	0	0	0	0
E6.5	E65_Primitive_Streak	Primitive_Streak	3.72	1.99	0	0	1.8	0	0	0	0
E6.5	E65_Primitive_Streak	Primitive_Streak	-4.71	0.9	0	0	0	0	0	0	0
E6.5	E65_Primitive_Streak	Primitive_Streak	3.01	-3.02	0	0	0	0	0	0	0
E6.5	E65_Primitive_Streak	Primitive_Streak	2.05	2.33	0	0	0	0	0	0	0
E6.5	E65_Primitive_Streak	Primitive_Streak	3.68	1.17	0	0	0	0	0	0	0
E6.5	E65_Primitive_Streak	Primitive_Streak	-1.2	0.17	0	2.2	0	0	0	0	0
E6.5	E65_Primitive_Streak	Primitive_Streak	-1.03	-2.77	0	0	0	0	0	0	0
E6.5	E65_Primitive_Streak	Primitive_Streak	2.93	-3.57	0	0	0	0	0	0	0
E6.5	E65_Primitive_Streak	Primitive_Streak	-2.91	-1.93	0	0	0	0	0	2.6	0
E6.5	E65_Primitive_Streak	Primitive_Streak	-2.99	0.35	0	0	0	0	0	0	0
E6.5	E65_Primitive_Streak	Primitive_Streak	2.38	3.14	0	0	0	0	0	0	0
E6.5	E65_Primitive_Streak	Primitive_Streak	2.5	-2.78	1.9	0	0	0	0	0	1.9
E6.5	E65_Primitive_Streak	Primitive_Streak	2.42	-1.46	0	0	0	0	0	0	0
E6.5	E65_Primitive_Streak	Primitive_Streak	4.23	-0.01	0	0	0	0	0	0	0
E6.5	E65_Primitive_Streak	Primitive_Streak	2.57	4.63	0	0	0	0	0	0	0
E6.5	E65_Primitive_Streak	Primitive_Streak	3.42	3.56	0	0	1.4	0	0	0	0
E6.5	E65_Primitive_Streak	Primitive_Streak	-0.79	-2.15	0	0	0	0	0	0	0
E6.5	E65_Primitive_Streak	Primitive_Streak	-1.21	-2.26	0	0	0	0	2.2	0	0
E6.5	E65_Primitive_Streak	Primitive_Streak	-0.62	-2	0	0	0	0	0	0	0
E6.5	E65_Primitive_Streak	Primitive_Streak	-3.97	-0.34	0	0	0	0	3.9	0	3.1
E6.5	E65_Primitive_Streak	Primitive_Streak	2.13	4.45	0	0	1.2	0	0	0	0
E6.5	E65_Primitive_Streak	Primitive_Streak	-2.67	-1.9	0	0	0	0	0	0	0
E6.5	E65_Primitive_Streak	Primitive_Streak	-1.91	-1.57	0	0	0	0	0	0	0
E6.5	E65_Primitive_Streak	Primitive_Streak	0.15	-3.58	0	1.7	0	0	0	0	0
E6.5	E65_Primitive_Streak	Primitive_Streak	-3.33	-0.14	0	0	0	0	3.3	0	0
E6.5	E65_Primitive_Streak	Primitive_Streak	0.51	-0.48	0	0	0	0	0	0	0
E6.5	E65_Primitive_Streak	Primitive_Streak	3.24	-2.72	0	0	0	0	0	0	0
E6.5	E65_Primitive_Streak	Primitive_Streak	-1.66	-1.13	0	0	0	0	0	0	0
E6.5	E65_Primitive_Streak	Primitive_Streak	-1.07	0.45	0	0	0	0	0	0	0
E6.5	E65_Primitive_Streak	Primitive_Streak	4.1	2.87	0	0	0	0	0	0	0
E6.5	E65_Primitive_Streak	Primitive_Streak	0.13	-2.8	0	0	0	0	0	0	0
E6.5	E65_Primitive_Streak	Primitive_Streak	-3.35	-1.45	0	0	0	0	0	0	0
E6.5	E65_Primitive_Streak	Primitive_Streak	-2.95	0.44	0	0	0	0	0	0	0
E6.5	E65_Primitive_Streak	Primitive_Streak	-1.59	-1.89	0	0	0	0	0	0	0
E6.5	E65_Primitive_Streak	Primitive_Streak	-3.61	0.22	0	0	0	0	0	0	0
E6.5	E65_Primitive_Streak	Primitive_Streak	4.48	0.76	0	0	0	0	0	0	0
E6.5	E65_Primitive_Streak	Primitive_Streak	2.61	4.43	0	0	0	0	0	0	0
E6.5	E65_Primitive_Streak	Primitive_Streak	3.08	-1.6	0	0	0	0	0	0	0
E6.5	E65_Primitive_Streak	Primitive_Streak	4.19	0.2	0	0	1.6	0	0	0	0
E6.5	E65_Primitive_Streak	Primitive_Streak	-1.18	-1.81	0	0	0	0	0	0	1.8
E6.5	E65_Primitive_Streak	Primitive_Streak	3.75	-1.97	0	0	0	0	0	0	0
E6.5	E65_Primitive_Streak	Primitive_Streak	0.37	-3.33	0	0	0	0	0	0	0
E6.5	E65_Primitive_Streak	Primitive_Streak	5.28	0.42	0	0	1.6	0	0	0	0
E6.5	E65_Primitive_Streak	Primitive_Streak	-2.67	-1.21	0	0	0	0	0	0	0
E6.5	E65_Primitive_Streak	Primitive_Streak	3.03	-2.85	0	0	0	0	0	0	0
E6.5	E65_Primitive_Streak	Primitive_Streak	2.58	-2.12	0	0	0	0	0	0	0
E6.5	E65_Primitive_Streak	Primitive_Streak	-2.59	-0.04	0	0	0	0	0	0	0
E6.5	E65_Primitive_Streak	Primitive_Streak	-3.23	-2.25	0	0	0	0	0	0	0
E6.5	E65_Primitive_Streak	Primitive_Streak	1.78	-3.29	0	0	0	0	0	0	0
E6.5	E65_Primitive_Streak	Primitive_Streak	-0.69	-0.22	0	0	0	0	0	0	0
E6.5	E65_Primitive_Streak	Primitive_Streak	-2.4	-2.28	0	0	0	0	0	0	0
E6.5	E65_Primitive_Streak	Primitive_Streak	3.97	2.92	0	0	0	0	0	0	0
E6.5	E65_Primitive_Streak	Primitive_Streak	1.35	4	0	0	0	0	0	0	0
E6.5	E65_Primitive_Streak	Primitive_Streak	0.36	-0.03	0	0	2	0	0	0	0
E6.5	E65_Primitive_Streak	Primitive_Streak	-0.27	-1.98	0	0	0	0	0	0	0
E6.5	E65_Primitive_Streak	Primitive_Streak	5.48	-0.54	0	0	0	0	0	0	0
E6.5	E65_Primitive_Streak	Primitive_Streak	-3.89	-0.68	0	0	0	0	2.1	0	3.1
E6.5	E65_Primitive_Streak	Primitive_Streak	3.92	-1.35	0	0	0	0	0	0	0
E6.5	E65_Primitive_Streak	Primitive_Streak	3.72	2.44	0	0	0	0	0	0	0
E6.5	E65_Primitive_Streak	Primitive_Streak	3.03	-2.22	0	0	0	0	0	0	0
E6.5	E65_Primitive_Streak	Primitive_Streak	3.64	-0.52	0	2	0	0	0	0	2.6
E6.5	E65_Primitive_Streak	Primitive_Streak	-0.78	0.01	0	0	0	0	0	0	0
E6.5	E65_Primitive_Streak	Primitive_Streak	4.01	0	0	0	0	0	0	0	0
E6.5	E65_Primitive_Streak	Primitive_Streak	2.96	2.8	0	0	0	0	0	0	0
E6.5	E65_Primitive_Streak	Primitive_Streak	1.59	4.45	0	0	1.6	0	0	0	0
E6.5	E65_Primitive_Streak	Primitive_Streak	3.73	1.12	0	0	0	0	0	0	0
E6.5	E65_Primitive_Streak	Primitive_Streak	1.49	-3.64	0	0	0	0	0	0	1.7
E6.5	E65_Primitive_Streak	Primitive_Streak	3.1	2.33	0	0	2	0	0	0	0
E6.5	E65_Primitive_Streak	Primitive_Streak	-4.18	-0.21	0	0	0	0	3.3	0	0
E6.5	E65_Primitive_Streak	Primitive_Streak	1.8	2.21	0	0	2.5	0	0	0	0
E6.5	E65_Primitive_Streak	Primitive_Streak	3.39	-2.58	0	0	0	0	0	0	0
E6.5	E65_Primitive_Streak	Primitive_Streak	3.23	1.68	0	1.3	0	0	0	0	0
E6.5	E65_Primitive_Streak	Primitive_Streak	3.07	0.41	0	0	3.1	0	0	0	0
E6.5	E65_Primitive_Streak	Primitive_Streak	-3.36	2.21	0	0	2.2	0	1.6	0	3
E6.5	E65_Primitive_Streak	Primitive_Streak	-1.37	2.88	0	0	0	0	0	0	0
E6.5	E65_Primitive_Streak	Primitive_Streak	1.83	-2.07	0	0	0	0	0	0	0
E6.5	E65_Primitive_Streak	Primitive_Streak	3.43	-2.82	0	0	0	0	0	0	0
E6.5	E65_Primitive_Streak	Primitive_Streak	-3.42	0.66	0	0	0	0	0	0	0
E6.5	E65_Primitive_Streak	Primitive_Streak	1.66	-3.39	0	0	0	0	0	0	0
E6.5	E65_Primitive_Streak	Primitive_Streak	-3.06	1.53	0	0	0	0	0	0	0
E6.5	E65_Primitive_Streak	Primitive_Streak	4.95	0.47	0	0	0	0	0	0	0
E6.5	E65_Primitive_Streak	Primitive_Streak	2.82	2.84	0	0	1.7	0	0	0	0
E6.5	E65_Primitive_Streak	Primitive_Streak	4.95	1.48	0	0	0	0	0	0	0
E6.5	E65_Primitive_Streak	Primitive_Streak	3.81	3.84	0	0	0	0	0	0	0
E6.5	E65_Primitive_Streak	Primitive_Streak	3.77	0.63	0	0	0	0	0	0	0
E6.5	E65_Primitive_Streak	Primitive_Streak	3.8	1.08	0	0	0	0	0	0	0
E6.5	E65_Primitive_Streak	Primitive_Streak	0.51	0.17	0	0	0	0	0	0	0
E6.5	E65_Primitive_Streak	Primitive_Streak	3.54	-1.18	0	0	0	0	0	0	0
E6.5	E65_Primitive_Streak	Primitive_Streak	3.67	2.95	0	0	2.2	0	0	0	0
E6.5	E65_Primitive_Streak	Primitive_Streak	1.64	-1.48	0	0	0	0	0	0	0
E6.5	E65_Primitive_Streak	Primitive_Streak	3.62	-1.73	0	0	0	0	0	0	0
E6.5	E65_Primitive_Streak	Primitive_Streak	-2.89	-1.87	0	2.7	0	0	0	0	0
E6.5	E65_Primitive_Streak	Primitive_Streak	2.74	2.73	0	0	3.5	0	0	0	0
E6.5	E65_Primitive_Streak	Primitive_Streak	4.07	2.47	0	0	0	0	0	0	0
E6.5	E65_Primitive_Streak	Primitive_Streak	-3.74	0.02	0	0	1.7	0	2.9	0	0
E6.5	E65_Primitive_Streak	Primitive_Streak	4.51	0.75	0	0	0	0	0	0	0
E6.5	E65_Primitive_Streak	Primitive_Streak	1.24	-1.97	0	0	0	0	0	0	0
E6.5	E65_Primitive_Streak	Primitive_Streak	3.29	-0.43	0	0	1.8	0	0	0	0
E6.5	E65_Primitive_Streak	Primitive_Streak	0.14	-1.92	0	0	0	0	0	0	0
E6.5	E65_Primitive_Streak	Primitive_Streak	3.97	1.52	0	0	0	0	0	0	0
E6.5	E65_Primitive_Streak	Primitive_Streak	0.39	1.12	0	0	0	0	0	0	0
E6.5	E65_Primitive_Streak	Primitive_Streak	-4.51	-0.05	0	0	0	0	0	0	0
E6.5	E65_Primitive_Streak	Primitive_Streak	3.42	-3.26	0	0	1.8	0	0	0	0
E6.5	E65_Primitive_Streak	Primitive_Streak	0.59	-3.45	0	0	0	0	0	0	0
E6.5	E65_Primitive_Streak	Primitive_Streak	-3.01	-2.07	0	2.1	0	0	0	0	2.7
E6.5	E65_Primitive_Streak	Primitive_Streak	-4.35	0.43	0	0	0	0	1.9	0	0
E6.5	E65_Primitive_Streak	Primitive_Streak	3.25	-2.12	0	0	0	0	0	0	0
E6.5	E65_Primitive_Streak	Primitive_Streak	3.35	3.11	0	0	0	0	0	0	0
E6.5	E65_Primitive_Streak	Primitive_Streak	-2.22	1.98	0	0	1.5	0	0	0	0
E6.5	E65_Primitive_Streak	Primitive_Streak	-4.59	-0.04	0	0	0	0	3.4	0	0
E6.5	E65_Primitive_Streak	Primitive_Streak	2.82	-3.36	0	0	0	0	0	0	0
E6.5	E65_Primitive_Streak	Primitive_Streak	3.95	3.19	0	0	0	0	0	0	0
E6.5	E65_Primitive_Streak	Primitive_Streak	3.09	-2.99	0	0	0	0	0	0	0
E6.5	E65_Primitive_Streak	Primitive_Streak	-3.16	0.45	0	0	0	0	0	0	3
E6.5	E65_Primitive_Streak	Primitive_Streak	4.51	1.61	0	0	0	0	0	0	0
E6.5	E65_Primitive_Streak	Primitive_Streak	-0.42	-2.14	0	0	0	0	0	0	0
E6.5	E65_Primitive_Streak	Primitive_Streak	3.52	2.52	0	0	0	0	0	0	0
E6.5	E65_Primitive_Streak	Primitive_Streak	0.93	-3.56	0	0	1.8	0	0	0	0
E6.5	E65_Primitive_Streak	Primitive_Streak	3.5	-2.49	0	0	0	0	0	0	0
E6.5	E65_Primitive_Streak	Primitive_Streak	3.17	-1.02	0	0	0	0	0	0	0
E6.5	E65_Primitive_Streak	Primitive_Streak	-1.98	1	0	0	0	0	0	0	0
E6.5	E65_Primitive_Streak	Primitive_Streak	1.45	3.39	0	0	0	0	0	0	0
E6.5	E65_Primitive_Streak	Primitive_Streak	0.73	-3.24	0	0	2.3	0	0	0	0
E6.5	E65_Primitive_Streak	Primitive_Streak	-2.64	2.25	0	0	0	0	0	0	0
E6.5	E65_Primitive_Streak	Primitive_Streak	-2.9	1.43	0	0	0	0	0	0	0
E6.5	E65_Primitive_Streak	Primitive_Streak	5.91	-0.78	0	0	0	0	0	0	0
E6.5	E65_Primitive_Streak	Primitive_Streak	-1.69	-1.94	0	0	2.6	0	0	0	0
E6.5	E65_Primitive_Streak	Primitive_Streak	3.32	4.37	0	0	0	0	0	0	0
E6.5	E65_Primitive_Streak	Primitive_Streak	1.41	3.9	0	0	0	0	0	0	0
E6.5	E65_Primitive_Streak	Primitive_Streak	1.35	3.18	0	0	0	0	0	0	0
E6.5	E65_Primitive_Streak	Primitive_Streak	0.78	3.81	0	0	0	0	0	0	0
E6.5	E65_Primitive_Streak	Primitive_Streak	2.74	-3.33	0	0	0	0	0	0	0
E6.5	E65_Primitive_Streak	Primitive_Streak	2.52	4.26	0	0	0	0	0	0	0
E6.5	E65_Primitive_Streak	Primitive_Streak	0.45	-1.92	0	0	0	0	0	0	0
E6.5	E65_Primitive_Streak	Primitive_Streak	-4.36	1.54	0	0	0	2.3	0	0	2.9
E6.5	E65_Primitive_Streak	Primitive_Streak	-1.6	0.8	0	0	0	0	0	0	0
E6.5	E65_Primitive_Streak	Primitive_Streak	-2.2	0.9	0	0	0	0	0	0	0
E6.5	E65_Primitive_Streak	Primitive_Streak	-2.7	0.57	0	0	0	0	0	0	0
E6.5	E65_Primitive_Streak	Primitive_Streak	2.97	3.28	0	0	0	0	0	0	0
E6.5	E65_Primitive_Streak	Primitive_Streak	3.27	4.04	0	0	2.9	0	0	0	0
E6.5	E65_Primitive_Streak	Primitive_Streak	-0.9	2.59	0	0	2.3	0	0	0	0
E6.5	E65_Primitive_Streak	Primitive_Streak	2.08	4.35	0	0	0	0	0	0	0
E6.5	E65_Primitive_Streak	Primitive_Streak	2.3	-2.89	0	0	0	0	0	0	0
E6.5	E65_Primitive_Streak	Primitive_Streak	4.04	-1	0	0	0	0	0	0	0
E6.5	E65_Primitive_Streak	Primitive_Streak	-1.59	-1.47	0	0	0	0	0	0	0
E6.5	E65_Primitive_Streak	Primitive_Streak	2.69	0.95	0	0	0	0	0	0	0
E6.5	E65_Primitive_Streak	Primitive_Streak	4.38	1.64	0	0	0	0	0	0	0
E6.5	E65_Primitive_Streak	Primitive_Streak	2.7	-3.08	0	0	0	0	0	0	0
E6.5	E65_Primitive_Streak	Primitive_Streak	-2.06	-2.55	0	0	0	0	0	0	0
E6.5	E65_Primitive_Streak	Primitive_Streak	3.48	3.7	0	0	0	0	0	0	0
E6.5	E65_Primitive_Streak	Primitive_Streak	-1.95	1.77	0	0	0	0	0	0	0
E6.5	E65_Primitive_Streak	Primitive_Streak	-2.76	-1.99	0	0	0	0	0	0	0
E6.5	E65_Primitive_Streak	Primitive_Streak	-2.83	0.32	0	0	0	0	0	0	2.4
E6.5	E65_Primitive_Streak	Primitive_Streak	-0.1	0.98	0	0	0	0	0	0	0
E6.5	E65_Primitive_Streak	Primitive_Streak	-4.23	0.3	0	0	0	0	2.7	0	0
E6.5	E65_Primitive_Streak	Primitive_Streak	1.59	4.6	0	0	0	0	0	0	0
E6.5	E65_Primitive_Streak	Primitive_Streak	1.65	-2.32	0	0	0	0	0	0	0
E6.5	E65_Primitive_Streak	Primitive_Streak	2.77	1.21	0	0	0	0	0	0	0
E6.5	E65_Primitive_Streak	Primitive_Streak	-3.91	0.6	0	0	0	0	0	0	0
E6.5	E65_Primitive_Streak	Primitive_Streak	-3.07	1.78	0	0	0	0	0	0	0
E6.5	E65_Primitive_Streak	Primitive_Streak	2.95	1.14	0	0	0	0	0	0	0
E6.5	E65_Primitive_Streak	Primitive_Streak	-0.99	0.54	0	0	3.2	0	0	0	0
E6.5	E65_Primitive_Streak	Primitive_Streak	-2.27	-0.85	0	0	0	0	0	0	0
E6.5	E65_Primitive_Streak	Primitive_Streak	-2.39	0.27	0	0	0	0	0	0	0
E6.5	E65_Primitive_Streak	Primitive_Streak	-1.11	2.68	0	0	0	0	0	0	0
E6.5	E65_Primitive_Streak	Primitive_Streak	2.89	4.25	0	0	2.1	0	0	0	0
E6.5	E65_Primitive_Streak	Primitive_Streak	2.23	-1.59	0	0	0	0	0	0	0
E6.5	E65_Primitive_Streak	Primitive_Streak	-4.59	1.85	0	0	0	0	0	0	3.2
E6.5	E65_Primitive_Streak	Primitive_Streak	-2.95	-3.47	0	0	0	0	0	0	0
E6.5	E65_Primitive_Streak	Primitive_Streak	4.47	2.74	0	0	0	0	0	0	0
E6.5	E65_Primitive_Streak	Primitive_Streak	0.28	-2.89	0	0	3.1	0	0	0	0
E6.5	E65_Primitive_Streak	Primitive_Streak	2.76	-3.14	0	0	0	0	0	0	0
E6.5	E65_Primitive_Streak	Primitive_Streak	2.2	-2.6	0	0	0	0	0	0	0
E6.5	E65_Primitive_Streak	Primitive_Streak	3.84	-0.38	0	0	2.5	0	0	0	0
E6.5	E65_Primitive_Streak	Primitive_Streak	1.15	1.95	0	0	0	0	0	0	0
E6.5	E65_Primitive_Streak	Primitive_Streak	-1.04	-0.63	0	0	0	0	0	0	0
E6.5	E65_Primitive_Streak	Primitive_Streak	2.13	-3	0	0	0	0	0	0	0
E6.5	E65_Primitive_Streak	Primitive_Streak	3.17	3.86	0	0	0	0	0	0	0
E6.5	E65_Primitive_Streak	Primitive_Streak	2.1	3.68	0	0	0	0	0	0	0
E6.5	E65_Primitive_Streak	Primitive_Streak	1.07	4.55	0	0	0	0	0	0	2.4
E6.5	E65_Primitive_Streak	Primitive_Streak	4.01	2.46	0	0	0	0	0	0	0
E6.5	E65_Primitive_Streak	Primitive_Streak	-1.3	-1.57	0	0	0	0	0	0	0
E6.5	E65_Primitive_Streak	Primitive_Streak	-0.73	-0.25	0	0	0	0	0	0	0
E6.5	E65_Primitive_Streak	Primitive_Streak	2.62	-1.36	0	0	0	0	0	0	0
E6.5	E65_Primitive_Streak	Primitive_Streak	4.25	2.28	0	0	2.4	0	0	0	0
E6.5	E65_Primitive_Streak	Primitive_Streak	2.58	4.84	0	0	0	0	0	0	0
E6.5	E65_Primitive_Streak	Primitive_Streak	-3.63	-1.16	0	0	0	0	0	0	0
E6.5	E65_Primitive_Streak	Primitive_Streak	1.61	-3.05	0	0	0	0	0	0	3
E6.5	E65_Primitive_Streak	Primitive_Streak	-1.1	0.85	0	0	3.5	0	0	0	0
E6.5	E65_Primitive_Streak	Primitive_Streak	0.55	-2.42	0	0	0	0	0	0	0
E6.5	E65_Primitive_Streak	Primitive_Streak	-1.12	-1.88	0	0	0	0	0	0	0
E6.5	E65_Primitive_Streak	Primitive_Streak	1.85	-1.78	0	0	0	0	0	0	0
E6.5	E65_Primitive_Streak	Primitive_Streak	4.37	1.23	0	0	0	0	0	0	0
E6.5	E65_Primitive_Streak	Primitive_Streak	0.65	-1.43	0	0	0	0	0	0	0
E6.5	E65_Primitive_Streak	Primitive_Streak	2.85	3.73	0	0	1.8	0	0	0	0
E6.5	E65_Primitive_Streak	Primitive_Streak	3.11	-0.59	0	0	0	0	0	0	0
E6.5	E65_Primitive_Streak	Primitive_Streak	2.08	-1.67	0	0	0	0	0	0	0
E6.5	E65_Primitive_Streak	Primitive_Streak	-1.21	0.27	0	0	0	0	0	0	0
E6.5	E65_Primitive_Streak	Primitive_Streak	0.24	0.46	0	0	0	0	0	0	0
E6.5	E65_Primitive_Streak	Primitive_Streak	-1.93	-1.88	0	0	0	0	0	0	0
E6.5	E65_Primitive_Streak	Primitive_Streak	4.1	1.84	0	0	0	0	0	0	0
E6.5	E65_Primitive_Streak	Primitive_Streak	-0.18	1.39	0	0	0	0	0	0	0
E6.5	E65_Primitive_Streak	Primitive_Streak	4.55	2.33	0	0	0	0	0	0	0
E6.5	E65_Primitive_Streak	Primitive_Streak	-3.99	-0.16	0	0	0	0	0	0	0
E6.5	E65_Primitive_Streak	Primitive_Streak	-3.26	0.41	0	0	2.6	0	0	0	0
E6.5	E65_Primitive_Streak	Primitive_Streak	2.98	-3.55	0	0	0	0	0	0	0
E6.5	E65_Primitive_Streak	Primitive_Streak	2.8	2.76	0	0	0	0	0	0	0
E6.5	E65_Primitive_Streak	Primitive_Streak	-0.28	-1.5	0	0	0	0	0	0	0
E6.5	E65_Primitive_Streak	Primitive_Streak	1.78	2.49	0	0	0	0	0	0	0
E6.5	E65_Primitive_Streak	Primitive_Streak	-1.61	1.21	0	0	0	0	0	0	0
E6.5	E65_Primitive_Streak	Primitive_Streak	-4.81	1.29	0	0	4.7	0	4.5	2.5	2.5
E6.5	E65_Primitive_Streak	Primitive_Streak	2.46	-2.1	0	0	0	0	0	0	0
E6.5	E65_Primitive_Streak	Primitive_Streak	-0.13	-0.49	0	0	0	0	0	0	0
E6.5	E65_Primitive_Streak	Primitive_Streak	1.99	2.22	0	0	0	0	0	0	0
E6.5	E65_Primitive_Streak	Primitive_Streak	-1.28	-0.15	0	2.4	0	0	0	0	0
E6.5	E65_Primitive_Streak	Primitive_Streak	-1.99	-1.4	0	0	0	0	0	0	0
E6.5	E65_Primitive_Streak	Primitive_Streak	5.53	-0.3	0	0	0	0	0	0	0
E6.5	E65_Primitive_Streak	Primitive_Streak	-4.81	-2.48	0	0	0	0	0	0	2.4
E6.5	E65_Primitive_Streak	Primitive_Streak	-0.23	-2.16	0	0	0	0	0	0	0
E6.5	E65_Primitive_Streak	Primitive_Streak	1.67	-2.29	0	0	0	0	0	0	0
E6.5	E65_Primitive_Streak	Primitive_Streak	1.57	4.95	0	0	2.1	0	0	0	0
E6.5	E65_Primitive_Streak	Primitive_Streak	4.58	1.95	0	0	0	0	0	0	0
E6.5	E65_Primitive_Streak	Primitive_Streak	2.42	4.23	0	0	2	0	0	0	0
E6.5	E65_Primitive_Streak	Primitive_Streak	-1.41	-0.37	0	0	0	0	0	0	0
E6.5	E65_Primitive_Streak	Primitive_Streak	2.08	1.51	0	0	0	0	0	0	0
E6.5	E65_Primitive_Streak	Primitive_Streak	-3.01	-1.53	0	2.7	0	0	3.8	0	0
E6.5	E65_Primitive_Streak	Primitive_Streak	0.06	-1.8	0	0	0	0	0	0	0
E6.5	E65_Primitive_Streak	Primitive_Streak	2.66	2.65	0	0	0	0	0	0	0
E6.5	E65_Primitive_Streak	Primitive_Streak	3.73	-3.03	0	0	0	0	0	0	0
E6.5	E65_Primitive_Streak	Primitive_Streak	2.07	4.78	0	0	1.7	0	0	0	0
E6.5	E65_Primitive_Streak	Primitive_Streak	1.05	2.66	0	0	2.2	0	0	0	0
E6.5	E65_Primitive_Streak	Primitive_Streak	1.54	4.29	0	0	0	0	0	0	0
E6.5	E65_Primitive_Streak	Primitive_Streak	3.99	-1.24	0	0	2.2	0	0	0	0
E6.5	E65_Primitive_Streak	Primitive_Streak	-3.22	0.77	0	0	0	0	0	0	0
E6.5	E65_Primitive_Streak	Primitive_Streak	3.12	4.6	0	0	0	0	0	0	0
E6.5	E65_Primitive_Streak	Primitive_Streak	2.67	-2.89	0	0	0	0	0	0	0
E6.5	E65_Primitive_Streak	Primitive_Streak	1.54	3.23	0	0	0	0	0	0	0
E6.5	E65_Primitive_Streak	Primitive_Streak	-0.75	-1.4	0	0	0	0	0	0	0
E6.5	E65_Primitive_Streak	Primitive_Streak	1.39	-1.8	0	0	0	0	0	0	0
E6.5	E65_Primitive_Streak	Primitive_Streak	-2.99	-0.37	0	0	0	0	0	0	0
E6.5	E65_Primitive_Streak	Primitive_Streak	2.99	1.91	0	0	0	0	0	0	0
E6.5	E65_Primitive_Streak	Primitive_Streak	-2.86	-0.25	0	0	0	0	0	0	0
E6.5	E65_Primitive_Streak	Primitive_Streak	3.47	-2.63	0	0	0	0	0	0	0
E6.5	E65_Primitive_Streak	Primitive_Streak	1.22	-2.41	0	0	0	0	0	0	0
E6.5	E65_Primitive_Streak	Primitive_Streak	1.43	2.49	0	0	0	0	0	0	0
E6.5	E65_Primitive_Streak	Primitive_Streak	1.42	-3.7	0	0	2.1	0	0	0	0
E6.5	E65_Primitive_Streak	Primitive_Streak	2.46	-0.93	0	0	0	0	0	0	0
E6.5	E65_Primitive_Streak	Primitive_Streak	3.02	4.77	0	0	0	0	0	0	0
E6.5	E65_Primitive_Streak	Primitive_Streak	-1.86	0.14	0	0	0	0	0	0	0
E6.5	E65_Primitive_Streak	Primitive_Streak	2.03	-3.38	0	0	2.6	0	0	0	0
E6.5	E65_Primitive_Streak	Primitive_Streak	0.24	-1.13	0	0	0	0	0	0	0
E6.5	E65_Primitive_Streak	Primitive_Streak	4.86	1.15	0	0	2.3	0	0	0	0
E6.5	E65_Primitive_Streak	Primitive_Streak	1.36	0.93	0	0	0	0	0	0	2.2
E6.5	E65_Primitive_Streak	Primitive_Streak	1.3	4.7	0	1.8	0	1.8	0	0	0
E6.5	E65_Primitive_Streak	Primitive_Streak	2.02	-2.68	0	0	0	0	0	0	0
E6.5	E65_Primitive_Streak	Primitive_Streak	1.26	-1.66	0	0	0	0	0	0	0
E6.5	E65_Primitive_Streak	Primitive_Streak	0.93	1.47	0	2.5	2.5	0	0	0	0
E6.5	E65_Primitive_Streak	Primitive_Streak	-0.43	-3.08	0	0	0	0	0	0	0
E6.5	E65_Primitive_Streak	Primitive_Streak	-2.65	1.11	0	0	0	0	0	0	0
E6.5	E65_Primitive_Streak	Primitive_Streak	1.31	-1.25	0	0	0	0	0	0	0
E6.5	E65_Primitive_Streak	Primitive_Streak	2.87	1.9	0	0	0	0	0	0	0
E6.5	E65_Primitive_Streak	Primitive_Streak	-0.5	1.79	0	0	0	0	0	0	0
E6.5	E65_Primitive_Streak	Primitive_Streak	2.78	0.88	0	0	0	0	0	0	0
E6.5	E65_Primitive_Streak	Primitive_Streak	4.06	2.82	0	0	2.4	0	0	0	0
E6.5	E65_Primitive_Streak	Primitive_Streak	2.95	-1.64	0	0	0	0	0	0	0
E6.5	E65_Primitive_Streak	Primitive_Streak	0.82	-1.94	0	0	0	0	0	0	0
E6.5	E65_Primitive_Streak	Primitive_Streak	1.5	1.32	0	0	3.2	0	0	0	0
E6.5	E65_Primitive_Streak	Primitive_Streak	1.69	-2.02	0	0	0	0	0	0	0
E6.5	E65_Primitive_Streak	Primitive_Streak	-0.02	-1.61	0	0	0	0	0	0	0
E6.5	E65_Primitive_Streak	Primitive_Streak	2.11	-3.82	0	0	0	0	0	0	0
E6.5	E65_Primitive_Streak	Primitive_Streak	-2	-0.9	0	0	0	0	0	0	0
E6.5	E65_Primitive_Streak	Primitive_Streak	2.43	-3.64	0	0	2.5	0	0	0	0
E6.5	E65_Primitive_Streak	Primitive_Streak	2.1	2.18	0	0	0	0	0	0	0
E6.5	E65_Primitive_Streak	Primitive_Streak	-4.09	0.27	0	0	0	0	2.4	0	0
E6.5	E65_Primitive_Streak	Primitive_Streak	0.39	1.49	0	0	0	0	0	0	0
E6.5	E65_Primitive_Streak	Primitive_Streak	4.92	-0.97	0	0	0	0	0	0	0
E6.5	E65_Primitive_Streak	Primitive_Streak	-1.37	2.61	0	0	0	0	0	0	0
E6.5	E65_Primitive_Streak	Primitive_Streak	3.44	2.64	0	0	0	0	0	0	0
E6.5	E65_Primitive_Streak	Primitive_Streak	1.19	-2.09	0	0	0	0	0	0	0
E6.5	E65_Primitive_Streak	Primitive_Streak	3.23	2.16	0	0	0	0	0	0	0
E6.5	E65_Primitive_Streak	Primitive_Streak	4.81	2.49	0	0	0	0	0	0	0
E6.5	E65_Primitive_Streak	Primitive_Streak	-3.19	2.17	0	2.1	0	0	0	0	2.8
E6.5	E65_Primitive_Streak	Primitive_Streak	2.18	2.87	0	0	0	0	0	0	0
E6.5	E65_Primitive_Streak	Primitive_Streak	-1.34	-1.05	0	0	0	0	0	0	0
E6.5	E65_Primitive_Streak	Primitive_Streak	5.28	0.53	0	0	2.3	0	0	0	0
E6.5	E65_Primitive_Streak	Primitive_Streak	1.92	1.61	0	0	0	0	0	0	0
E6.5	E65_Primitive_Streak	Primitive_Streak	2.58	1.96	0	0	0	0	0	0	0
E6.5	E65_Primitive_Streak	Primitive_Streak	-0.75	1	0	0	0	0	0	0	0
E6.5	E65_Primitive_Streak	Primitive_Streak	2.49	-2.07	0	0	0	0	0	0	0
E6.5	E65_Primitive_Streak	Primitive_Streak	-0.7	3.29	0	0	0	0	0	0	0
E6.5	E65_Primitive_Streak	Primitive_Streak	2.28	2.46	0	0	0	0	0	0	0
E6.5	E65_Primitive_Streak	Primitive_Streak	-2.07	0.04	0	0	0	0	0	0	0
E6.5	E65_Primitive_Streak	Primitive_Streak	1.6	-1.83	0	0	0	0	0	0	0
E6.5	E65_Primitive_Streak	Primitive_Streak	3.65	-1.44	0	0	0	0	0	0	0
E6.5	E65_Primitive_Streak	Primitive_Streak	2.96	4.53	0	0	0	0	0	0	0
E6.5	E65_Primitive_Streak	Primitive_Streak	3.81	1.24	0	0	1.9	0	0	0	0
E6.5	E65_Primitive_Streak	Primitive_Streak	3.88	-1.81	0	0	0	0	0	0	0
E6.5	E65_Primitive_Streak	Primitive_Streak	3.89	-2.06	0	0	0	0	2.3	0	3.8
E6.5	E65_Primitive_Streak	Primitive_Streak	3.07	-3.52	0	0	0	0	0	0	0
E6.5	E65_Primitive_Streak	Primitive_Streak	-0.64	2.9	0	0	0	0	0	0	0
E6.5	E65_Primitive_Streak	Primitive_Streak	2.31	-2.14	0	0	2.6	0	0	0	0
E6.5	E65_Primitive_Streak	Primitive_Streak	1.16	-1.71	0	0	0	0	0	0	0
E6.5	E65_Primitive_Streak	Primitive_Streak	-2.48	-0.08	0	0	0	0	0	0	0
E6.5	E65_Primitive_Streak	Primitive_Streak	3.03	-1.38	0	0	0	0	0	0	0
E6.5	E65_Primitive_Streak	Primitive_Streak	1.18	-2.82	0	0	2.7	0	0	0	0
E6.5	E65_Primitive_Streak	Primitive_Streak	-3.9	-2.31	0	0	0	0	0	0	0
E6.5	E65_Primitive_Streak	Primitive_Streak	1.1	2.99	0	0	0	0	0	0	2.3
E6.5	E65_Primitive_Streak	Primitive_Streak	2.62	-1.68	0	0	0	0	0	0	0
E6.5	E65_Primitive_Streak	Primitive_Streak	0.77	-2.65	0	0	0	0	0	0	0
E6.5	E65_Primitive_Streak	Primitive_Streak	3.34	4.35	0	0	0	0	0	0	0
E6.5	E65_Primitive_Streak	Primitive_Streak	-0.14	-1.77	0	0	0	0	0	0	0
E6.5	E65_Primitive_Streak	Primitive_Streak	-2.49	-2.66	0	0	0	0	0	0	2.8
E6.5	E65_Primitive_Streak	Primitive_Streak	-1.76	2.31	0	0	0	0	0	0	0
E6.5	E65_Primitive_Streak	Primitive_Streak	1.76	1.89	0	0	0	0	0	0	0
E6.5	E65_Primitive_Streak	Primitive_Streak	4.33	2.04	0	0	0	0	0	0	0
E6.5	E65_Primitive_Streak	Primitive_Streak	2.52	1.51	0	0	2.4	0	0	0	0
E6.5	E65_Primitive_Streak	Primitive_Streak	3.5	-3.06	0	0	0	0	0	0	0
E6.5	E65_Primitive_Streak	Primitive_Streak	-1.36	1.04	0	0	3	0	0	0	0
E6.5	E65_Primitive_Streak	Primitive_Streak	-1.93	2.19	0	0	2.4	0	0	0	0
E6.5	E65_Primitive_Streak	Primitive_Streak	-5.37	0.43	0	0	2.6	2.6	4.4	0	2.6
E6.5	E65_Primitive_Streak	Primitive_Streak	1.02	-2.61	0	0	0	0	0	0	0
E6.5	E65_Primitive_Streak	Primitive_Streak	-1.69	1.34	0	0	2.3	0	2.3	0	0
E6.5	E65_Primitive_Streak	Primitive_Streak	-2.11	-0.18	0	0	0	0	0	0	0
E6.5	E65_Primitive_Streak	Primitive_Streak	3.07	1.18	0	0	0	0	0	0	0
E6.5	E65_Primitive_Streak	Primitive_Streak	-1.47	1.44	0	0	0	0	0	0	0
E6.5	E65_Primitive_Streak	Primitive_Streak	-0.58	-1.45	0	0	0	0	0	0	0
E6.5	E65_Primitive_Streak	Primitive_Streak	-0.66	0.61	0	0	0	0	0	0	0
E6.5	E65_Primitive_Streak	Primitive_Streak	4.77	0.56	0	0	2.5	0	0	0	0
E6.5	E65_Primitive_Streak	Primitive_Streak	4.27	3.54	0	0	0	0	0	0	0
E6.5	E65_Primitive_Streak	Primitive_Streak	3.97	0.68	0	0	0	0	0	0	0
E6.5	E65_Primitive_Streak	Primitive_Streak	2.13	-2.03	0	0	0	0	0	0	0
E6.5	E65_Primitive_Streak	Primitive_Streak	4.13	2.85	0	0	0	0	0	0	2
E6.5	E65_Primitive_Streak	Primitive_Streak	0.48	2.44	0	0	0	0	0	0	0
E6.5	E65_Primitive_Streak	Primitive_Streak	-2.93	-0.27	0	0	0	0	0	0	0
E6.5	E65_Primitive_Streak	Primitive_Streak	0.06	3.28	0	0	0	0	0	0	0
E6.5	E65_Primitive_Streak	Primitive_Streak	2.35	2.48	0	0	0	0	0	0	0
E6.5	E65_Primitive_Streak	Primitive_Streak	-2.79	-0.34	0	0	0	0	0	0	2.8
E6.5	E65_Primitive_Streak	Primitive_Streak	2.69	-2.26	0	0	0	0	0	0	0
E6.5	E65_Primitive_Streak	Primitive_Streak	2.03	4.45	0	0	2.1	0	0	0	0
E6.5	E65_Primitive_Streak	Primitive_Streak	1.01	0.6	0	0	0	0	0	0	0
E6.5	E65_Primitive_Streak	Primitive_Streak	-0.56	-2.03	0	0	0	0	0	0	0
E6.5	E65_Primitive_Streak	Primitive_Streak	0.3	2.2	0	0	0	0	0	0	0
E6.5	E65_Primitive_Streak	Primitive_Streak	1.55	-3.31	0	2.7	0	0	0	0	0
E6.5	E65_Primitive_Streak	Primitive_Streak	-2.73	0.17	0	0	0	0	0	0	2.5
E6.5	E65_Primitive_Streak	Primitive_Streak	2.58	3.85	0	0	0	0	0	0	2
E6.5	E65_Primitive_Streak	Primitive_Streak	2.4	-3.85	0	0	0	0	0	0	0
E6.5	E65_Primitive_Streak	Primitive_Streak	-2.49	2.72	0	0	0	0	0	0	0
E6.5	E65_Primitive_Streak	Primitive_Streak	3.67	0.35	0	0	0	0	0	0	0
E6.5	E65_Primitive_Streak	Primitive_Streak	-0.58	3.31	0	0	0	0	0	0	0
E6.5	E65_Primitive_Streak	Primitive_Streak	-3.26	-1.94	0	0	0	0	0	0	0
E6.5	E65_Primitive_Streak	Primitive_Streak	3.7	1.65	0	0	0	0	0	0	0
E6.5	E65_Primitive_Streak	Primitive_Streak	-3.89	-0.9	0	0	0	0	0	3	0
E6.5	E65_Primitive_Streak	Primitive_Streak	-3.13	-0.52	0	0	0	0	0	0	0
E6.5	E65_Primitive_Streak	Primitive_Streak	1.51	2.74	0	0	2.4	0	0	0	0
E6.5	E65_Primitive_Streak	Primitive_Streak	2.04	3.72	0	0	0	0	0	0	0
E6.5	E65_Primitive_Streak	Primitive_Streak	1.59	1.66	0	0	0	0	0	0	0
E6.5	E65_Primitive_Streak	Primitive_Streak	2.12	4.73	0	0	2.6	0	0	0	0
E6.5	E65_Primitive_Streak	Primitive_Streak	3.8	-0.35	0	0	2.6	0	0	0	0
E6.5	E65_Primitive_Streak	Primitive_Streak	0.12	1.16	0	0	0	0	0	0	0
E6.5	E65_Primitive_Streak	Primitive_Streak	1.27	-3.68	0	0	0	0	0	0	0
E6.5	E65_Primitive_Streak	Primitive_Streak	-1.6	-1.45	0	0	0	0	0	0	0
E6.5	E65_Primitive_Streak	Primitive_Streak	2.22	4.49	0	0	0	0	0	0	0
E6.5	E65_Primitive_Streak	Primitive_Streak	0.48	2.25	0	0	0	0	0	0	0
E6.5	E65_Primitive_Streak	Primitive_Streak	1.18	-2.05	0	0	3.2	0	0	0	0
E6.5	E65_Primitive_Streak	Primitive_Streak	3.21	3.8	0	0	2	0	0	0	0
E6.5	E65_Primitive_Streak	Primitive_Streak	1.03	0.43	0	0	0	0	0	0	0
E6.5	E65_Primitive_Streak	Primitive_Streak	3.03	3.2	0	0	2.6	0	0	0	0
E6.5	E65_Primitive_Streak	Primitive_Streak	-0.25	-3.11	0	0	0	0	0	0	0
E6.5	E65_Primitive_Streak	Primitive_Streak	0.05	1.17	0	0	0	0	0	0	2.4
E6.5	E65_Primitive_Streak	Primitive_Streak	-2.34	-0.61	0	0	0	0	0	0	0
E6.5	E65_Primitive_Streak	Primitive_Streak	-0.61	1.74	0	0	0	0	0	0	0
E6.5	E65_Primitive_Streak	Primitive_Streak	4.42	1.53	0	0	0	0	0	0	0
E6.5	E65_Primitive_Streak	Primitive_Streak	3.36	0.13	0	0	0	0	0	0	0
E6.5	E65_Primitive_Streak	Primitive_Streak	2.22	3.76	0	0	0	0	0	0	0
E6.5	E65_Primitive_Streak	Primitive_Streak	2.78	3.48	0	0	0	0	0	0	0
E6.5	E65_Primitive_Streak	Primitive_Streak	-0.72	0.58	0	0	0	0	0	0	0
E6.5	E65_Primitive_Streak	Primitive_Streak	2.82	2.37	0	0	0	0	0	0	0
E6.5	E65_Primitive_Streak	Primitive_Streak	-1.56	1	0	0	0	0	0	0	0
E6.5	E65_Primitive_Streak	Primitive_Streak	-1	-2.17	0	0	0	0	0	0	0
E6.5	E65_Primitive_Streak	Primitive_Streak	2.74	4.2	0	0	0	0	0	0	0
E6.5	E65_Primitive_Streak	Primitive_Streak	-0.99	2.1	0	0	0	0	0	0	0
E6.5	E65_Primitive_Streak	Primitive_Streak	-0.56	-1.24	0	0	0	0	0	0	0
E6.5	E65_Primitive_Streak	Primitive_Streak	2.34	-2.69	0	0	0	0	0	0	0
E6.5	E65_Primitive_Streak	Primitive_Streak	-2.8	1.28	0	0	0	0	0	0	0
E6.5	E65_Primitive_Streak	Primitive_Streak	2.9	-2.3	0	0	0	0	0	0	0
E6.5	E65_Primitive_Streak	Primitive_Streak	-0.34	-0.63	0	0	0	0	0	0	0
E6.5	E65_Primitive_Streak	Primitive_Streak	1.76	2.92	0	0	0	0	0	0	0
E6.5	E65_Primitive_Streak	Primitive_Streak	1.36	-2.43	0	0	0	0	0	0	0
E6.5	E65_Primitive_Streak	Primitive_Streak	0.84	-3.31	0	0	0	0	0	0	0
E6.5	E65_Primitive_Streak	Primitive_Streak	4.49	0.57	0	0	2.4	0	0	0	0
E6.5	E65_Primitive_Streak	Primitive_Streak	-3.33	-0.76	0	0	0	0	3.6	0	0
E6.5	E65_Primitive_Streak	Primitive_Streak	-0.9	-0.84	0	0	0	0	0	0	3.7
E6.5	E65_Primitive_Streak	Primitive_Streak	1.59	4	0	0	2.2	0	0	0	0
E6.5	E65_Primitive_Streak	Primitive_Streak	-2.79	0.89	0	0	0	0	0	0	0
E6.5	E65_Primitive_Streak	Primitive_Streak	-2.59	1.91	0	0	0	0	0	0	0
E6.5	E65_Primitive_Streak	Primitive_Streak	-2.71	-0.97	0	0	0	0	0	0	0
E6.5	E65_Primitive_Streak	Primitive_Streak	-3.68	0.86	0	0	0	0	0	0	0
E6.5	E65_Primitive_Streak	Primitive_Streak	1.83	2.46	0	0	0	0	0	0	0
E6.5	E65_Primitive_Streak	Primitive_Streak	0.87	-1.99	0	0	0	0	0	0	0
E6.5	E65_Primitive_Streak	Primitive_Streak	-1.29	-0.18	0	0	0	0	0	0	0
E6.5	E65_Primitive_Streak	Primitive_Streak	4.14	-0.25	0	0	0	0	0	0	0
E6.5	E65_Primitive_Streak	Primitive_Streak	2.44	3.04	0	0	0	0	0	0	0
E6.5	E65_Primitive_Streak	Primitive_Streak	0.67	3.34	0	0	0	0	0	0	0
E6.5	E65_Primitive_Streak	Primitive_Streak	0.56	3.74	0	0	0	0	0	0	0
E6.5	E65_Primitive_Streak	Primitive_Streak	-2.22	0.37	0	0	0	0	0	0	0
E6.5	E65_Primitive_Streak	Primitive_Streak	-2.78	2.46	0	0	0	0	0	0	2.3
E6.5	E65_Primitive_Streak	Primitive_Streak	-0.55	2.82	0	0	0	0	0	0	1.6
E6.5	E65_Primitive_Streak	Primitive_Streak	0.24	-2.69	0	0	0	0	0	0	0
E6.5	E65_Primitive_Streak	Primitive_Streak	3.71	-2.07	0	0	2.1	0	0	0	0
E6.5	E65_Primitive_Streak	Primitive_Streak	-1.27	0.93	0	0	0	0	0	0	0
E6.5	E65_Primitive_Streak	Primitive_Streak	3.27	-2.19	0	0	0	0	0	0	0
E6.5	E65_Primitive_Streak	Primitive_Streak	-0.86	-1.32	0	0	0	0	0	0	0
E6.5	E65_Primitive_Streak	Primitive_Streak	1.87	-3.32	0	0	0	0	0	0	0
E6.5	E65_Primitive_Streak	Primitive_Streak	1.69	-1.67	0	0	0	0	0	0	0
E6.5	E65_Primitive_Streak	Primitive_Streak	-3.41	1	0	0	0	0	3.4	0	0
E6.5	E65_Primitive_Streak	Primitive_Streak	2.8	-3.08	0	0	0	0	0	0	0
E6.5	E65_Primitive_Streak	Primitive_Streak	1.5	2.08	0	0	0	0	0	0	0
E6.5	E65_Primitive_Streak	Primitive_Streak	4.35	0.06	0	0	0	0	0	0	0
E6.5	E65_Primitive_Streak	Primitive_Streak	2.3	1.95	0	0	0	0	0	0	0
E6.5	E65_Primitive_Streak	Primitive_Streak	0.02	-1.44	0	0	0	0	0	0	0
E6.5	E65_Primitive_Streak	Primitive_Streak	1	-3.85	0	0	0	0	0	0	0
E6.5	E65_Primitive_Streak	Primitive_Streak	-0.54	-2.79	0	0	0	0	0	0	0
E6.5	E65_Primitive_Streak	Primitive_Streak	3.38	2.09	0	0	0	0	0	0	0
E6.5	E65_Primitive_Streak	Primitive_Streak	-2.81	0.23	0	0	0	0	0	0	2.5
E6.5	E65_Primitive_Streak	Primitive_Streak	3.68	1.2	0	0	0	0	0	0	0
E6.5	E65_Primitive_Streak	Primitive_Streak	-2.29	0.02	0	0	0	0	0	0	0
E6.5	E65_Primitive_Streak	Primitive_Streak	3.99	1.08	0	0	0	0	0	0	0
E6.5	E65_Primitive_Streak	Primitive_Streak	2.74	2.35	0	0	2.2	0	0	0	0
E6.5	E65_Primitive_Streak	Primitive_Streak	3.1	-3.2	0	0	0	0	0	0	0
E6.5	E65_Primitive_Streak	Primitive_Streak	-1.78	0.55	0	0	2.3	0	0	0	0
E6.5	E65_Primitive_Streak	Primitive_Streak	-3.17	1.17	0	0	2.5	0	0	0	0
E6.5	E65_Primitive_Streak	Primitive_Streak	3.56	1.04	0	0	0	0	2.2	0	0
E6.5	E65_Primitive_Streak	Primitive_Streak	2.36	2.47	0	0	0	0	0	0	0
E6.5	E65_Primitive_Streak	Primitive_Streak	-1.26	0.37	0	0	0	0	0	0	0
E6.5	E65_Primitive_Streak	Primitive_Streak	-1.73	-1.26	0	0	0	0	0	0	2.7
E6.5	E65_Primitive_Streak	Primitive_Streak	4	2.76	0	0	0	0	0	0	0
E6.5	E65_Primitive_Streak	Primitive_Streak	-2.61	-0.66	0	2.5	0	0	0	0	0
E6.5	E65_Primitive_Streak	Primitive_Streak	-2.95	0.11	0	0	0	0	0	0	2.8
E6.5	E65_Primitive_Streak	Primitive_Streak	-0.72	-2.54	0	0	0	0	0	0	0
E6.5	E65_Primitive_Streak	Primitive_Streak	1.47	4.13	0	0	0	0	0	0	0
E6.5	E65_Primitive_Streak	Primitive_Streak	1.19	3.85	0	0	0	0	0	0	0
E6.5	E65_Primitive_Streak	Primitive_Streak	3.65	2.21	0	0	0	0	0	0	0
E6.5	E65_Primitive_Streak	Primitive_Streak	-0.06	1.26	0	0	0	0	0	0	0
E6.5	E65_Primitive_Streak	Primitive_Streak	1.33	-2.8	0	0	0	0	0	0	0
E6.5	E65_Primitive_Streak	Primitive_Streak	-2.79	-0.74	0	0	0	0	0	0	3.3
E6.5	E65_Primitive_Streak	Primitive_Streak	3.19	3.14	0	0	0	0	0	0	0
E6.5	E65_Primitive_Streak	Primitive_Streak	-1.47	2.08	0	0	0	0	0	0	0
E6.5	E65_Primitive_Streak	Primitive_Streak	2.45	4.95	0	0	2	0	0	0	0
E6.5	E65_Primitive_Streak	Primitive_Streak	3.26	-0.89	0	0	0	0	0	0	0
E6.5	E65_Primitive_Streak	Primitive_Streak	3.59	0.57	0	0	2.8	0	0	0	0
E6.5	E65_Primitive_Streak	Primitive_Streak	1.44	-2.5	0	0	3.8	0	0	0	0
E6.5	E65_Primitive_Streak	Primitive_Streak	0.21	1.77	0	2.9	0	0	0	0	0
E6.5	E65_Primitive_Streak	Primitive_Streak	0.99	4.66	0	0	0	0	0	0	1.9
E6.5	E65_Primitive_Streak	Primitive_Streak	2.83	-1.29	0	0	0	0	0	0	0
E6.5	E65_Primitive_Streak	Primitive_Streak	1.99	-3.22	0	0	0	0	0	0	0
E6.5	E65_Primitive_Streak	Primitive_Streak	-2.06	-2.68	0	0	0	0	0	0	0
E6.5	E65_Primitive_Streak	Primitive_Streak	3.15	-0.15	0	0	0	0	0	0	0
E6.5	E65_Primitive_Streak	Primitive_Streak	-3.25	0.4	0	0	0	0	0	0	0
E6.5	E65_Primitive_Streak	Primitive_Streak	-0.47	1.27	0	0	0	0	0	0	0
E6.5	E65_Primitive_Streak	Primitive_Streak	1.74	-3.16	0	0	0	0	0	0	0
E6.5	E65_Primitive_Streak	Primitive_Streak	1.76	2.41	0	0	2.6	0	0	0	0
E6.5	E65_Primitive_Streak	Primitive_Streak	0.41	0.76	0	0	0	0	0	0	0
E6.5	E65_Primitive_Streak	Primitive_Streak	-0.13	-0.3	0	0	0	0	0	0	0
E6.5	E65_Primitive_Streak	Primitive_Streak	-1.25	0.52	0	0	3.4	0	0	0	0
E6.5	E65_Primitive_Streak	Primitive_Streak	0.31	1.62	0	0	0	0	0	0	0
E6.5	E65_Primitive_Streak	Primitive_Streak	-1.64	-0.77	0	0	0	0	0	0	0
E6.5	E65_Primitive_Streak	Primitive_Streak	2.25	3.58	0	0	1.9	0	0	0	0
E6.5	E65_Primitive_Streak	Primitive_Streak	2.45	0.48	0	0	0	0	0	0	0
E6.5	E65_Primitive_Streak	Primitive_Streak	1.18	2.18	0	0	2.5	0	0	0	0
E6.5	E65_Primitive_Streak	Primitive_Streak	2.85	-1.48	0	0	0	0	0	0	0
E6.5	E65_Primitive_Streak	Primitive_Streak	-2.85	-1.48	0	0	0	0	0	0	0
E6.5	E65_Primitive_Streak	Primitive_Streak	-0.37	-1.53	0	0	0	0	0	0	0
E6.5	E65_Primitive_Streak	Primitive_Streak	3.1	-2.11	0	0	0	0	0	0	0
E6.5	E65_Primitive_Streak	Primitive_Streak	3.84	-1.81	0	0	0	0	0	0	0
E6.5	E65_Primitive_Streak	Primitive_Streak	0.21	-3.38	0	0	0	0	0	0	0
E6.5	E65_Primitive_Streak	Primitive_Streak	1.73	4.08	0	0	0	0	0	0	0
E6.5	E65_Primitive_Streak	Primitive_Streak	2.43	1.56	0	0	0	0	0	0	0
E6.5	E65_Primitive_Streak	Primitive_Streak	3.36	2.12	0	0	0	0	0	0	0
E6.5	E65_Primitive_Streak	Primitive_Streak	2.58	-2.78	0	0	2.3	0	0	0	0
E6.5	E65_Primitive_Streak	Primitive_Streak	3.58	1.7	0	0	0	0	2.2	0	0
E6.5	E65_Primitive_Streak	Primitive_Streak	4.27	2.26	0	0	2	0	0	0	0
E6.5	E65_Primitive_Streak	Primitive_Streak	1.38	3.04	0	0	0	0	0	0	0
E6.5	E65_Primitive_Streak	Primitive_Streak	3.92	0.18	0	0	0	0	0	0	0
E6.5	E65_Primitive_Streak	Primitive_Streak	-1.67	2.92	0	0	0	0	0	0	0
E6.5	E65_Primitive_Streak	Primitive_Streak	-2.07	-0.93	0	0	0	0	2.8	0	0
E6.5	E65_Primitive_Streak	Primitive_Streak	-4.09	-0.05	0	0	0	0	3.7	0	2.6
E6.5	E65_Primitive_Streak	Primitive_Streak	4.28	1.64	0	0	2.8	0	0	0	0
E6.5	E65_Primitive_Streak	Primitive_Streak	-3.5	0.67	0	0	0	0	0	0	2.7
E6.5	E65_Primitive_Streak	Primitive_Streak	0.76	4.13	0	0	0	0	0	0	0
E6.5	E65_Primitive_Streak	Primitive_Streak	2.56	3.4	0	0	0	0	0	0	0
E6.5	E65_Primitive_Streak	Primitive_Streak	-0.78	-1.13	0	0	0	0	0	0	0
E6.75	E675_Primitive_Streak	Primitive_Streak	0.32	-1.67	0	0	0	0	0	0	0
E6.75	E675_Primitive_Streak	Primitive_Streak	1.71	3.17	0	0	0	0	0	0	0
E6.75	E675_Primitive_Streak	Primitive_Streak	-0.61	-0.12	0	0	0	0	0	0	3.8
E6.75	E675_Primitive_Streak	Primitive_Streak	1.56	-0.86	0	0	2.5	0	0	0	0
E6.75	E675_Nascent_mesoderm	Nascent_mesoderm	-4.07	0.31	0	0	2.5	0	4.8	2.5	3.2
E6.75	E675_Primitive_Streak	Primitive_Streak	-0.42	1.81	0	0	0	0	0	0	0
E6.75	E675_Primitive_Streak	Primitive_Streak	-0.02	-0.64	0	0	0	0	0	0	2.7
E6.75	E675_Nascent_mesoderm	Nascent_mesoderm	-5.38	-0.8	0	0	2.9	2.9	4.2	0	0
E6.75	E675_Primitive_Streak	Primitive_Streak	5.19	-2.29	2.3	0	0	4.3	0	0	2.3
E6.75	E675_Primitive_Streak	Primitive_Streak	1.8	0.41	0	0	0	0	0	0	0
E6.75	E675_Primitive_Streak	Primitive_Streak	1.31	-0.75	0	0	0	0	0	0	3.8
E6.75	E675_Primitive_Streak	Primitive_Streak	-0.64	1.09	2.8	0	2.8	0	0	0	0
E6.75	E675_Primitive_Streak	Primitive_Streak	0.72	3.68	0	0	1.8	0	0	0	0
E6.75	E675_Primitive_Streak	Primitive_Streak	1.09	3.33	0	0	2	0	0	0	2
E6.75	E675_Primitive_Streak	Primitive_Streak	-2.39	-3.01	0	0	0	0	0	0	0
E6.75	E675_Primitive_Streak	Primitive_Streak	-2.28	-2.55	0	2.1	0	0	4.1	0	2.1
E6.75	E675_Primitive_Streak	Primitive_Streak	1.93	2.96	0	0	0	0	0	0	0
E6.75	E675_Primitive_Streak	Primitive_Streak	2.76	-0.45	0	0	0	0	0	0	0
E6.75	E675_Nascent_mesoderm	Nascent_mesoderm	-3.86	-0.4	2.5	0	0	0	4.6	2.5	2.5
E6.75	E675_Primitive_Streak	Primitive_Streak	0.88	2.57	0	0	0	0	0	2.3	2.9
E6.75	E675_Nascent_mesoderm	Nascent_mesoderm	-6.04	-1.26	2.9	4	2.9	2.9	3.6	0	0
E6.75	E675_Primitive_Streak	Primitive_Streak	1.33	0.13	0	0	0	0	0	0	0
E6.75	E675_Primitive_Streak	Primitive_Streak	1.1	-0.82	0	3.2	0	0	0	0	0
E6.75	E675_Nascent_mesoderm	Nascent_mesoderm	-5.23	-0.62	2.9	0	4.6	3.6	5.1	2.9	0
E6.75	E675_Primitive_Streak	Primitive_Streak	0.56	0.08	0	0	2.5	3.1	0	0	2.5
E6.75	E675_Primitive_Streak	Primitive_Streak	0.02	-1.55	0	0	0	0	0	0	0
E6.75	E675_Nascent_mesoderm	Nascent_mesoderm	-5.1	0.94	3.3	0	5.2	2.9	5	2.3	3.3
E6.75	E675_Primitive_Streak	Primitive_Streak	-1.27	1.52	0	0	0	0	0	0	3
E6.75	E675_Nascent_mesoderm	Nascent_mesoderm	-4.82	-0.3	2.9	0	3.9	0	4.2	0	2.9
E6.75	E675_Nascent_mesoderm	Nascent_mesoderm	-5.63	-2.46	2.7	3.7	2.7	3.3	5.1	0	0
E6.75	E675_Primitive_Streak	Primitive_Streak	0.75	3.69	0	0	2.4	0	0	0	0
E6.75	E675_Nascent_mesoderm	Nascent_mesoderm	-4.12	-3.28	2.3	3.8	0	0	4	0	0
E6.75	E675_Primitive_Streak	Primitive_Streak	-0.73	-1.65	0	2.3	0	0	2.9	0	0
E6.75	E675_Nascent_mesoderm	Nascent_mesoderm	-4.52	-4.02	0	4.5	0	0	0	0	0
E6.75	E675_Primitive_Streak	Primitive_Streak	1.59	-1.14	0	0	2.6	2.6	4	0	0
E6.75	E675_Primitive_Streak	Primitive_Streak	2.78	-1.54	0	0	0	0	0	0	0
E6.75	E675_Primitive_Streak	Primitive_Streak	-0.24	2.55	0	0	0	0	0	0	3.1
E6.75	E675_Primitive_Streak	Primitive_Streak	1.48	1.64	0	0	2.4	0	0	0	0
E6.75	E675_Primitive_Streak	Primitive_Streak	1.46	-2.14	0	0	0	2.6	0	0	0
E6.75	E675_Nascent_mesoderm	Nascent_mesoderm	-3.76	-2.07	2.8	0	0	0	4.7	0	0
E6.75	E675_Nascent_mesoderm	Nascent_mesoderm	-5.22	-2.78	2.7	3.8	0	0	5.1	0	0
E6.75	E675_Primitive_Streak	Primitive_Streak	1.85	4.8	0	0	0	0	0	0	0
E6.75	E675_Primitive_Streak	Primitive_Streak	3.43	0.23	0	0	0	0	0	0	0
E6.75	E675_Nascent_mesoderm	Nascent_mesoderm	-5.72	-0.6	0	0	0	2.8	4.2	0	0
E6.75	E675_Primitive_Streak	Primitive_Streak	1.64	0.44	0	0	0	0	0	0	0
E6.75	E675_Primitive_Streak	Primitive_Streak	2.05	0.72	0	0	0	0	0	0	0
E6.75	E675_Primitive_Streak	Primitive_Streak	2.05	1.33	0	0	0	0	0	0	2.3
E6.75	E675_Primitive_Streak	Primitive_Streak	1.2	0.67	0	0	0	0	0	0	2.6
E6.75	E675_Primitive_Streak	Primitive_Streak	-0.17	-0.44	0	0	0	0	0	0	2.5
E6.75	E675_Primitive_Streak	Primitive_Streak	0.35	0.87	0	0	0	0	0	0	0
E6.75	E675_Primitive_Streak	Primitive_Streak	3.36	-1.48	0	0	0	3.2	0	0	2.5
E6.75	E675_Nascent_mesoderm	Nascent_mesoderm	-5	-3.98	2.4	4	0	0	3.8	0	0
E6.75	E675_Nascent_mesoderm	Nascent_mesoderm	-5.41	-2.02	3	3	2.3	0	4.7	0	0
E6.75	E675_Nascent_mesoderm	Nascent_mesoderm	-3.77	-3.69	0	5.3	0	0	4.3	0	0
E6.75	E675_Primitive_Streak	Primitive_Streak	-0.96	1.92	0	0	0	2.6	0	0	3.2
E6.75	E675_Primitive_Streak	Primitive_Streak	0.92	-0.07	0	0	0	0	0	0	0
E6.75	E675_Primitive_Streak	Primitive_Streak	1.19	-1.3	0	0	0	0	0	0	0
E6.75	E675_Primitive_Streak	Primitive_Streak	0.16	0.91	0	0	0	0	0	0	0
E6.75	E675_Nascent_mesoderm	Nascent_mesoderm	-6.41	-3.37	0	0	0	0	4.1	0	0
E6.75	E675_Primitive_Streak	Primitive_Streak	0.63	2.21	0	0	0	0	0	0	0
E6.75	E675_Primitive_Streak	Primitive_Streak	5.97	-1.32	0	0	2.1	0	0	0	3.1
E6.75	E675_Primitive_Streak	Primitive_Streak	0.8	-2.65	0	0	0	0	0	0	2.8
E6.75	E675_Primitive_Streak	Primitive_Streak	-1.54	-2.08	0	0	0	0	3.3	0	3.3
E6.75	E675_Primitive_Streak	Primitive_Streak	1.55	-0.77	0	0	0	0	0	0	3.3
E6.75	E675_Primitive_Streak	Primitive_Streak	-1.76	-2.46	0	2.6	0	0	0	0	0
E6.75	E675_Nascent_mesoderm	Nascent_mesoderm	-1.92	-1.07	0	0	0	0	5	3.6	4.3
E6.75	E675_Nascent_mesoderm	Nascent_mesoderm	-3.33	-2.87	0	4.3	0	0	3.8	0	3.4
E6.75	E675_Primitive_Streak	Primitive_Streak	2.17	-1.18	0	0	0	0	3.9	2	2.7
E6.75	E675_Primitive_Streak	Primitive_Streak	4.11	1.95	0	0	0	0	0	0	0
E6.75	E675_Nascent_mesoderm	Nascent_mesoderm	-2.79	-0.29	0	0	0	0	5.4	0	0
E6.75	E675_Primitive_Streak	Primitive_Streak	1.04	1.21	0	0	0	0	2.5	0	0
E6.75	E675_Primitive_Streak	Primitive_Streak	2.42	-0.06	0	0	2.5	0	0	0	0
E6.75	E675_Nascent_mesoderm	Nascent_mesoderm	-3.34	-0.73	0	0	3	3.6	5	3	3.6
E6.75	E675_Primitive_Streak	Primitive_Streak	2.3	0.3	0	0	0	0	0	0	0
E6.75	E675_Primitive_Streak	Primitive_Streak	1.92	0.56	0	2.3	0	0	0	0	0
E6.75	E675_Primitive_Streak	Primitive_Streak	-0.04	3.05	0	0	0	2.1	0	0	0
E6.75	E675_Nascent_mesoderm	Nascent_mesoderm	-4.1	1.66	3.1	0	4.9	0	5.1	0	0
E6.75	E675_Nascent_mesoderm	Nascent_mesoderm	-5	-0.88	0	2.7	4.4	2.7	5	2.7	3.4
E6.75	E675_Primitive_Streak	Primitive_Streak	2.54	-0.52	0	0	0	0	0	0	0
E6.75	E675_Nascent_mesoderm	Nascent_mesoderm	-5.14	1.53	2.5	0	5.3	3.5	4.5	3.5	3.1
E6.75	E675_Primitive_Streak	Primitive_Streak	1.07	1.85	0	0	0	0	0	0	2.7
E6.75	E675_Primitive_Streak	Primitive_Streak	1.43	-0.42	0	0	2.5	0	0	0	0
E6.75	E675_Primitive_Streak	Primitive_Streak	-0.41	0.42	0	0	3.7	0	0	0	3.4
E6.75	E675_Primitive_Streak	Primitive_Streak	0.71	-0.46	0	0	0	0	0	0	0
E6.75	E675_Primitive_Streak	Primitive_Streak	0.99	-0.16	0	0	0	0	0	0	0
E6.75	E675_Primitive_Streak	Primitive_Streak	1.21	0.95	0	0	0	0	0	0	3.6
E6.75	E675_Nascent_mesoderm	Nascent_mesoderm	-3.61	-2.36	2.4	2.4	0	0	4.3	2.4	0
E6.75	E675_Primitive_Streak	Primitive_Streak	-1.58	-2.79	0	0	0	0	0	0	2.5
E6.75	E675_Primitive_Streak	Primitive_Streak	1.46	2.23	0	0	0	0	0	0	0
E6.75	E675_Nascent_mesoderm	Nascent_mesoderm	-5.66	-1.29	1.9	2.6	3.4	2.9	4.7	0	1.9
E6.75	E675_Primitive_Streak	Primitive_Streak	2.17	-0.79	0	0	0	0	0	0	0
E6.75	E675_Nascent_mesoderm	Nascent_mesoderm	-4.66	-3.68	2.7	4.9	0	0	4.7	0	0
E6.75	E675_Primitive_Streak	Primitive_Streak	-0.07	-0.4	0	0	0	0	0	0	2.8
E6.75	E675_Nascent_mesoderm	Nascent_mesoderm	-6	-0.21	2	2	5.1	4	3.2	2.6	0
E6.75	E675_Primitive_Streak	Primitive_Streak	1.68	1.41	0	0	0	0	0	0	0
E6.75	E675_Primitive_Streak	Primitive_Streak	2.57	-0.55	0	0	0	0	0	0	2.4
E6.75	E675_Primitive_Streak	Primitive_Streak	1.87	-0.53	0	0	0	0	0	0	0
E6.75	E675_Primitive_Streak	Primitive_Streak	3.43	1.85	0	0	0	0	0	0	0
E6.75	E675_Primitive_Streak	Primitive_Streak	-1.36	0	0	0	0	0	3.3	2.3	2.9
E6.75	E675_Primitive_Streak	Primitive_Streak	1.7	3.76	0	0	0	0	0	0	2.9
E6.75	E675_Primitive_Streak	Primitive_Streak	5.69	-2.04	3.5	0	2.4	3.1	0	0	3.5
E6.75	E675_Nascent_mesoderm	Nascent_mesoderm	-3.7	-0.84	0	2.7	0	0	4.8	0	3.7
E6.75	E675_Nascent_mesoderm	Nascent_mesoderm	-5.4	0.15	4	0	0	3.4	4.3	0	4.6
E6.75	E675_Nascent_mesoderm	Nascent_mesoderm	-5.81	-1.89	0	2.4	3.7	0	4.6	2.4	0
E6.75	E675_Primitive_Streak	Primitive_Streak	1.83	-1.42	0	0	2.7	0	0	0	0
E6.75	E675_Primitive_Streak	Primitive_Streak	1.31	-0.16	0	0	0	0	0	0	0
E6.75	E675_Primitive_Streak	Primitive_Streak	1.49	4.7	0	0	0	0	0	0	0
E6.75	E675_Primitive_Streak	Primitive_Streak	3.73	1.85	0	0	0	0	0	0	0
E6.75	E675_Primitive_Streak	Primitive_Streak	2.65	2.82	0	0	2.4	0	0	0	2.4
E6.75	E675_Nascent_mesoderm	Nascent_mesoderm	-5.58	0.96	2.4	0	5.1	4.7	2.4	0	3.4
E6.75	E675_Primitive_Streak	Primitive_Streak	1.88	-0.73	0	0	0	0	0	0	0
E6.75	E675_Nascent_mesoderm	Nascent_mesoderm	-2.56	1.28	0	0	4.4	3.1	3.7	3.1	2
E6.75	E675_Nascent_mesoderm	Nascent_mesoderm	-3.19	-2.05	0	3	0	0	5	0	3
E6.75	E675_Primitive_Streak	Primitive_Streak	2.78	1.56	0	0	0	0	0	0	0
E6.75	E675_Primitive_Streak	Primitive_Streak	0.3	2.91	0	0	2.8	0	4.4	2.4	2.8
E6.75	E675_Nascent_mesoderm	Nascent_mesoderm	-5.21	0.52	3	0	3	3.4	4.7	2.4	3.7
E6.75	E675_Primitive_Streak	Primitive_Streak	-2.38	-1.72	0	0	0	0	0	0	0
E6.75	E675_Primitive_Streak	Primitive_Streak	1.22	-0.84	0	0	0	0	0	0	0
E6.75	E675_Nascent_mesoderm	Nascent_mesoderm	-5.73	-1.27	0	3.4	3.8	3.4	4.6	0	0
E6.75	E675_Primitive_Streak	Primitive_Streak	0.36	2.82	0	0	3.2	0	3.2	0	2.2
E6.75	E675_Nascent_mesoderm	Nascent_mesoderm	-4.69	0.82	3.2	0	5.6	4.7	5.3	2.6	2.6
E6.75	E675_Primitive_Streak	Primitive_Streak	-1.17	-1.18	0	0	0	0	0	0	2.6
E6.75	E675_Primitive_Streak	Primitive_Streak	0.81	2.35	0	0	0	0	0	0	0
E6.75	E675_Primitive_Streak	Primitive_Streak	-2	0.63	2.4	0	2.4	2.4	2.4	0	4.1
E6.75	E675_Primitive_Streak	Primitive_Streak	0.37	-2.36	0	2.4	0	0	0	0	0
E6.75	E675_Nascent_mesoderm	Nascent_mesoderm	-3.53	-0.31	0	0	0	2.7	5.6	0	4
E6.75	E675_Primitive_Streak	Primitive_Streak	1.17	-0.65	0	0	2.6	0	2.6	0	3.3
E6.75	E675_Nascent_mesoderm	Nascent_mesoderm	-2.44	-1.01	0	0	0	0	3.8	0	2.7
E6.75	E675_Primitive_Streak	Primitive_Streak	1.55	-0.55	0	0	0	0	0	0	0
E6.75	E675_Primitive_Streak	Primitive_Streak	1.22	2.29	0	0	0	0	0	0	0
E6.75	E675_Primitive_Streak	Primitive_Streak	1.5	-0.18	0	0	0	0	0	0	0
E6.75	E675_Primitive_Streak	Primitive_Streak	0.33	-1.87	0	0	0	0	0	0	0
E6.75	E675_Nascent_mesoderm	Nascent_mesoderm	-6.43	-1.21	0	3.3	0	3.3	4.2	0	2.6
E6.75	E675_Primitive_Streak	Primitive_Streak	2.9	3.18	0	0	2.1	0	0	0	0
E6.75	E675_Primitive_Streak	Primitive_Streak	-0.15	0.55	0	0	2.7	0	0	0	3.3
E6.75	E675_Primitive_Streak	Primitive_Streak	1.31	1.83	0	0	0	0	0	0	0
E6.75	E675_Primitive_Streak	Primitive_Streak	0.28	1.93	0	0	0	0	0	0	0
E6.75	E675_Nascent_mesoderm	Nascent_mesoderm	-3.95	1.71	2.5	0	4.9	2.5	5.6	3.8	3.6
E6.75	E675_Primitive_Streak	Primitive_Streak	0.28	1.14	0	0	0	0	0	0	0
E6.75	E675_Primitive_Streak	Primitive_Streak	1.19	-0.32	0	0	3.2	0	3.2	0	0
E6.75	E675_Primitive_Streak	Primitive_Streak	2.1	1.18	0	0	0	0	0	0	0
E6.75	E675_Nascent_mesoderm	Nascent_mesoderm	-5.36	-3.21	2.3	4.7	0	0	2.3	0	0
E6.75	E675_Nascent_mesoderm	Nascent_mesoderm	-3.32	0.72	2.3	2.3	3.6	0	5	3	2.3
E6.75	E675_Nascent_mesoderm	Nascent_mesoderm	-5.01	-0.21	0	2.4	4.5	3.4	4.9	3	3
E6.75	E675_Nascent_mesoderm	Nascent_mesoderm	-4.63	-1.49	3.9	2.6	2.6	0	4.6	0	0
E6.75	E675_Primitive_Streak	Primitive_Streak	0.22	2.49	0	0	0	0	0	0	0
E6.75	E675_Primitive_Streak	Primitive_Streak	1.89	0.85	0	0	2.8	0	0	0	2.8
E6.75	E675_Nascent_mesoderm	Nascent_mesoderm	-4.41	-2.09	0	2.5	0	0	4.7	0	0
E6.75	E675_Nascent_mesoderm	Nascent_mesoderm	-4.07	1.1	0	0	4.2	3.3	3.7	3.3	3.7
E6.75	E675_Primitive_Streak	Primitive_Streak	-1.11	-2.42	0	0	0	2.5	0	0	3.6
E6.75	E675_Primitive_Streak	Primitive_Streak	0.55	-1.75	0	0	0	0	0	0	0
E6.75	E675_Primitive_Streak	Primitive_Streak	4.9	-2.43	2.6	0	0	2.6	0	0	3.2
E6.75	E675_Primitive_Streak	Primitive_Streak	0.98	0.64	0	0	0	0	0	0	0
E6.75	E675_Primitive_Streak	Primitive_Streak	2.98	1.39	0	0	3.1	0	0	0	0
E6.75	E675_Nascent_mesoderm	Nascent_mesoderm	-4.79	0.26	2.5	0	4.2	0	5	0	3.8
E6.75	E675_Primitive_Streak	Primitive_Streak	-0.15	-0.47	0	0	3.9	2.1	4.1	2.1	2.1
E6.75	E675_Primitive_Streak	Primitive_Streak	0.38	1.46	0	2.9	0	0	0	0	0
E6.75	E675_Primitive_Streak	Primitive_Streak	0.72	3.95	0	0	3.2	0	0	0	2
E6.75	E675_Primitive_Streak	Primitive_Streak	0.89	0.8	0	0	0	0	0	0	2.5
E6.75	E675_Nascent_mesoderm	Nascent_mesoderm	-5.41	0.18	3.9	0	4.7	3.6	5.3	3.2	3.9
E6.75	E675_Nascent_mesoderm	Nascent_mesoderm	-4.88	0.59	0	0	5.3	3.9	4.6	2.6	3.6
E6.75	E675_Primitive_Streak	Primitive_Streak	1.66	-0.68	0	0	0	0	2.5	0	0
E6.75	E675_Primitive_Streak	Primitive_Streak	1.05	1.31	0	0	0	0	0	0	0
E6.75	E675_Nascent_mesoderm	Nascent_mesoderm	-6.06	-1.85	0	0	0	3	4.7	0	3
E6.75	E675_Primitive_Streak	Primitive_Streak	2.39	0.61	0	0	0	2.5	0	0	0
E6.75	E675_Primitive_Streak	Primitive_Streak	-0.74	0.7	0	0	3.8	3.5	0	0	2.5
E6.75	E675_Primitive_Streak	Primitive_Streak	-4.48	-1.95	0	2.9	0	0	4.5	0	0
E6.75	E675_Primitive_Streak	Primitive_Streak	-2.15	-1.83	0	0	0	0	0	0	0
E6.75	E675_Primitive_Streak	Primitive_Streak	2.48	0.94	0	0	0	0	0	0	0
E6.75	E675_Primitive_Streak	Primitive_Streak	0.56	-0.77	0	0	0	0	0	0	0
E6.75	E675_Primitive_Streak	Primitive_Streak	-1.51	-2.1	0	0	0	0	2.4	0	3.7
E6.75	E675_Primitive_Streak	Primitive_Streak	4.7	-2.42	2.7	0	0	3.3	0	0	4.2
E6.75	E675_Primitive_Streak	Primitive_Streak	1.72	1.52	0	0	0	0	0	0	2.5
E6.75	E675_Nascent_mesoderm	Nascent_mesoderm	-5.21	-2.54	0	3.1	0	2.5	4.2	0	2.5
E6.75	E675_Nascent_mesoderm	Nascent_mesoderm	-4.85	-3.05	0	4.4	0	0	4.3	0	3
E6.75	E675_Nascent_mesoderm	Nascent_mesoderm	-3.16	1.58	2.9	0	3.3	2.9	5.3	0	2.2
E6.75	E675_Primitive_Streak	Primitive_Streak	-0.53	1.07	0	0	0	2.3	0	0	0
E6.75	E675_Primitive_Streak	Primitive_Streak	2	-0.31	0	0	0	0	0	0	2.5
E6.75	E675_Primitive_Streak	Primitive_Streak	0.78	-1.05	0	0	0	0	0	0	0
E6.75	E675_Primitive_Streak	Primitive_Streak	1.85	1.87	0	0	0	0	0	0	0
E6.75	E675_Primitive_Streak	Primitive_Streak	-1.12	-0.51	0	0	0	2.9	0	0	2.9
E6.75	E675_Nascent_mesoderm	Nascent_mesoderm	-5.75	-2.14	0	3.3	4.2	2.7	4.7	0	0
E6.75	E675_Primitive_Streak	Primitive_Streak	3.09	3.18	0	0	2.9	0	0	0	2.9
E6.75	E675_Primitive_Streak	Primitive_Streak	-0.79	1.23	0	0	2.2	0	3.8	0	0
E6.75	E675_Primitive_Streak	Primitive_Streak	-1.72	2.31	0	0	0	0	4.1	0	3
E6.75	E675_Primitive_Streak	Primitive_Streak	-2.85	-3.29	0	3.9	0	0	2.8	0	0
E6.75	E675_Nascent_mesoderm	Nascent_mesoderm	-2.66	-2.03	0	3.1	0	2.7	4.3	0	0
E6.75	E675_Nascent_mesoderm	Nascent_mesoderm	-5.64	-0.25	2.7	2.7	5.1	0	3.8	0	3.4
E6.75	E675_Primitive_Streak	Primitive_Streak	-0.6	-1.91	0	0	0	0	2.8	0	2.8
E6.75	E675_Primitive_Streak	Primitive_Streak	3.17	2.99	0	0	0	0	0	0	2.6
E6.75	E675_Primitive_Streak	Primitive_Streak	-0.76	-3.02	0	0	0	0	0	0	0
E6.75	E675_Primitive_Streak	Primitive_Streak	-1.19	1.37	0	0	0	0	0	0	3.1
E6.75	E675_Primitive_Streak	Primitive_Streak	-3.56	-0.74	0	0	0	2.5	5	2.5	2.5
E6.75	E675_Primitive_Streak	Primitive_Streak	1.48	5.16	0	0	1.8	3.6	0	0	0
E6.75	E675_Primitive_Streak	Primitive_Streak	1.56	-1.19	0	0	0	0	0	0	0
E6.75	E675_Nascent_mesoderm	Nascent_mesoderm	-4.68	0.84	2.6	0	4.9	3.3	4.6	3.9	3.3
E6.75	E675_Nascent_mesoderm	Nascent_mesoderm	-6.04	-1.53	0	3.8	4	0	5.5	0	2.5
E6.75	E675_Primitive_Streak	Primitive_Streak	3.8	1.83	0	0	0	0	0	0	0
E6.75	E675_Primitive_Streak	Primitive_Streak	2.41	0.93	0	0	0	0	0	0	0
E6.75	E675_Primitive_Streak	Primitive_Streak	3.14	-1.11	0	0	0	0	0	0	0
E6.75	E675_Nascent_mesoderm	Nascent_mesoderm	-5.68	-1.65	0	4.4	4.2	0	4.5	3.3	2.6
E6.75	E675_Nascent_mesoderm	Nascent_mesoderm	-4.75	-0.94	0	0	5	3.9	4.9	2.6	0
E6.75	E675_Nascent_mesoderm	Nascent_mesoderm	-5.26	-1.07	0	0	0	3.1	3.1	0	3.1
E6.75	E675_Primitive_Streak	Primitive_Streak	2.33	-0.02	0	0	0	0	0	0	0
E6.75	E675_Nascent_mesoderm	Nascent_mesoderm	-5.49	0.1	3.6	0	4	2.9	4.3	2.9	3.6
E6.75	E675_Primitive_Streak	Primitive_Streak	0.21	2.61	0	0	2.1	0	0	0	0
E6.75	E675_Primitive_Streak	Primitive_Streak	1.47	1.95	0	0	0	0	0	0	0
E6.75	E675_Primitive_Streak	Primitive_Streak	2.51	-0.89	0	0	0	0	0	0	2.4
E6.75	E675_Nascent_mesoderm	Nascent_mesoderm	-3.96	-0.97	0	0	2.6	0	5.5	3.3	3.3
E6.75	E675_Nascent_mesoderm	Nascent_mesoderm	-4.38	-0.79	0	2.6	3.3	3.3	5.3	0	0
E6.75	E675_Nascent_mesoderm	Nascent_mesoderm	-6	-2.52	2.5	2.5	3.5	2.5	3.8	0	0
E6.75	E675_Primitive_Streak	Primitive_Streak	0.7	2.57	0	0	3.1	0	0	0	0
E6.75	E675_Primitive_Streak	Primitive_Streak	1.37	0.3	0	0	2.7	0	0	0	0
E6.75	E675_Nascent_mesoderm	Nascent_mesoderm	-2.73	-2.15	0	0	0	2.2	4	0	2.8
E6.75	E675_Nascent_mesoderm	Nascent_mesoderm	-6.05	-3.32	0	3.8	0	0	4.6	0	0
E6.75	E675_Primitive_Streak	Primitive_Streak	0.04	-2.04	0	0	0	0	0	0	0
E6.75	E675_Primitive_Streak	Primitive_Streak	1.56	-0.36	0	0	0	0	0	0	0
E6.75	E675_Primitive_Streak	Primitive_Streak	1.03	2.46	0	0	0	0	0	0	0
E6.75	E675_Nascent_mesoderm	Nascent_mesoderm	-4.98	-1.27	2.5	2.5	2.5	0	4.9	2.5	0
E6.75	E675_Primitive_Streak	Primitive_Streak	-0.14	0.22	0	0	0	0	0	0	0
E6.75	E675_Primitive_Streak	Primitive_Streak	-1.65	0.49	0	0	0	3.3	3.8	0	3.3
E6.75	E675_Primitive_Streak	Primitive_Streak	2.18	0.09	0	0	0	3.3	0	0	2.2
E6.75	E675_Primitive_Streak	Primitive_Streak	1.79	0.24	0	0	2.4	0	0	0	0
E6.75	E675_Nascent_mesoderm	Nascent_mesoderm	-5.63	-0.84	2.9	0	4.9	2.9	4.5	0	2.9
E6.75	E675_Primitive_Streak	Primitive_Streak	0.71	-0.22	0	0	2.6	0	0	0	0
E6.75	E675_Primitive_Streak	Primitive_Streak	-0.25	0.11	0	0	0	0	0	0	0
E6.75	E675_Primitive_Streak	Primitive_Streak	0.4	-2.89	0	0	0	0	2.5	0	3.6
E6.75	E675_Primitive_Streak	Primitive_Streak	1.16	-0.67	0	0	0	0	0	0	0
E6.75	E675_Primitive_Streak	Primitive_Streak	-1.66	-1.32	0	0	0	0	3.2	0	4.1
E6.75	E675_Primitive_Streak	Primitive_Streak	0.8	3.44	0	0	0	0	0	0	0
E6.75	E675_Primitive_Streak	Primitive_Streak	-1.29	1.01	0	0	0	0	4.9	0	2.4
E6.75	E675_Nascent_mesoderm	Nascent_mesoderm	-5.58	-1.78	2.7	2.7	3.7	0	4.7	2.7	2.7
E6.75	E675_Primitive_Streak	Primitive_Streak	-1.04	-0.84	0	0	0	0	2.6	0	0
E6.75	E675_Primitive_Streak	Primitive_Streak	2.38	-1.55	0	0	0	0	0	0	0
E6.75	E675_Primitive_Streak	Primitive_Streak	2.71	0.2	0	0	0	0	0	0	0
E6.75	E675_Primitive_Streak	Primitive_Streak	0.76	2.35	0	0	0	0	0	0	0
E6.75	E675_Primitive_Streak	Primitive_Streak	2.84	-0.12	0	0	0	0	0	0	0
E6.75	E675_Primitive_Streak	Primitive_Streak	1.26	1.41	0	0	0	0	0	0	0
E6.75	E675_Primitive_Streak	Primitive_Streak	1.79	4.24	0	0	0	0	0	0	0
E6.75	E675_Primitive_Streak	Primitive_Streak	2.17	-0.17	0	0	0	0	0	0	0
E6.75	E675_Primitive_Streak	Primitive_Streak	-2.22	-1.81	0	0	0	0	4.4	0	3.6
E6.75	E675_Primitive_Streak	Primitive_Streak	-1.07	2.6	0	0	0	0	0	0	0
E6.75	E675_Primitive_Streak	Primitive_Streak	0.88	4.36	0	0	2.1	0	3.4	0	2.1
E6.75	E675_Nascent_mesoderm	Nascent_mesoderm	-6.23	-2.69	0	3.4	0	2.7	3.1	0	0
E6.75	E675_Primitive_Streak	Primitive_Streak	3.92	0.98	0	0	0	0	0	0	0
E6.75	E675_Nascent_mesoderm	Nascent_mesoderm	-5.37	-2.02	0	3	0	0	3	3	0
E6.75	E675_Nascent_mesoderm	Nascent_mesoderm	-1.39	-0.48	0	0	0	2.2	4.2	2.2	3.9
E6.75	E675_Nascent_mesoderm	Nascent_mesoderm	-6.36	-2.42	0	3	2.3	3	4.6	0	0
E6.75	E675_Primitive_Streak	Primitive_Streak	0.48	-2.44	0	0	2.5	2.5	2.5	0	3.6
E6.75	E675_Nascent_mesoderm	Nascent_mesoderm	-4.33	-3.74	3.3	4.4	0	2.6	4.7	0	0
E6.75	E675_Nascent_mesoderm	Nascent_mesoderm	-4.76	-1.15	3.2	0	0	0	3.9	2.6	3.2
E6.75	E675_Primitive_Streak	Primitive_Streak	1.19	-0.18	0	0	3.1	0	3.6	0	2.7
E6.75	E675_Primitive_Streak	Primitive_Streak	3.94	-2.17	0	0	0	2.6	0	0	3.3
E6.75	E675_Primitive_Streak	Primitive_Streak	0.79	2.45	0	0	0	0	0	0	0
E6.75	E675_Nascent_mesoderm	Nascent_mesoderm	-6.11	-1.21	3	2.4	4.4	0	5	0	2.4
E6.75	E675_Nascent_mesoderm	Nascent_mesoderm	-6.23	-2.7	2.5	4	3.1	0	4.5	0	2.5
E6.75	E675_Nascent_mesoderm	Nascent_mesoderm	-5.65	-0.24	2.6	0	4.8	2.6	4.9	2.6	3.7
E6.75	E675_Primitive_Streak	Primitive_Streak	2.78	-0.05	0	0	0	0	0	0	0
E6.75	E675_Nascent_mesoderm	Nascent_mesoderm	-3.29	-1.91	3	0	0	0	4.9	2.4	3
E6.75	E675_Nascent_mesoderm	Nascent_mesoderm	-5.84	-2.35	0	3.5	0	2.2	4.3	0	2.2
E6.75	E675_Primitive_Streak	Primitive_Streak	2.57	1.24	0	0	0	0	0	0	0
E6.75	E675_Nascent_mesoderm	Nascent_mesoderm	-5.14	-1.77	2.6	0	2.6	2.6	4.4	0	2.6
E6.75	E675_Primitive_Streak	Primitive_Streak	-0.54	0.13	0	0	0	0	0	0	0
E6.75	E675_Nascent_mesoderm	Nascent_mesoderm	-4.83	-3.46	2.5	3.8	2.5	0	5.3	0	2.5
E6.75	E675_Primitive_Streak	Primitive_Streak	-1.7	0.02	0	2.5	0	0	2.5	0	3.5
E6.75	E675_Primitive_Streak	Primitive_Streak	3.32	-1.4	0	0	0	0	0	0	4.1
E6.75	E675_Primitive_Streak	Primitive_Streak	3.27	1.29	0	0	0	0	0	0	0
E6.75	E675_Primitive_Streak	Primitive_Streak	0.74	0.62	0	0	0	0	0	0	0
E6.75	E675_Primitive_Streak	Primitive_Streak	2.02	-0.37	0	0	3.1	0	0	0	0
E6.75	E675_Nascent_mesoderm	Nascent_mesoderm	-5.02	-1.32	2.7	3.4	2.7	2.7	4.3	0	0
E6.75	E675_Nascent_mesoderm	Nascent_mesoderm	-5.02	-3.57	0	3.6	0	0	4.5	0	3.6
E6.75	E675_Primitive_Streak	Primitive_Streak	0.67	-1.26	0	0	0	0	0	0	0
E6.75	E675_Primitive_Streak	Primitive_Streak	-1.02	-1.1	0	0	3.1	0	0	0	0
E6.75	E675_Primitive_Streak	Primitive_Streak	-0.29	2.71	0	0	0	0	3.8	0	2.6
E6.75	E675_Primitive_Streak	Primitive_Streak	-1.97	1.25	0	0	0	2.3	4.6	0	2.3
E6.75	E675_Primitive_Streak	Primitive_Streak	-2.46	-2.8	0	0	0	0	0	0	0
E6.75	E675_Primitive_Streak	Primitive_Streak	2.76	1.83	0	0	0	0	0	0	0
E6.75	E675_Primitive_Streak	Primitive_Streak	0.29	0.71	0	0	0	0	0	0	0
E6.75	E675_Primitive_Streak	Primitive_Streak	2.89	0.39	0	0	2.4	0	0	0	0
E6.75	E675_Primitive_Streak	Primitive_Streak	1.64	0.95	0	0	0	0	0	0	0
E6.75	E675_Nascent_mesoderm	Nascent_mesoderm	-5.22	-0.84	0	0	4.5	0	4.3	3.8	3.8
E6.75	E675_Primitive_Streak	Primitive_Streak	2.91	-0.67	0	0	0	0	0	0	0
E6.75	E675_Primitive_Streak	Primitive_Streak	1.95	1.69	0	0	0	0	0	0	0
E6.75	E675_Nascent_mesoderm	Nascent_mesoderm	-4.57	1.06	0	0	4.4	3.5	5	3.5	0
E6.75	E675_Primitive_Streak	Primitive_Streak	1.22	1.89	0	0	0	0	3.2	0	2.5
E6.75	E675_Primitive_Streak	Primitive_Streak	-0.43	-2.89	0	0	0	0	0	0	2.6
E6.75	E675_Nascent_mesoderm	Nascent_mesoderm	-5.2	-1.24	0	4.3	4	3.8	5.5	3.4	2.7
E6.75	E675_Primitive_Streak	Primitive_Streak	0.86	1.32	0	0	0	0	0	0	2.4
E6.75	E675_Primitive_Streak	Primitive_Streak	-0.57	1.37	0	0	3.5	3.5	0	0	4.3
E6.75	E675_Nascent_mesoderm	Nascent_mesoderm	-6.14	-2	0	2.6	4.5	3.3	4.2	2.6	0
E6.75	E675_Primitive_Streak	Primitive_Streak	0.12	0.81	0	0	0	0	0	0	0
E6.75	E675_Primitive_Streak	Primitive_Streak	0.66	-1.08	0	0	0	0	0	0	3.2
E6.75	E675_Primitive_Streak	Primitive_Streak	1.96	-0.01	0	0	0	0	0	0	0
E6.75	E675_Primitive_Streak	Primitive_Streak	-1.97	-2.96	0	0	0	0	0	0	0
E6.75	E675_Primitive_Streak	Primitive_Streak	1.96	0.54	0	0	0	0	0	0	0
E6.75	E675_Primitive_Streak	Primitive_Streak	0.02	-2.78	0	0	0	0	0	0	3.8
E6.75	E675_Nascent_mesoderm	Nascent_mesoderm	-5.11	-0.44	2.7	2.7	4.7	2.7	3.8	2.7	3.4
E6.75	E675_Primitive_Streak	Primitive_Streak	-1.18	-3.18	0	0	0	0	0	0	2.9
E6.75	E675_Nascent_mesoderm	Nascent_mesoderm	-4.11	-3.68	0	4.4	0	0	0	0	0
E6.75	E675_Primitive_Streak	Primitive_Streak	0.48	1.02	0	0	2.6	0	0	0	0
E6.75	E675_Primitive_Streak	Primitive_Streak	5.75	-1.74	0	0	2.1	2.7	0	0	2.1
E6.75	E675_Nascent_mesoderm	Nascent_mesoderm	-3.13	-1.45	0	0	0	3	4.7	0	3.6
E6.75	E675_Primitive_Streak	Primitive_Streak	1.65	1.48	0	0	0	0	0	0	0
E6.75	E675_Primitive_Streak	Primitive_Streak	-0.9	0.4	0	0	0	0	0	0	0
E6.75	E675_Primitive_Streak	Primitive_Streak	0.27	0.35	0	0	0	0	0	0	0
E6.75	E675_Nascent_mesoderm	Nascent_mesoderm	-4.15	1.34	0	0	4.4	3.3	4.3	0	3
E6.75	E675_Nascent_mesoderm	Nascent_mesoderm	-2.12	0.27	0	0	0	0	4.3	1.8	0
E6.75	E675_Primitive_Streak	Primitive_Streak	0.55	-1.23	0	0	0	0	0	0	2.5
E6.75	E675_Primitive_Streak	Primitive_Streak	2.08	-0.73	0	0	0	0	0	0	0
E6.75	E675_Primitive_Streak	Primitive_Streak	1.61	3.06	0	0	0	0	3.2	0	3.2
E6.75	E675_Primitive_Streak	Primitive_Streak	1.55	4.3	0	0	0	0	0	0	0
E6.75	E675_Primitive_Streak	Primitive_Streak	2.47	2.08	0	0	0	0	0	0	0
E6.75	E675_Primitive_Streak	Primitive_Streak	2.85	0.04	0	0	0	0	0	0	2.5
E6.75	E675_Primitive_Streak	Primitive_Streak	1.51	1.18	0	0	0	0	0	0	0
E6.75	E675_Primitive_Streak	Primitive_Streak	-0.15	2.33	0	0	2	3	3.6	2	0
E6.75	E675_Primitive_Streak	Primitive_Streak	2.1	-1.33	0	0	0	0	0	0	0
E6.75	E675_Primitive_Streak	Primitive_Streak	0.38	-1.48	0	0	2.8	0	0	0	0
E6.75	E675_Primitive_Streak	Primitive_Streak	-2.19	-2.3	0	0	0	2.5	3.1	0	0
E6.75	E675_Primitive_Streak	Primitive_Streak	1.19	-0.95	0	0	0	0	0	0	0
E6.75	E675_Primitive_Streak	Primitive_Streak	0.41	2.05	0	0	0	0	0	0	2.4
E6.75	E675_Primitive_Streak	Primitive_Streak	-0.26	-1.02	0	0	0	0	0	0	0
E6.75	E675_Nascent_mesoderm	Nascent_mesoderm	-4.8	-0.83	0	0	4.2	2.7	4.7	0	0
E6.75	E675_Primitive_Streak	Primitive_Streak	0.89	-0.91	0	0	0	0	0	0	2.4
E6.75	E675_Primitive_Streak	Primitive_Streak	3.47	-0.95	0	0	0	0	0	0	0
E6.75	E675_Primitive_Streak	Primitive_Streak	0.4	-0.09	0	0	0	0	0	0	0
E6.75	E675_Primitive_Streak	Primitive_Streak	2.01	2.69	0	0	2.2	0	0	0	0
E6.75	E675_Primitive_Streak	Primitive_Streak	-1.58	-0.43	0	0	0	0	0	3.9	4.1
E6.75	E675_Primitive_Streak	Primitive_Streak	1.86	-1.06	0	0	0	0	0	0	0
E6.75	E675_Primitive_Streak	Primitive_Streak	0.11	1.74	0	0	0	0	0	0	0
E6.75	E675_Primitive_Streak	Primitive_Streak	2.01	1.5	0	0	2.9	0	0	0	3.3
E6.75	E675_Nascent_mesoderm	Nascent_mesoderm	-6.57	-4.04	0	0	0	0	0	0	0
E6.75	E675_Primitive_Streak	Primitive_Streak	2.39	-0.86	0	0	0	0	0	0	2.4
E6.75	E675_Primitive_Streak	Primitive_Streak	0.93	0.05	0	0	0	0	0	0	2.9
E6.75	E675_Primitive_Streak	Primitive_Streak	-0.13	-0.17	0	0	3.1	0	3.1	0	3.1
E6.75	E675_Primitive_Streak	Primitive_Streak	1.78	-0.2	0	0	0	0	0	0	0
E6.75	E675_Nascent_mesoderm	Nascent_mesoderm	-4.96	-2.53	3.3	3.7	0	4.5	4.8	0	0
E6.75	E675_Primitive_Streak	Primitive_Streak	0.38	3	0	0	0	0	0	0	0
E6.75	E675_Nascent_mesoderm	Nascent_mesoderm	-2.22	2.34	0	0	3	0	5.1	0	3
E6.75	E675_Primitive_Streak	Primitive_Streak	-0.15	3.13	0	0	2.2	0	3.5	0	2.2
E6.75	E675_Primitive_Streak	Primitive_Streak	5.1	-2.63	3.8	0	3.4	0	0	0	3.8
E6.75	E675_Nascent_mesoderm	Nascent_mesoderm	-4.44	-3.73	0	4.5	0	2.4	4.9	0	0
E6.75	E675_Primitive_Streak	Primitive_Streak	5.59	-2.32	0	0	0	0	0	0	0
E6.75	E675_Primitive_Streak	Primitive_Streak	1.72	0.23	0	0	0	0	0	0	0
E6.75	E675_Nascent_mesoderm	Nascent_mesoderm	-5.65	-0.51	2.5	0	5.4	2.5	4.9	0	0
E6.75	E675_Primitive_Streak	Primitive_Streak	1.83	-0.41	0	0	0	0	0	0	2.5
E6.75	E675_Primitive_Streak	Primitive_Streak	1.57	-1.69	0	0	0	0	0	0	0
E6.75	E675_Primitive_Streak	Primitive_Streak	2.22	-0.13	0	0	0	0	0	0	2
E6.75	E675_Primitive_Streak	Primitive_Streak	0.07	1.26	0	0	2.5	0	0	0	0
E6.75	E675_Nascent_mesoderm	Nascent_mesoderm	-5.88	-0.34	0	0	4.6	2.6	4.7	3.2	3.2
E6.75	E675_Nascent_mesoderm	Nascent_mesoderm	-6.07	-0.34	3.1	0	5	3.7	3.1	0	3.1
E6.75	E675_Nascent_mesoderm	Nascent_mesoderm	-4.53	-0.41	2.6	0	4.8	3.6	3.9	2.6	0
E6.75	E675_Primitive_Streak	Primitive_Streak	-0.45	2.06	2.3	0	3.6	2.3	0	0	3
E6.75	E675_Primitive_Streak	Primitive_Streak	0.68	-0.19	0	0	0	0	0	0	0
E6.75	E675_Primitive_Streak	Primitive_Streak	2.47	1.64	0	0	0	0	0	0	0
E6.75	E675_Primitive_Streak	Primitive_Streak	2.62	0.79	0	0	2.3	0	0	0	0
E6.75	E675_Primitive_Streak	Primitive_Streak	0.42	-1.25	0	0	0	0	0	0	0
E6.75	E675_Primitive_Streak	Primitive_Streak	0.83	1.81	0	0	0	0	0	0	0
E6.75	E675_Primitive_Streak	Primitive_Streak	1.9	1.01	0	0	0	0	0	0	0
E6.75	E675_Primitive_Streak	Primitive_Streak	1.48	-0.56	0	0	0	0	0	0	0
E6.75	E675_Nascent_mesoderm	Nascent_mesoderm	-4.49	-0.15	0	0	0	2.5	4.4	2.5	3.1
E6.75	E675_Primitive_Streak	Primitive_Streak	3.51	3.29	0	0	1.8	0	0	0	1.8
E6.75	E675_Nascent_mesoderm	Nascent_mesoderm	-2.77	1.98	0	0	2.4	0	4.9	0	2.4
E6.75	E675_Primitive_Streak	Primitive_Streak	3.89	3.24	0	0	0	0	0	0	0
E6.75	E675_Primitive_Streak	Primitive_Streak	1.22	-0.49	0	0	0	0	0	0	0
E6.75	E675_Primitive_Streak	Primitive_Streak	-0.29	-0.27	0	0	3.2	0	0	0	0
E6.75	E675_Primitive_Streak	Primitive_Streak	0.74	3.33	0	0	0	0	0	0	0
E6.75	E675_Primitive_Streak	Primitive_Streak	2.98	1.49	0	0	0	0	0	0	0
E6.75	E675_Nascent_mesoderm	Nascent_mesoderm	-6.07	-2.29	0	3.7	4.7	2.9	4.9	0	0
E6.75	E675_Primitive_Streak	Primitive_Streak	0.61	4.18	0	0	2.1	0	2.1	1.5	1.5
E6.75	E675_Primitive_Streak	Primitive_Streak	2.52	0.85	0	0	0	0	0	0	0
E6.75	E675_Primitive_Streak	Primitive_Streak	2.64	-0.28	0	0	0	0	0	0	0
E6.75	E675_Primitive_Streak	Primitive_Streak	1.46	-1.16	0	0	0	0	2.7	0	0
E6.75	E675_Primitive_Streak	Primitive_Streak	1.3	2.97	0	0	0	0	0	0	0
E6.75	E675_Primitive_Streak	Primitive_Streak	-1.54	-0.52	0	0	0	0	0	0	0
E6.75	E675_Primitive_Streak	Primitive_Streak	1.44	0.11	0	0	2.2	0	0	2.2	2.2
E6.75	E675_Nascent_mesoderm	Nascent_mesoderm	-4.58	-1.02	3.3	3.6	3	0	5	3.3	2.3
E6.75	E675_Primitive_Streak	Primitive_Streak	2.97	0.79	0	0	0	0	0	0	0
E6.75	E675_Primitive_Streak	Primitive_Streak	-2.42	-0.45	0	0	0	2.3	4.2	0	3.6
E6.75	E675_Primitive_Streak	Primitive_Streak	2.25	-1.2	0	0	0	0	0	0	0
E6.75	E675_Nascent_mesoderm	Nascent_mesoderm	-6.33	-4.5	2.5	0	0	0	0	0	0
E6.75	E675_Primitive_Streak	Primitive_Streak	3.75	3.55	0	0	2.1	0	0	0	0
E6.75	E675_Primitive_Streak	Primitive_Streak	-0.12	1.96	0	0	0	0	0	0	2.4
E6.75	E675_Primitive_Streak	Primitive_Streak	-1.9	0.79	0	0	0	0	5.1	0	2.4
E6.75	E675_Primitive_Streak	Primitive_Streak	-0.51	2.03	0	0	0	0	3.6	0	0
E6.75	E675_Primitive_Streak	Primitive_Streak	-2.46	-3.1	0	0	0	0	0	0	0
E6.75	E675_Primitive_Streak	Primitive_Streak	-0.56	2.32	0	0	0	0	0	0	0
E6.75	E675_Primitive_Streak	Primitive_Streak	1.87	0.13	0	0	0	0	0	0	0
E6.75	E675_Primitive_Streak	Primitive_Streak	-1.24	-0.39	2	0	0	2	3.5	0	3.6
E6.75	E675_Primitive_Streak	Primitive_Streak	1.25	2.16	0	0	0	0	0	0	0
E6.75	E675_Nascent_mesoderm	Nascent_mesoderm	-3.37	-0.59	2.4	2.4	0	0	5	0	3.1
E6.75	E675_Primitive_Streak	Primitive_Streak	1.85	0.64	0	0	2.6	0	0	0	2.6
E6.75	E675_Primitive_Streak	Primitive_Streak	1.75	1.37	0	0	0	0	0	0	0
E6.75	E675_Primitive_Streak	Primitive_Streak	-2.27	0.63	2.4	0	2.4	0	4.2	0	2.4
E6.75	E675_Primitive_Streak	Primitive_Streak	-2.82	-3.13	0	0	0	0	4.7	0	0
E6.75	E675_Primitive_Streak	Primitive_Streak	3.64	-0.62	0	0	0	0	0	0	2.1
E6.75	E675_Nascent_mesoderm	Nascent_mesoderm	-2.96	1.5	0	0	0	2.2	4.5	0	0
E6.75	E675_Nascent_mesoderm	Nascent_mesoderm	-6.08	-2.33	3.4	3	0	0	4.8	0	0
E6.75	E675_Nascent_mesoderm	Nascent_mesoderm	-3.95	-1.28	0	0	0	0	4.7	3.4	2.8
E6.75	E675_Primitive_Streak	Primitive_Streak	-1.2	1.85	2.4	0	0	3.1	2.4	0	0
E6.75	E675_Nascent_mesoderm	Nascent_mesoderm	-5.93	-2.17	2.4	3.1	3.8	2.4	4.8	0	0
E6.75	E675_Primitive_Streak	Primitive_Streak	0.45	-0.64	0	0	0	0	0	0	0
E6.75	E675_Primitive_Streak	Primitive_Streak	0.12	-2.44	0	0	0	0	0	0	0
E6.75	E675_Nascent_mesoderm	Nascent_mesoderm	-4.93	-1.21	2.6	0	2.6	0	4.7	0	2.6
E6.75	E675_Nascent_mesoderm	Nascent_mesoderm	-2.24	-0.84	3.4	0	0	0	4.6	0	0
E6.75	E675_Primitive_Streak	Primitive_Streak	2.05	-1.01	2.9	0	0	2.9	0	0	0
E6.75	E675_Primitive_Streak	Primitive_Streak	5.19	-2.69	0	0	0	3.9	0	0	3.9
E6.75	E675_Primitive_Streak	Primitive_Streak	0.58	-0.56	0	0	0	0	0	0	3.3
E6.75	E675_Primitive_Streak	Primitive_Streak	2.51	3.71	0	0	0	0	0	0	0
E6.75	E675_Primitive_Streak	Primitive_Streak	3.13	-2.2	2	0	0	2.6	3.3	0	3.8
E6.75	E675_Nascent_mesoderm	Nascent_mesoderm	-3.23	1.55	2.3	0	4.3	4.2	0	0	2.3
E6.75	E675_Nascent_mesoderm	Nascent_mesoderm	-5	-3.95	3.1	3.5	0	0	4.5	0	2.5
E6.75	E675_Primitive_Streak	Primitive_Streak	1.6	0.9	0	0	0	0	0	0	0
E6.75	E675_Nascent_mesoderm	Nascent_mesoderm	-4.85	0.7	0	0	4.5	0	5	2.4	4.1
E6.75	E675_Nascent_mesoderm	Nascent_mesoderm	-5.56	-0.12	0	0	5.7	2.8	4.1	3.5	2.8
E6.75	E675_Primitive_Streak	Primitive_Streak	1.76	1.09	0	0	0	0	0	0	0
E6.75	E675_Primitive_Streak	Primitive_Streak	2.76	2.53	0	0	3.7	0	0	0	2.1
E6.75	E675_Primitive_Streak	Primitive_Streak	1.86	-0.85	0	0	0	0	0	0	0
E6.75	E675_Primitive_Streak	Primitive_Streak	-1.7	1.63	2.4	2.4	0	4.4	2.4	0	4.3
E6.75	E675_Primitive_Streak	Primitive_Streak	3.18	2.3	0	0	0	0	0	0	0
E6.75	E675_Primitive_Streak	Primitive_Streak	-0.77	-2.54	0	0	0	0	4	0	0
E6.75	E675_Primitive_Streak	Primitive_Streak	0.67	-0.71	0	0	0	0	0	0	0
E6.75	E675_Primitive_Streak	Primitive_Streak	-0.87	-1.2	0	0	0	0	2.7	0	3.7
E6.75	E675_Primitive_Streak	Primitive_Streak	0.1	-0.83	0	0	0	0	0	0	2.4
E6.75	E675_Primitive_Streak	Primitive_Streak	1.1	2.05	0	0	0	0	0	0	2.5
E6.75	E675_Primitive_Streak	Primitive_Streak	2.43	-0.72	0	0	0	0	0	0	0
E6.75	E675_Nascent_mesoderm	Nascent_mesoderm	-4.74	0.82	0	0	0	2.4	5	3.1	3.8
E6.75	E675_Primitive_Streak	Primitive_Streak	5.29	-2.36	2.5	0	0	3.1	0	0	2.5
E6.75	E675_Primitive_Streak	Primitive_Streak	1.18	1.03	0	0	0	0	0	0	0
E6.75	E675_Primitive_Streak	Primitive_Streak	0.97	2.01	0	0	0	0	0	0	2.1
E6.75	E675_Nascent_mesoderm	Nascent_mesoderm	-3.43	-0.73	0	0	0	2.7	4.9	2.7	3.8
E6.75	E675_Primitive_Streak	Primitive_Streak	-1.94	-3.2	0	0	0	0	0	0	2.6
E6.75	E675_Nascent_mesoderm	Nascent_mesoderm	-5.57	-0.82	0	0	4.8	3.6	3.6	2.6	0
E6.75	E675_Primitive_Streak	Primitive_Streak	-2.57	-2.97	0	3.2	0	0	0	0	0
E6.75	E675_Primitive_Streak	Primitive_Streak	2.12	-0.84	0	0	2.6	2.6	0	0	3.6
E6.75	E675_Primitive_Streak	Primitive_Streak	-1.29	-0.45	0	0	0	0	2.5	2.5	0
E6.75	E675_Nascent_mesoderm	Nascent_mesoderm	-3.18	1.26	0	0	0	2.3	4.9	3	0
E6.75	E675_Nascent_mesoderm	Nascent_mesoderm	-4.96	-1.99	3.3	3.3	0	0	3.9	0	2.6
E6.75	E675_Nascent_mesoderm	Nascent_mesoderm	-6.31	-3.64	2.5	2.5	0	0	3.5	0	0
E6.75	E675_Primitive_Streak	Primitive_Streak	-2.83	1.97	0	0	2.5	3.2	4.4	2.5	3.2
E6.75	E675_Nascent_mesoderm	Nascent_mesoderm	-3.82	0.12	2.5	0	2.5	3.2	5.1	3.2	3.8
E6.75	E675_Primitive_Streak	Primitive_Streak	0.8	-0.84	0	0	0	0	0	0	0
E6.75	E675_Nascent_mesoderm	Nascent_mesoderm	-6.25	-2.3	2.5	3.2	4.4	3.9	4.3	0	0
E6.75	E675_Primitive_Streak	Primitive_Streak	0.92	4.11	0	0	0	0	3.6	0	2.1
E6.75	E675_Primitive_Streak	Primitive_Streak	-0.64	2.45	0	0	2.1	0	3.6	0	2.1
E6.75	E675_Primitive_Streak	Primitive_Streak	1.29	-0.16	0	0	0	0	0	0	0
E6.75	E675_Nascent_mesoderm	Nascent_mesoderm	-5.71	-2.36	0	0	0	0	2.8	0	0
E6.75	E675_Nascent_mesoderm	Nascent_mesoderm	-4.09	0.33	2.5	0	5.1	4.1	4.8	2.5	4.6
E6.75	E675_Nascent_mesoderm	Nascent_mesoderm	-5.06	-1.98	3	3	3	3	0	0	0
E6.75	E675_Nascent_mesoderm	Nascent_mesoderm	-6	-1.71	3	3.9	4.4	3.7	5	0	0
E6.75	E675_Primitive_Streak	Primitive_Streak	2.14	4.91	0	0	0	2	0	0	0
E6.75	E675_Nascent_mesoderm	Nascent_mesoderm	-6.27	-1.16	2.7	4	4.9	4	4.8	0	2.7
E6.75	E675_Nascent_mesoderm	Nascent_mesoderm	-5.01	-0.9	0	2.6	4	3.3	4	0	2.6
E6.75	E675_Primitive_Streak	Primitive_Streak	-2.03	2.22	0	0	2.3	0	5.4	0	3.3
E6.75	E675_Primitive_Streak	Primitive_Streak	2.26	0.26	0	0	0	0	0	0	0
E6.75	E675_Primitive_Streak	Primitive_Streak	-1.06	0.09	0	0	0	3.5	0	0	0
E6.75	E675_Primitive_Streak	Primitive_Streak	2.45	1.8	0	0	2.2	0	0	0	0
E6.75	E675_Primitive_Streak	Primitive_Streak	2.6	-1.08	0	0	0	0	0	0	0
E6.75	E675_Primitive_Streak	Primitive_Streak	0.42	3.4	0	0	0	0	0	0	0
E6.75	E675_Nascent_mesoderm	Nascent_mesoderm	-5.29	0.47	3.6	0	5.1	2.5	5.1	0	3.6
E6.75	E675_Primitive_Streak	Primitive_Streak	1.03	0.38	0	0	0	0	0	0	0
E6.75	E675_Primitive_Streak	Primitive_Streak	0.47	1.98	0	0	0	0	3.4	0	0
E6.75	E675_Nascent_mesoderm	Nascent_mesoderm	-3.2	-0.74	0	0	4	3.6	4.5	3.6	3.6
E6.75	E675_Primitive_Streak	Primitive_Streak	1.32	0.42	0	0	3.7	0	0	0	0
E6.75	E675_Primitive_Streak	Primitive_Streak	1.97	2.42	0	0	2.7	0	0	0	3.1
E6.75	E675_Primitive_Streak	Primitive_Streak	-0.69	2.92	0	0	0	0	0	0	3.4
E6.75	E675_Primitive_Streak	Primitive_Streak	-0.93	-1	0	0	0	0	0	0	2.8
E6.75	E675_Primitive_Streak	Primitive_Streak	1.95	0.68	0	0	0	0	0	0	0
E6.75	E675_Primitive_Streak	Primitive_Streak	-1.37	0.42	0	0	0	0	0	0	3.5
E6.75	E675_Nascent_mesoderm	Nascent_mesoderm	-4.44	-0.28	1.8	2.7	3	2.4	4.7	0	3.4
E6.75	E675_Nascent_mesoderm	Nascent_mesoderm	-3.35	-1.05	0	0	0	2.7	4.2	2.7	0
E6.75	E675_Primitive_Streak	Primitive_Streak	0.7	1.47	0	0	2.4	0	0	0	0
E6.75	E675_Primitive_Streak	Primitive_Streak	0.52	-1.56	0	0	0	0	0	0	2.8
E6.75	E675_Primitive_Streak	Primitive_Streak	1.23	4.66	0	0	1.4	0	0	0	0
E6.75	E675_Primitive_Streak	Primitive_Streak	-0.21	2.21	0	0	0	0	0	0	0
E6.75	E675_Nascent_mesoderm	Nascent_mesoderm	-4.21	0.19	3.6	0	4.6	0	4.4	0	3.6
E6.75	E675_Nascent_mesoderm	Nascent_mesoderm	-3.14	-0.49	0	0	3.2	3.2	3.9	0	0
E6.75	E675_Nascent_mesoderm	Nascent_mesoderm	-5.49	-4.08	2.9	4.2	0	0	2.2	0	0
E6.75	E675_Nascent_mesoderm	Nascent_mesoderm	-5.82	-1.58	2	2.6	4.4	4.1	5.1	0	3
E6.75	E675_Primitive_Streak	Primitive_Streak	2.22	-0.2	0	0	0	0	0	0	0
E6.75	E675_Primitive_Streak	Primitive_Streak	2.05	-0.53	0	0	0	0	0	0	0
E6.75	E675_Primitive_Streak	Primitive_Streak	1.1	4.43	2	0	4	0	5	2.7	3.5
E6.75	E675_Primitive_Streak	Primitive_Streak	0.71	3.45	0	2.3	0	0	0	0	3.6
E6.75	E675_Primitive_Streak	Primitive_Streak	-1.69	1.44	2.4	0	0	0	3	0	4.1
E6.75	E675_Primitive_Streak	Primitive_Streak	0.22	1.24	0	0	0	0	0	0	3
E6.75	E675_Nascent_mesoderm	Nascent_mesoderm	-3.95	-1.41	0	0	0	0	4	3.3	0
E6.75	E675_Primitive_Streak	Primitive_Streak	2.33	-0.31	0	0	0	0	0	0	0
E6.75	E675_Primitive_Streak	Primitive_Streak	1.66	-1.51	0	0	0	0	0	0	4.4
E6.75	E675_Primitive_Streak	Primitive_Streak	1	-1.1	0	0	0	0	0	0	0
E6.75	E675_Primitive_Streak	Primitive_Streak	-0.46	-2.29	0	0	0	0	3.5	0	2.9
E6.75	E675_Primitive_Streak	Primitive_Streak	-1.67	0.16	0	0	2.5	0	0	0	3.5
E6.75	E675_Nascent_mesoderm	Nascent_mesoderm	-5.56	-2.08	0	0	4.6	2.3	4.3	0	2.3
E6.75	E675_Primitive_Streak	Primitive_Streak	-0.04	0.71	0	0	0	0	0	0	3.5
E6.75	E675_Primitive_Streak	Primitive_Streak	1.36	1.03	0	0	0	2.6	2.6	0	0
E6.75	E675_Nascent_mesoderm	Nascent_mesoderm	-4.29	1.05	2.5	0	0	0	5.2	3.6	3.6
E6.75	E675_Nascent_mesoderm	Nascent_mesoderm	-6.55	-4.43	0	0	0	0	0	0	0
E6.75	E675_Nascent_mesoderm	Nascent_mesoderm	-3.71	1.39	2.6	0	5.1	3.3	4.9	0	3.7
E6.75	E675_Primitive_Streak	Primitive_Streak	-0.17	0.25	0	0	0	0	2.7	0	2.7
E6.75	E675_Nascent_mesoderm	Nascent_mesoderm	-5.02	-2.36	2.6	2.6	0	0	4.9	0	0
E6.75	E675_Primitive_Streak	Primitive_Streak	-1.85	-1.23	2.5	0	2.5	0	4.3	2.5	3.6
E6.75	E675_Primitive_Streak	Primitive_Streak	-2.04	-0.33	0	0	0	0	3.2	0	4.4
E6.75	E675_Nascent_mesoderm	Nascent_mesoderm	-5.88	-1.43	0	2.9	0	3.5	4.2	0	2.9
E6.75	E675_Primitive_Streak	Primitive_Streak	-0.93	-1.65	0	0	0	0	0	0	0
E6.75	E675_Primitive_Streak	Primitive_Streak	1.75	-0.07	0	0	0	0	0	0	2.7
E6.75	E675_Primitive_Streak	Primitive_Streak	-0.21	-2	0	0	0	0	0	0	0
E6.75	E675_Primitive_Streak	Primitive_Streak	2.98	0.87	0	0	2.5	0	0	0	0
E6.75	E675_Primitive_Streak	Primitive_Streak	2.71	0.03	0	0	0	0	0	0	2.1
E6.75	E675_Nascent_mesoderm	Nascent_mesoderm	-4.17	-0.52	0	0	4.1	0	4.5	2.8	3.4
E6.75	E675_Nascent_mesoderm	Nascent_mesoderm	-3.96	-0.9	2.5	2.5	0	0	4.8	0	2.5
E6.75	E675_Primitive_Streak	Primitive_Streak	2.64	-0.4	0	0	3.4	0	0	0	0
E6.75	E675_Primitive_Streak	Primitive_Streak	1.45	1.77	0	0	0	0	0	0	0
E6.75	E675_Nascent_mesoderm	Nascent_mesoderm	-3.39	0	0	0	2.7	0	4.4	0	3.3
E6.75	E675_Primitive_Streak	Primitive_Streak	-1.12	0.87	0	0	0	0	0	0	0
E6.75	E675_Primitive_Streak	Primitive_Streak	1.18	1.22	0	0	0	0	0	0	0
E6.75	E675_Primitive_Streak	Primitive_Streak	-0.09	1.61	0	0	0	0	0	0	2.4
E6.75	E675_Nascent_mesoderm	Nascent_mesoderm	-5.95	-0.74	2.6	3.2	5.3	2.6	5.2	3.6	0
E6.75	E675_Nascent_mesoderm	Nascent_mesoderm	-3.65	0.35	0	0	0	2.6	5	2.6	3.6
E6.75	E675_Nascent_mesoderm	Nascent_mesoderm	-4	0.48	0	0	0	0	4.7	2.2	0
E6.75	E675_Primitive_Streak	Primitive_Streak	2.39	-2.3	0	0	0	0	3.3	0	2.9
E6.75	E675_Primitive_Streak	Primitive_Streak	0.82	-1.87	0	0	0	0	0	0	0
E6.75	E675_Nascent_mesoderm	Nascent_mesoderm	-4.6	1.59	2.2	0	5.1	2.8	4.2	0	3.2
E6.75	E675_Primitive_Streak	Primitive_Streak	1.99	-3.14	0	0	2.3	0	4.2	0	2.3
E6.75	E675_Primitive_Streak	Primitive_Streak	2.78	0.28	0	0	0	0	0	0	2.4
E6.75	E675_Primitive_Streak	Primitive_Streak	2.21	-0.29	0	0	0	0	0	0	0
E6.75	E675_Primitive_Streak	Primitive_Streak	3.96	3.48	0	0	0	0	0	0	0
E6.75	E675_Primitive_Streak	Primitive_Streak	2.42	0.1	0	0	0	0	0	0	0
E6.75	E675_Primitive_Streak	Primitive_Streak	0.48	4.36	2	0	0	0	3.7	0	0
E6.75	E675_Nascent_mesoderm	Nascent_mesoderm	-4.38	-2.38	2	4.1	0	2	3.7	0	0
E6.75	E675_Primitive_Streak	Primitive_Streak	4.37	3.3	0	0	0	0	0	0	0
E6.75	E675_Primitive_Streak	Primitive_Streak	-2.41	1.93	2.1	0	0	2.1	4.5	0	2.1
E6.75	E675_Primitive_Streak	Primitive_Streak	2.13	-0.88	0	0	0	0	0	0	0
E6.75	E675_Primitive_Streak	Primitive_Streak	-0.65	-1.25	0	0	0	0	3.7	3	0
E6.75	E675_Primitive_Streak	Primitive_Streak	1.75	-1.17	0	0	0	0	0	0	0
E6.75	E675_Nascent_mesoderm	Nascent_mesoderm	-5.79	-1.09	0	0	4.6	2.8	5.6	0	2.8
E6.75	E675_Primitive_Streak	Primitive_Streak	2.93	1.64	0	0	0	0	0	0	0
E6.75	E675_Primitive_Streak	Primitive_Streak	1.84	0.46	0	0	3	0	0	0	0
E6.75	E675_Nascent_mesoderm	Nascent_mesoderm	-6.22	-2.79	0	2.7	2.7	0	3.8	0	0
E6.75	E675_Primitive_Streak	Primitive_Streak	4.43	-2.05	3.2	0	0	2.6	0	0	3.2
E6.75	E675_Primitive_Streak	Primitive_Streak	-1.29	1.45	0	0	0	0	0	0	3.7
