day	Anno	celltype	UMAP_1	UMAP_2	marker:Runx1	marker:Hapln1	marker:Fli1	up:Hoxb2	up:Gata1	up:Gfi1b	up:Lyl1	up:Hoxb4	up:Runx1	up:Ascl2	up:Hoxb5	up:Emx2	up:Bcl11b	up:Hoxb6	down:Etv2	down:Pou5f1	down:Hes1	down:Msx1	down:E2f4
E7	E7_Hematoendothelial_progenitors	Hematoendothelial_progenitors	-2.32	2.15	0	0	0	0	0	0	0	0	0	0	0	0	2.7	0	2.7	0	0	0	0
E7	E7_Hematoendothelial_progenitors	Hematoendothelial_progenitors	-4.95	3.12	2.3	2.3	2.3	3.3	0	2.3	2.9	0	2.3	0	2.3	2.3	0	0	0	0	0	0	0
E7	E7_Hematoendothelial_progenitors	Hematoendothelial_progenitors	-4.18	-0.4	0	0	0	0	2.8	2.8	0	0	0	0	0	0	0	0	0	0	0	0	2.8
E7	E7_Hematoendothelial_progenitors	Hematoendothelial_progenitors	-2.74	-1.03	0	4.4	0	0	0	0	0	0	0	0	0	0	0	0	4.1	0	4.8	0	0
E7	E7_Hematoendothelial_progenitors	Hematoendothelial_progenitors	-1.51	1.31	2.5	0	0	0	4	0	2.5	0	2.5	0	0	2.5	0	0	0	0	2.5	0	3.1
E7	E7_Hematoendothelial_progenitors	Hematoendothelial_progenitors	-1.49	1.87	0	0	0	0	0	0	0	0	0	0	0	0	0	0	2.9	0	0	2.9	0
E7	E7_Hematoendothelial_progenitors	Hematoendothelial_progenitors	-3.77	2.49	2.7	0	0	0	0	2.7	2.7	0	2.7	0	0	0	0	0	3.4	0	0	0	0
E7	E7_Hematoendothelial_progenitors	Hematoendothelial_progenitors	-3.9	2.05	3.6	0	0	0	4.3	3	0	0	3.6	3	0	0	0	0	0	3	0	0	0
E7	E7_Hematoendothelial_progenitors	Hematoendothelial_progenitors	-3.43	-1	0	2.8	2.8	0	0	0	2.8	0	0	3.4	0	0	0	0	0	0	0	0	2.8
E7	E7_Hematoendothelial_progenitors	Hematoendothelial_progenitors	-2.11	-1.59	3.5	0	3.5	3.5	0	0	0	0	3.5	0	0	0	0	0	4.2	0	0	0	0
E7	E7_Hematoendothelial_progenitors	Hematoendothelial_progenitors	-4.37	1.96	2.7	0	0	0	3.8	2.7	0	0	2.7	0	0	0	2.7	0	0	0	0	0	0
E7	E7_Hematoendothelial_progenitors	Hematoendothelial_progenitors	-0.34	-1.08	2.8	0	2.8	0	0	0	0	0	2.8	0	0	0	0	0	4.1	2.8	0	0	3.5
E7	E7_Hematoendothelial_progenitors	Hematoendothelial_progenitors	-3.54	1.71	2.7	0	2.7	0	2.7	0	0	0	2.7	0	0	0	2.7	0	0	0	0	0	4.1
E7	E7_Hematoendothelial_progenitors	Hematoendothelial_progenitors	3.11	-3.69	0	2.3	2.3	0	0	0	0	0	0	0	0	0	0	0	3.7	3.9	3.7	0	4.2
E7	E7_Hematoendothelial_progenitors	Hematoendothelial_progenitors	-2.64	1.72	0	0	3.4	2.7	0	0	0	0	0	0	0	0	0	0	3.4	0	0	0	3.4
E7	E7_Hematoendothelial_progenitors	Hematoendothelial_progenitors	1.61	-2.3	0	0	0	0	0	2.7	0	0	0	0	0	0	0	0	5.5	3.4	0	3.4	3.4
E7	E7_Hematoendothelial_progenitors	Hematoendothelial_progenitors	-2.48	0.7	0	3	3.6	0	0	0	0	0	0	0	0	0	0	0	0	3	3	0	3
E7	E7_Hematoendothelial_progenitors	Hematoendothelial_progenitors	1.99	3.06	2.9	0	0	2.9	0	0	2.9	0	2.9	0	0	0	0	0	3.5	3.5	0	0	3.5
E7	E7_Hematoendothelial_progenitors	Hematoendothelial_progenitors	3.19	-2.6	0	0	0	0	0	0	0	0	0	0	0	0	0	0	5.9	0	3.5	0	2.8
E7	E7_Hematoendothelial_progenitors	Hematoendothelial_progenitors	0.51	2.83	0	0	0	0	0	0	0	0	0	0	0	0	0	0	4.5	3.6	0	0	0
E7	E7_Hematoendothelial_progenitors	Hematoendothelial_progenitors	0.14	3.13	0	0	0	2.7	0	0	0	0	0	0	0	0	0	0	4.3	2.7	3.4	0	0
E7	E7_Hematoendothelial_progenitors	Hematoendothelial_progenitors	-1.61	-2.99	0	2.7	3.7	0	0	0	0	0	0	0	0	0	0	0	4.9	3.3	2.7	0	2.7
E7	E7_Hematoendothelial_progenitors	Hematoendothelial_progenitors	-1.01	-1.18	2.7	0	3.8	0	0	0	2.7	0	2.7	0	0	0	0	0	4.4	3.8	0	0	2.7
E7	E7_Hematoendothelial_progenitors	Hematoendothelial_progenitors	-3.01	1.2	0	2.8	0	0	2.8	0	0	0	0	0	0	0	0	0	0	0	2.8	0	0
E7	E7_Hematoendothelial_progenitors	Hematoendothelial_progenitors	3	-1.61	0	0	0	0	0	0	0	0	0	0	0	0	0	0	5.7	2.5	3.2	2.5	3.2
E7	E7_Hematoendothelial_progenitors	Hematoendothelial_progenitors	2.71	-0.79	0	0	0	0	0	0	0	0	0	0	0	0	0	0	3.3	0	3.3	3.7	2.6
E7	E7_Hematoendothelial_progenitors	Hematoendothelial_progenitors	3.58	0.15	0	0	0	0	0	0	0	0	0	0	0	0	0	0	5.5	0	2.8	2.8	2.8
E7	E7_Hematoendothelial_progenitors	Hematoendothelial_progenitors	-5.42	0.82	2.8	2.8	2.8	2.8	4.4	3.5	0	0	2.8	0	0	0	0	0	3.5	0	0	0	3.5
E7	E7_Hematoendothelial_progenitors	Hematoendothelial_progenitors	-3.73	0.38	2.6	0	2.6	3.3	2.6	2.6	0	0	2.6	0	0	0	0	0	3.6	0	0	0	2.6
E7	E7_Hematoendothelial_progenitors	Hematoendothelial_progenitors	-2.19	3.18	0	0	0	0	3.2	0	0	0	0	0	0	0	0	0	0	0	2.6	0	0
E7	E7_Hematoendothelial_progenitors	Hematoendothelial_progenitors	-1.44	0.54	2.8	2.8	0	0	0	0	2.8	0	2.8	0	0	0	0	0	0	0	0	0	0
E7	E7_Hematoendothelial_progenitors	Hematoendothelial_progenitors	3.74	0.4	0	0	0	0	0	0	0	0	0	0	0	0	0	0	4.2	0	3.9	2.9	2.9
E7	E7_Hematoendothelial_progenitors	Hematoendothelial_progenitors	-1.62	0.25	0	0	0	0	0	0	0	0	0	0	0	0	0	0	3.6	2.9	0	0	2.9
E7	E7_Hematoendothelial_progenitors	Hematoendothelial_progenitors	-3.61	3.07	2.5	3.1	0	3.5	3.5	0	0	0	2.5	2.5	0	0	0	0	0	2.5	0	0	2.5
E7	E7_Hematoendothelial_progenitors	Hematoendothelial_progenitors	3.7	0.03	0	0	0	0	0	0	0	0	0	0	0	0	0	0	5.5	4.4	3.7	0	3.7
E7	E7_Hematoendothelial_progenitors	Hematoendothelial_progenitors	-1.03	-0.51	0	0	3.9	0	0	0	0	0	0	0	0	0	0	0	2.9	2.9	2.9	0	0
E7	E7_Hematoendothelial_progenitors	Hematoendothelial_progenitors	-0.41	-0.26	0	0	2.8	0	0	0	0	0	0	0	0	0	0	0	4.5	0	3.5	0	2.8
E7	E7_Hematoendothelial_progenitors	Hematoendothelial_progenitors	4.83	0.46	0	0	0	0	0	0	0	0	0	0	0	0	0	0	4.2	3.9	0	2.9	3.5
E7	E7_Hematoendothelial_progenitors	Hematoendothelial_progenitors	-0.69	0.16	0	0	2.9	0	0	0	0	0	0	0	0	0	0	0	3.6	0	2.9	0	0
E7	E7_Hematoendothelial_progenitors	Hematoendothelial_progenitors	-2.79	0.23	0	0	0	0	2.9	0	0	2.9	0	2.9	2.9	0	0	0	3.6	0	0	0	2.9
E7	E7_Hematoendothelial_progenitors	Hematoendothelial_progenitors	-2.28	2.62	2.5	0	0	3.1	2.5	2.5	2.5	0	2.5	0	0	0	0	0	3.5	0	0	0	0
E7	E7_Hematoendothelial_progenitors	Hematoendothelial_progenitors	-4.56	2.88	3.5	2.2	0	0	4.2	0	0	0	3.5	0	0	0	0	0	0	0	0	0	3.5
E7	E7_Hematoendothelial_progenitors	Hematoendothelial_progenitors	-0.07	0.06	0	0	0	0	0	0	0	0	0	0	0	0	0	0	3.6	2.9	0	0	4.2
E7	E7_Hematoendothelial_progenitors	Hematoendothelial_progenitors	-4.99	1.2	0	3.4	0	2.3	3	3.4	0	3	0	2.3	3	0	3	0	0	0	0	0	2.3
E7	E7_Hematoendothelial_progenitors	Hematoendothelial_progenitors	-5.46	2.03	3.1	2.4	0	0	3.8	0	2.4	2.4	3.1	2.4	0	0	0	0	0	0	0	2.4	0
E7	E7_Hematoendothelial_progenitors	Hematoendothelial_progenitors	-0.69	1.32	0	2.5	3.1	0	0	0	0	0	0	2.5	0	0	0	0	3.5	2.5	2.5	2.5	2.5
E7	E7_Hematoendothelial_progenitors	Hematoendothelial_progenitors	-5.21	-0.6	2.5	4.1	3.2	3.6	0	2.5	2.5	2.5	2.5	0	2.5	2.5	0	2.5	3.2	0	0	0	2.5
E7	E7_Hematoendothelial_progenitors	Hematoendothelial_progenitors	2.32	0.05	0	0	0	0	0	0	0	0	0	0	0	0	0	0	4.8	3.2	0	0	3.2
E7	E7_Hematoendothelial_progenitors	Hematoendothelial_progenitors	-5.13	0.61	0	3.6	0	0	2.1	0	3.4	0	0	0	2.1	0	0	0	2.1	0	3.8	0	0
E7	E7_Hematoendothelial_progenitors	Hematoendothelial_progenitors	-1.74	-0.09	0	2.6	0	0	0	0	0	0	0	0	0	0	0	0	3.6	2.6	3.6	0	3.2
E7	E7_Hematoendothelial_progenitors	Hematoendothelial_progenitors	2.51	0.1	2.6	0	0	0	0	0	0	0	2.6	0	0	0	0	0	5.3	3.3	0	0	3.3
E7	E7_Hematoendothelial_progenitors	Hematoendothelial_progenitors	2.71	-3.47	0	0	2.1	0	0	0	2.1	0	0	0	0	0	0	0	3.9	4.5	2.7	0	3.6
E7	E7_Hematoendothelial_progenitors	Hematoendothelial_progenitors	-5.52	1.62	4.3	0	3	0	3.9	0	0	0	4.3	0	0	0	0	0	0	0	0	0	2.3
E7	E7_Hematoendothelial_progenitors	Hematoendothelial_progenitors	1.74	1.19	0	0	0	0	0	0	0	0	0	0	0	0	0	0	4.5	0	2.9	0	3.5
E7	E7_Hematoendothelial_progenitors	Hematoendothelial_progenitors	-5.17	-0.19	0	0	0	3.6	0	3	0	0	0	0	0	0	0	0	3	0	0	0	4
E7	E7_Hematoendothelial_progenitors	Hematoendothelial_progenitors	-0.51	1.37	0	0	2.7	2.7	0	0	0	0	0	0	0	0	0	0	4.7	3.3	3.3	2.7	0
E7	E7_Hematoendothelial_progenitors	Hematoendothelial_progenitors	-4.91	2.91	2.2	0	0	0	3.3	2.9	0	0	2.2	2.2	0	0	0	0	0	0	0	0	3.3
E7	E7_Hematoendothelial_progenitors	Hematoendothelial_progenitors	1.91	3.19	0	0	0	2.6	0	0	0	0	0	0	0	0	0	0	0	0	3.9	2.6	2.6
E7	E7_Hematoendothelial_progenitors	Hematoendothelial_progenitors	-5.39	1.8	2.9	2.2	0	0	3.3	2.2	0	0	2.9	3.3	0	0	0	0	2.2	2.2	0	0	2.2
E7	E7_Hematoendothelial_progenitors	Hematoendothelial_progenitors	-0.15	0.29	0	0	0	0	0	0	2.6	0	0	0	0	0	0	0	5	3.2	2.6	0	0
E7	E7_Hematoendothelial_progenitors	Hematoendothelial_progenitors	-0.29	-0.65	2.9	0	0	0	0	0	0	0	2.9	0	0	0	0	0	2.9	0	4.2	2.9	3.6
E7	E7_Hematoendothelial_progenitors	Hematoendothelial_progenitors	-3.64	2.13	3.6	3	0	0	0	0	0	0	3.6	0	0	0	0	0	0	0	0	0	0
E7	E7_Hematoendothelial_progenitors	Hematoendothelial_progenitors	-2.27	1.18	3.3	2.3	0	0	2.9	3.3	0	0	3.3	0	0	0	0	0	2.3	0	0	0	2.3
E7	E7_Hematoendothelial_progenitors	Hematoendothelial_progenitors	1.2	-1.79	0	0	0	0	0	0	0	0	0	0	0	0	0	0	5.7	3.6	3.3	0	4.3
E7	E7_Hematoendothelial_progenitors	Hematoendothelial_progenitors	3.13	-0.06	0	0	0	0	0	0	0	0	0	0	0	0	0	0	5.2	0	2.5	2.5	3.6
E7	E7_Hematoendothelial_progenitors	Hematoendothelial_progenitors	-4.47	-0.55	2.6	4.1	3.2	3.9	0	0	0	0	2.6	2.6	2.6	0	0	0	3.6	0	0	0	2.6
E7	E7_Hematoendothelial_progenitors	Hematoendothelial_progenitors	-1.64	1.75	0	2.4	0	3	0	0	0	0	0	0	0	0	0	0	3.7	0	3	0	2.4
E7	E7_Hematoendothelial_progenitors	Hematoendothelial_progenitors	-1.67	2.47	0	0	3.6	2.3	0	0	0	0	0	0	0	0	0	0	3.8	2.3	2.3	0	2.3
E7	E7_Hematoendothelial_progenitors	Hematoendothelial_progenitors	-2.03	1.51	3	0	0	0	0	0	0	0	3	0	3	0	0	0	0	2.3	0	0	3
E7	E7_Hematoendothelial_progenitors	Hematoendothelial_progenitors	0.77	-1.41	0	0	2.6	0	0	0	0	0	0	0	0	0	0	0	4.4	2.6	3.6	0	3.6
E7	E7_Hematoendothelial_progenitors	Hematoendothelial_progenitors	-0.78	0.73	0	0	2.8	0	0	0	2.8	0	0	0	0	0	0	0	0	0	0	0	0
E7	E7_Hematoendothelial_progenitors	Hematoendothelial_progenitors	-2.9	3.1	0	3.7	0	3.7	3	0	0	3	0	0	0	0	0	0	0	0	0	0	3
E7	E7_Hematoendothelial_progenitors	Hematoendothelial_progenitors	4.23	-1.32	0	0	0	0	0	0	0	0	0	0	0	0	0	0	5.3	2.6	3.2	0	2.6
E7	E7_Hematoendothelial_progenitors	Hematoendothelial_progenitors	-4.65	1.05	0	3.6	2.6	3.9	2.6	3.2	3.6	0	0	0	2.6	2.6	2.6	2.6	0	0	0	0	3.6
E7	E7_Hematoendothelial_progenitors	Hematoendothelial_progenitors	4.21	-2.44	0	0	0	0	0	0	0	0	0	0	0	0	0	0	5.6	2.8	0	2.2	3.2
E7	E7_Hematoendothelial_progenitors	Hematoendothelial_progenitors	-4.75	-0.13	0	0	0	0	2.8	0	0	0	0	0	0	0	2.8	0	0	2.8	0	0	3.5
E7	E7_Hematoendothelial_progenitors	Hematoendothelial_progenitors	2.72	-1.46	0	2.4	0	0	0	0	0	0	0	0	0	0	0	0	5	3	2.4	2.4	3.4
E7	E7_Hematoendothelial_progenitors	Hematoendothelial_progenitors	-1.63	0.73	0	0	0	0	0	0	0	0	0	0	0	0	0	0	3.4	3.7	2.3	2.3	2.3
E7	E7_Hematoendothelial_progenitors	Hematoendothelial_progenitors	-2.26	-0.14	0	2.7	0	0	0	0	0	0	0	0	0	0	0	0	4	0	0	0	4.2
E7	E7_Hematoendothelial_progenitors	Hematoendothelial_progenitors	3.75	-1.79	0	0	0	0	0	0	0	0	0	0	0	0	0	0	4.4	3.1	3.9	0	2.4
E7	E7_Hematoendothelial_progenitors	Hematoendothelial_progenitors	-5.99	0.5	3.4	2.7	3.4	2.1	3.1	0	2.1	0	3.4	0	2.7	2.1	0	2.1	2.1	0	0	0	2.1
E7	E7_Hematoendothelial_progenitors	Hematoendothelial_progenitors	-3.51	2.35	3	2	3	2	3.7	3	0	2.7	3	0	0	3	0	0	2	2	0	0	2.7
E7	E7_Hematoendothelial_progenitors	Hematoendothelial_progenitors	2.72	1.05	0	0	0	0	0	0	0	0	0	0	0	0	0	0	5.6	0	3	0	0
E7	E7_Hematoendothelial_progenitors	Hematoendothelial_progenitors	-5.44	0.93	2.1	3.4	2.1	0	3.7	3.4	0	0	2.1	2.1	0	0	0	0	2.8	2.1	0	0	3.4
E7	E7_Hematoendothelial_progenitors	Hematoendothelial_progenitors	-5.32	2.5	2.2	4	2.8	2.2	2.8	3.9	2.2	0	2.2	0	0	0	0	0	0	2.2	0	0	2.2
E7	E7_Hematoendothelial_progenitors	Hematoendothelial_progenitors	0.45	-2.99	0	2.4	3.1	0	0	0	0	0	0	0	0	0	0	0	4.3	2.4	2.4	0	4.1
E7	E7_Hematoendothelial_progenitors	Hematoendothelial_progenitors	-3.79	-0.4	2.8	0	0	0	0	2.8	0	0	2.8	2.8	0	0	0	0	0	0	0	0	2.8
E7	E7_Hematoendothelial_progenitors	Hematoendothelial_progenitors	0.25	0.56	0	0	2.5	0	0	0	0	0	0	0	0	0	0	0	4.2	2.5	3.2	2.5	3.6
E7	E7_Hematoendothelial_progenitors	Hematoendothelial_progenitors	5.54	-0.31	2.5	0	0	3.2	0	0	0	0	2.5	0	0	0	0	0	4.1	0	3.6	0	2.5
E7	E7_Hematoendothelial_progenitors	Hematoendothelial_progenitors	1.35	-3.11	0	2.4	0	0	0	0	0	0	0	0	0	0	0	0	4.9	3.4	2.4	2.4	3.1
E7	E7_Hematoendothelial_progenitors	Hematoendothelial_progenitors	-5	0.77	0	0	0	0	3.3	3.6	0	0	0	2.3	0	0	0	0	2.3	0	0	0	2.9
E7	E7_Hematoendothelial_progenitors	Hematoendothelial_progenitors	1.18	2.73	0	0	0	0	0	0	0	0	0	0	0	0	0	0	3.3	0	0	2.6	3.9
E7	E7_Hematoendothelial_progenitors	Hematoendothelial_progenitors	-3.73	-2.39	3.3	2.6	2.6	3.9	0	0	0	0	3.3	0	2.6	0	0	0	3.3	0	3.3	0	0
E7	E7_Hematoendothelial_progenitors	Hematoendothelial_progenitors	-3.17	3.06	0	3	0	0	4.2	0	0	0	0	0	0	0	0	0	3	0	0	0	0
E7	E7_Hematoendothelial_progenitors	Hematoendothelial_progenitors	-4.85	2.34	2.3	3.9	0	0	4.1	4.1	0	0	2.3	0	0	0	0	0	2.3	0	0	0	3.4
E7	E7_Hematoendothelial_progenitors	Hematoendothelial_progenitors	-3.56	-2.14	3.4	2.3	2.3	3	0	3	0	0	3.4	0	0	0	0	0	2.3	0	0	0	3.7
E7	E7_Hematoendothelial_progenitors	Hematoendothelial_progenitors	2.25	-1.89	0	0	0	0	0	0	0	0	0	0	0	0	0	0	4	2.7	3.3	2.7	0
E7	E7_Hematoendothelial_progenitors	Hematoendothelial_progenitors	-3.23	-0.12	3.5	0	0	3.5	0	0	0	0	3.5	0	0	0	0	0	2.8	2.8	3.5	0	2.8
E7	E7_Hematoendothelial_progenitors	Hematoendothelial_progenitors	-1.03	0.31	0	0	0	2.8	2.8	0	0	0	0	0	0	0	0	0	4.1	3.8	2.8	0	2.8
E7	E7_Hematoendothelial_progenitors	Hematoendothelial_progenitors	-3.92	1.44	3.5	2.5	2.5	0	3.2	3.2	0	0	3.5	0	0	0	0	0	0	0	0	0	3.2
E7	E7_Hematoendothelial_progenitors	Hematoendothelial_progenitors	4.86	-2.17	0	0	0	0	0	0	0	0	0	0	0	0	0	0	5.1	3.2	3.5	0	3.2
E7	E7_Hematoendothelial_progenitors	Hematoendothelial_progenitors	-0.73	1.5	2.5	2.5	3.1	2.5	0	0	0	0	2.5	0	0	0	0	0	0	0	3.1	0	0
E7	E7_Hematoendothelial_progenitors	Hematoendothelial_progenitors	-5.57	1.49	3.1	0	0	3.5	0	0	3.1	0	3.1	0	0	0	0	0	3.1	2.5	0	0	2.5
E7	E7_Hematoendothelial_progenitors	Hematoendothelial_progenitors	-5.95	-0.42	2.8	2.8	3.5	0	3.5	0	0	0	2.8	2.8	0	0	0	0	0	0	0	0	0
E7	E7_Hematoendothelial_progenitors	Hematoendothelial_progenitors	5.03	-1.71	0	0	0	0	0	0	0	0	0	0	0	0	0	0	4.6	2.9	0	4.3	3.3
E7	E7_Hematoendothelial_progenitors	Hematoendothelial_progenitors	4.49	-2.58	0	0	0	0	0	0	0	0	0	0	0	0	0	0	5.2	2.4	3.1	3.7	2.4
E7	E7_Hematoendothelial_progenitors	Hematoendothelial_progenitors	4.27	1.27	0	0	0	0	0	0	0	0	0	0	0	0	0	0	4.9	0	0	0	3.8
E7	E7_Hematoendothelial_progenitors	Hematoendothelial_progenitors	-5.22	2.59	0	3.4	0	2.8	4	3.4	0	0	0	0	3.1	0	0	0	0	2.1	0	0	0
E7	E7_Hematoendothelial_progenitors	Hematoendothelial_progenitors	3.86	-1.34	0	0	0	0	0	0	0	0	0	0	0	0	0	0	4.8	3.7	3.5	2	3.3
E7	E7_Hematoendothelial_progenitors	Hematoendothelial_progenitors	-0.53	3.17	0	0	0	0	0	0	0	0	0	0	0	0	0	0	4.4	3	3.6	2.7	3.5
E7	E7_Hematoendothelial_progenitors	Hematoendothelial_progenitors	4.19	0.77	2	0	0	0	0	0	0	0	2	0	0	0	0	0	4.7	3.3	2.6	0	3.8
E7	E7_Hematoendothelial_progenitors	Hematoendothelial_progenitors	-2.44	1.76	2.7	0	2.7	0	0	0	0	0	2.7	0	0	0	0	0	4	3.1	2.7	2.1	2.1
E7	E7_Hematoendothelial_progenitors	Hematoendothelial_progenitors	2.86	-2.16	0	0	0	0	0	0	0	0	0	0	0	0	0	0	5.2	3.5	0	0	2.8
E7	E7_Hematoendothelial_progenitors	Hematoendothelial_progenitors	4.46	-0.29	0	0	0	0	0	0	0	0	0	0	0	0	0	0	4.9	3.7	3.2	3.2	0
E7	E7_Hematoendothelial_progenitors	Hematoendothelial_progenitors	-1.42	0.45	1.8	0	1.8	0	0	0	0	0	1.8	0	0	0	0	0	3.7	3.4	0	3.2	2.4
E7	E7_Hematoendothelial_progenitors	Hematoendothelial_progenitors	-2.02	2.93	0	3.3	2.9	0	0	0	0	0	0	0	0	0	0	0	3.3	2.9	2.3	2.3	2.9
E7	E7_Hematoendothelial_progenitors	Hematoendothelial_progenitors	4.14	1.89	0	0	0	0	0	0	0	0	0	0	0	0	0	0	2.8	2.8	1.8	0	2.8
E7	E7_Hematoendothelial_progenitors	Hematoendothelial_progenitors	1.05	1.67	0	0	2.3	1.7	0	0	0	0	0	0	0	0	0	0	3.8	2.9	0	3.8	2.7
E7	E7_Hematoendothelial_progenitors	Hematoendothelial_progenitors	1.99	1.53	0	0	0	0	0	0	0	0	0	0	0	0	0	0	5.5	3.4	2.7	2.7	3.2
E7	E7_Hematoendothelial_progenitors	Hematoendothelial_progenitors	2.58	-1.34	0	0	0	0	0	0	0	0	0	0	0	0	0	0	5	4.4	2.3	0	3.6
E7	E7_Hematoendothelial_progenitors	Hematoendothelial_progenitors	-1.49	0.4	0	0	2.1	0	0	0	0	0	0	0	0	0	0	0	3.4	2.1	4.2	2.1	3.1
E7	E7_Hematoendothelial_progenitors	Hematoendothelial_progenitors	-2.6	-0.72	0	0	2.4	2.4	0	0	0	0	0	0	0	0	0	0	4.6	0	3.8	0	3.5
E7	E7_Hematoendothelial_progenitors	Hematoendothelial_progenitors	5.25	-0.63	0	0	0	0	0	0	0	0	0	0	0	0	0	0	3.5	3	3	3.5	2.6
E7	E7_Hematoendothelial_progenitors	Hematoendothelial_progenitors	5.5	0.18	0	0	0	0	0	0	0	0	0	0	0	0	0	0	5.6	3.5	0	2	2.6
E7	E7_Hematoendothelial_progenitors	Hematoendothelial_progenitors	5.08	-2.34	0	0	0	0	0	0	0	0	0	0	0	0	0	0	4	3.7	3.1	3.4	2.3
E7	E7_Hematoendothelial_progenitors	Hematoendothelial_progenitors	4.97	-1.59	1.5	0	0	0	0	0	0	0	1.5	0	0	0	0	0	4.4	3.1	2.7	2.1	2.7
E7	E7_Hematoendothelial_progenitors	Hematoendothelial_progenitors	4.29	-0.56	0	0	0	0	0	0	0	0	0	0	0	0	0	0	4.6	3.2	3.5	3.7	3.7
E7	E7_Hematoendothelial_progenitors	Hematoendothelial_progenitors	3.63	1.26	0	0	0	0	0	0	0	0	0	0	0	0	0	0	5.3	3.6	0	0	3.6
E7	E7_Hematoendothelial_progenitors	Hematoendothelial_progenitors	2.78	1.74	0	1.8	0	0	0	0	0	0	0	0	0	0	0	0	5.1	4.2	2.4	1.8	3.1
E7	E7_Hematoendothelial_progenitors	Hematoendothelial_progenitors	-2.56	0.7	0	1.9	0	0	1.9	0	0	0	0	0	0	0	1.9	0	4.1	1.9	0	0	2.5
E7	E7_Hematoendothelial_progenitors	Hematoendothelial_progenitors	1.98	-2.25	0	0	0	0	0	0	0	0	0	0	0	0	0	0	5.4	3.5	1.8	0	3.9
E7	E7_Hematoendothelial_progenitors	Hematoendothelial_progenitors	2.83	2.28	1.8	0	0	2.4	0	0	0	0	1.8	0	0	0	0	0	2.4	3.5	2.8	3.7	3.5
E7	E7_Hematoendothelial_progenitors	Hematoendothelial_progenitors	1	-1.03	0	0	0	0	0	0	0	0	0	0	0	0	0	0	5.3	3.3	3	0	3
E7	E7_Hematoendothelial_progenitors	Hematoendothelial_progenitors	2.13	-2.87	0	0	0	0	0	0	0	0	0	0	0	0	0	0	5.1	3	0	2.2	4.2
E7	E7_Hematoendothelial_progenitors	Hematoendothelial_progenitors	2.98	3.05	0	0	0	0	0	0	0	0	0	0	0	0	0	0	3	3	4.4	3.3	3.3
E7	E7_Hematoendothelial_progenitors	Hematoendothelial_progenitors	-3.98	-1.57	0	0	0	0	0	0	0	0	0	0	0	0	0	0	3.8	2.1	3.4	0	3.8
E7	E7_Hematoendothelial_progenitors	Hematoendothelial_progenitors	-2.62	2.09	1.9	0	0	0	0	0	0	0	1.9	0	0	0	0	0	3.4	0	1.9	3.2	1.9
E7	E7_Hematoendothelial_progenitors	Hematoendothelial_progenitors	-1.97	-1.28	0	0	1.8	0	0	0	0	0	0	0	0	0	0	0	5.2	2.4	2.4	2.4	2.8
E7	E7_Hematoendothelial_progenitors	Hematoendothelial_progenitors	3.78	-1.43	0	0	0	0	0	0	0	0	0	0	0	0	0	0	5.7	3.2	0	1.9	3.6
E7	E7_Hematoendothelial_progenitors	Hematoendothelial_progenitors	0.08	0.74	0	2.1	0	0	0	0	0	0	0	0	0	0	0	0	5.2	2.1	2.7	2.1	3.1
E7	E7_Hematoendothelial_progenitors	Hematoendothelial_progenitors	-3.97	1.77	1.7	0	3.2	2.7	0	1.7	0	0	1.7	0	0	0	0	0	3.9	3.2	1.7	2.3	2.9
E7	E7_Hematoendothelial_progenitors	Hematoendothelial_progenitors	-4.76	1.93	2.4	3.6	2.8	0	0	0	1.8	0	2.4	0	0	0	0	0	0	2.8	0	0	1.8
E7	E7_Hematoendothelial_progenitors	Hematoendothelial_progenitors	1.11	1.07	0	0	2	0	0	0	0	0	0	0	0	0	0	0	4.7	3.4	2.6	2.6	3.8
E7	E7_Hematoendothelial_progenitors	Hematoendothelial_progenitors	0.77	-3.36	0	1.6	1.6	0	0	0	0	0	0	0	0	0	0	0	4.4	3.1	0	1.6	3.4
E7	E7_Hematoendothelial_progenitors	Hematoendothelial_progenitors	-5.48	0.31	2.6	1.7	2.6	3.4	0	0	0	0	2.6	0	0	0	0	0	0	2.3	1.7	0	2.6
E7	E7_Hematoendothelial_progenitors	Hematoendothelial_progenitors	3.33	-2.94	0	0	1.4	0	0	0	1.4	0	0	0	0	0	0	0	5.4	3.8	0	2	3.1
E7	E7_Hematoendothelial_progenitors	Hematoendothelial_progenitors	1.74	0.39	0	0	0	2.2	0	0	0	0	0	0	0	0	0	0	5.5	3.8	2.2	0	4
E7	E7_Hematoendothelial_progenitors	Hematoendothelial_progenitors	5.45	-0.65	1.9	0	0	0	0	0	0	0	1.9	0	0	0	0	0	5	4	3.4	3.4	3.5
E7	E7_Hematoendothelial_progenitors	Hematoendothelial_progenitors	-0.03	0.18	0	0	0	0	0	0	0	0	0	0	0	0	0	0	4.7	3.5	2.4	2.4	3.7
E7	E7_Hematoendothelial_progenitors	Hematoendothelial_progenitors	-1.53	1.06	0	0	1.8	0	0	0	0	0	0	0	0	0	0	0	4.8	3.4	2.4	2.4	3
E7	E7_Hematoendothelial_progenitors	Hematoendothelial_progenitors	0.33	3.03	2	2.4	2.4	0	0	0	0	0	2	0	0	0	0	0	4.3	2.8	2.8	3.7	3.4
E7	E7_Hematoendothelial_progenitors	Hematoendothelial_progenitors	-0.47	-1.19	0	0	0	0	0	0	0	0	0	0	0	0	0	0	5.3	4	1.8	3.6	3.6
E7	E7_Hematoendothelial_progenitors	Hematoendothelial_progenitors	4.16	-2.31	0	0	0	0	0	0	0	0	0	0	0	0	0	0	5.8	3.4	1.9	0	3.1
E7	E7_Hematoendothelial_progenitors	Hematoendothelial_progenitors	1.69	2.63	2	0	2.6	0	0	0	0	0	2	0	0	0	0	0	4.3	3.8	3.5	3.3	2
E7	E7_Hematoendothelial_progenitors	Hematoendothelial_progenitors	-3.48	0.81	0	0	3.3	0	0	0	0	0	0	0	0	0	0	0	4.7	0	0	0	4.4
E7	E7_Hematoendothelial_progenitors	Hematoendothelial_progenitors	2.84	2.46	0	0	0	0	0	0	0	0	0	0	0	0	0	1.9	5.4	3.8	2.9	3.2	2.9
E7	E7_Hematoendothelial_progenitors	Hematoendothelial_progenitors	3.99	0.75	0	0	0	0	0	0	0	0	0	0	0	0	0	0	5.1	3	3.7	2	2.6
E7	E7_Hematoendothelial_progenitors	Hematoendothelial_progenitors	4.66	-0.36	0	0	0	0	0	0	0	0	0	0	0	0	0	0	4.9	3.5	3.9	3	2.4
E7	E7_Hematoendothelial_progenitors	Hematoendothelial_progenitors	2.82	-0.79	0	0	0	0	0	0	0	0	0	0	0	0	0	0	5.4	3.9	3.3	1.8	3.1
E7	E7_Hematoendothelial_progenitors	Hematoendothelial_progenitors	3.02	2.05	0	0	0	0	0	0	0	0	0	0	0	0	0	0	4.1	3.9	3.3	3.3	2.5
E7	E7_Hematoendothelial_progenitors	Hematoendothelial_progenitors	-3.12	1.21	0	0	0	0	0	0	0	0	0	0	0	0	0	0	3	3	0	3	3
E7	E7_Hematoendothelial_progenitors	Hematoendothelial_progenitors	3.37	-2.27	0	0	1.5	0	0	0	0	0	0	0	0	0	0	0	5.1	2.1	2.5	3.6	2.5
E7	E7_Hematoendothelial_progenitors	Hematoendothelial_progenitors	-2.24	-0.11	1.8	3.1	1.8	0	0	0	0	0	1.8	0	0	0	0	0	5.3	1.8	0	0	3.5
E7	E7_Hematoendothelial_progenitors	Hematoendothelial_progenitors	5.14	-0.3	0	0	0	0	0	0	0	0	0	0	0	0	0	0	5.4	3.9	3.2	3.6	3.6
E7	E7_Hematoendothelial_progenitors	Hematoendothelial_progenitors	-3.06	0.18	0	0	2.2	2.2	0	0	0	0	0	0	0	0	0	0	3.3	3.9	2.2	0	2.2
E7	E7_Hematoendothelial_progenitors	Hematoendothelial_progenitors	1.82	-0.61	0	0	0	0	0	0	0	0	0	0	0	0	0	0	4.5	4	2.6	2	4.3
E7	E7_Hematoendothelial_progenitors	Hematoendothelial_progenitors	2.46	-1.86	0	2	0	0	0	0	0	0	0	0	0	0	0	0	5	3.3	2	2	3.5
E7	E7_Hematoendothelial_progenitors	Hematoendothelial_progenitors	1.64	1.82	0	0	2.2	0	0	0	0	0	0	0	0	0	0	0	5.2	3.2	2.2	3.5	4.1
E7	E7_Hematoendothelial_progenitors	Hematoendothelial_progenitors	3.35	0.04	0	0	0	0	0	0	0	0	0	0	0	0	0	0	4.6	4.3	2.5	1.8	3.7
E7	E7_Hematoendothelial_progenitors	Hematoendothelial_progenitors	-2.85	-0.29	0	0	0	0	0	0	0	0	0	0	0	0	0	0	3.4	3.2	1.9	0	2.9
E7	E7_Hematoendothelial_progenitors	Hematoendothelial_progenitors	0.62	-2.62	0	0	0	0	0	0	0	0	0	0	0	0	0	0	5	3.7	2.2	1.6	3.7
E7	E7_Hematoendothelial_progenitors	Hematoendothelial_progenitors	2.61	1.24	0	0	0	0	0	0	0	0	0	0	0	0	0	0	5.2	3.7	2.2	0	2.9
E7	E7_Hematoendothelial_progenitors	Hematoendothelial_progenitors	-1.28	-1.48	0	0	2.2	0	0	0	0	0	0	2.2	0	0	0	0	5	3.3	0	0	4.2
E7	E7_Hematoendothelial_progenitors	Hematoendothelial_progenitors	1.87	2.16	0	0	0	1.5	0	0	0	0	0	0	0	0	0	0	4.2	3.1	1.5	3.7	3.3
E7	E7_Hematoendothelial_progenitors	Hematoendothelial_progenitors	2.32	-3.01	0	0	0	0	0	0	0	0	0	0	0	0	0	0	5	3.6	3.1	0	3.3
E7	E7_Hematoendothelial_progenitors	Hematoendothelial_progenitors	2.47	0.34	0	0	1.4	0	0	0	0	0	0	0	0	0	0	0	5.1	3.8	2.3	1.4	4
E7	E7_Hematoendothelial_progenitors	Hematoendothelial_progenitors	-4.48	1.17	0	0	3.3	2	0	0	1.4	0	0	0	0	0	0	0	2.6	3.3	2.4	2	2.4
E7	E7_Hematoendothelial_progenitors	Hematoendothelial_progenitors	2.86	-1.12	0	0	0	0	0	0	0	0	0	0	0	0	0	0	5.6	3.4	3.4	2.3	3.2
E7	E7_Hematoendothelial_progenitors	Hematoendothelial_progenitors	-3.91	1.24	0	2.8	0	0	0	0	0	0	0	0	0	0	0	0	3.8	3.4	2.8	2.8	0
E7	E7_Hematoendothelial_progenitors	Hematoendothelial_progenitors	5.22	-1.28	0	0	0	0	0	0	0	0	0	0	0	0	0	0	3.7	3.4	0	0	3.1
E7	E7_Hematoendothelial_progenitors	Hematoendothelial_progenitors	0.14	2.28	2.3	2.3	2.3	2.3	0	0	0	0	2.3	0	0	0	0	0	0	3.6	2.3	0	0
E7	E7_Hematoendothelial_progenitors	Hematoendothelial_progenitors	0.92	-0.89	0	0	0	0	0	0	0	0	0	0	0	0	0	0	5.1	3.2	3.2	1.9	2.5
E7	E7_Hematoendothelial_progenitors	Hematoendothelial_progenitors	2.28	1.79	0	0	0	0	0	0	0	0	0	0	0	0	0	0	5.4	4.1	0	2.1	2.1
E7	E7_Hematoendothelial_progenitors	Hematoendothelial_progenitors	-0.31	0.37	0	1.6	3	0	0	0	1.6	0	0	0	0	0	0	0	5.1	2.5	2.2	1.6	3.3
E7	E7_Hematoendothelial_progenitors	Hematoendothelial_progenitors	4.3	1.22	0	0	0	0	0	0	0	0	0	0	0	0	0	0	4.2	3.4	1.9	3.4	3.4
E7	E7_Hematoendothelial_progenitors	Hematoendothelial_progenitors	0.71	0.77	0	0	0	0	0	0	2.9	0	0	0	0	0	0	0	3.6	0	3.6	0	0
E7	E7_Hematoendothelial_progenitors	Hematoendothelial_progenitors	-3.98	1.15	0	2.7	2.7	0	0	0	0	0	0	0	0	0	2.3	0	3.7	0	2.7	3.2	3.5
E7	E7_Hematoendothelial_progenitors	Hematoendothelial_progenitors	1.74	1.36	0	1.8	2.4	0	0	0	0	0	0	0	0	0	0	0	4.8	2.8	3.1	2.4	3.7
E7	E7_Hematoendothelial_progenitors	Hematoendothelial_progenitors	1.95	0.39	0	0	0	0	0	0	0	0	0	0	0	0	0	0	5.8	3.6	2.7	2.1	3.1
E7	E7_Hematoendothelial_progenitors	Hematoendothelial_progenitors	2.82	-0.97	0	0	0	0	0	0	0	0	0	0	0	0	0	0	5.4	3.8	2.9	0	3.3
E7	E7_Hematoendothelial_progenitors	Hematoendothelial_progenitors	-0.07	-1.57	0	0	0	0	0	0	0	0	0	0	0	0	0	0	4.9	3.3	3.6	2.7	2.1
E7	E7_Hematoendothelial_progenitors	Hematoendothelial_progenitors	3.68	-1.72	0	0	0	0	0	0	0	0	0	0	0	0	0	0	4.8	3.8	2.4	0	3.9
E7	E7_Hematoendothelial_progenitors	Hematoendothelial_progenitors	3.44	-0.22	0	0	1.8	1.8	0	0	0	0	0	0	0	0	0	0	4.7	3.5	3.5	1.8	3.8
E7	E7_Hematoendothelial_progenitors	Hematoendothelial_progenitors	5.67	-0.84	0	0	0	0	0	0	0	0	0	0	0	0	0	0	5.3	2.9	3.4	3.4	3.2
E7	E7_Hematoendothelial_progenitors	Hematoendothelial_progenitors	4.21	0.97	0	0	0	0	0	0	0	0	0	0	0	0	0	0	5	3.5	2	3.5	4.2
E7	E7_Hematoendothelial_progenitors	Hematoendothelial_progenitors	3.29	1.98	0	0	0	1.6	0	0	0	0	0	0	0	0	0	0	4.4	4.2	3.7	3.4	2.8
E7	E7_Hematoendothelial_progenitors	Hematoendothelial_progenitors	5.12	0.35	0	0	0	0	0	0	0	0	0	0	0	0	0	0	5.1	3.8	2.1	3.4	3.1
E7	E7_Hematoendothelial_progenitors	Hematoendothelial_progenitors	0.92	1.21	1.9	0	0	0	0	0	0	0	1.9	0	0	0	1.9	0	3.5	2.5	1.9	1.9	2.5
E7	E7_Hematoendothelial_progenitors	Hematoendothelial_progenitors	-1.63	-1.92	0	3	3	0	0	0	2	0	0	0	0	0	0	0	4.7	2.6	2.6	2	3.9
E7	E7_Hematoendothelial_progenitors	Hematoendothelial_progenitors	-3.47	1.89	0	0	1.9	0	0	0	1.9	0	0	0	0	0	0	0	4.6	3.9	2.6	1.9	3.4
E7	E7_Hematoendothelial_progenitors	Hematoendothelial_progenitors	2	2.5	0	0	0	2.4	0	0	0	0	0	0	0	0	0	2.4	4.6	3.5	1.8	3.3	3.3
E7	E7_Hematoendothelial_progenitors	Hematoendothelial_progenitors	3.97	-2.06	0	0	0	0	0	0	0	0	0	0	0	0	0	0	5.6	4.2	2.6	2.9	2.6
E7	E7_Hematoendothelial_progenitors	Hematoendothelial_progenitors	3.38	-0.12	0	0	2.7	0	0	0	0	0	0	0	0	0	0	0	5.3	3.7	0	0	4
E7	E7_Hematoendothelial_progenitors	Hematoendothelial_progenitors	-2.94	1.62	0	0	1.8	1.8	0	0	1.8	0	0	0	0	0	0	0	4.2	3.3	2.4	2.4	2.8
E7	E7_Hematoendothelial_progenitors	Hematoendothelial_progenitors	4.94	-2.38	0	0	0	0	0	0	0	0	0	0	0	0	0	0	5	2.8	3	1.6	3.5
E7	E7_Hematoendothelial_progenitors	Hematoendothelial_progenitors	1.08	-1.15	0	0	0	0	0	0	0	0	0	0	0	0	0	0	5.5	2	0	3	3.8
E7	E7_Hematoendothelial_progenitors	Hematoendothelial_progenitors	3.78	1.27	0	0	0	0	0	0	0	0	0	0	0	0	0	0	5.6	2.7	2.1	2.7	2.7
E7	E7_Hematoendothelial_progenitors	Hematoendothelial_progenitors	1.04	-3.4	0	0	1.6	0	0	0	0	0	0	0	0	0	0	0	5.6	3	0	2.2	3.6
E7	E7_Hematoendothelial_progenitors	Hematoendothelial_progenitors	5.03	0.61	0	0	0	0	0	0	0	0	0	0	0	0	0	0	5.6	2	3	3.5	0
E7	E7_Hematoendothelial_progenitors	Hematoendothelial_progenitors	-0.19	-1.79	0	0	0	0	0	0	0	0	0	0	0	0	0	0	4.6	2.6	0	2.6	3.2
E7	E7_Hematoendothelial_progenitors	Hematoendothelial_progenitors	5.27	0.48	0	0	0	0	0	0	0	0	0	0	0	0	0	0	4.7	3.3	0	2	2.6
E7	E7_Hematoendothelial_progenitors	Hematoendothelial_progenitors	-1.62	-2.72	0	2.1	0	0	0	0	0	0	0	0	0	0	0	0	4.8	2.7	3.1	0	3.1
E7	E7_Hematoendothelial_progenitors	Hematoendothelial_progenitors	4.65	1.44	0	0	0	0	0	0	0	0	0	0	0	0	0	0	3.4	3.7	3.7	2.4	3.4
E7	E7_Hematoendothelial_progenitors	Hematoendothelial_progenitors	-4.95	-0.98	0	2.6	3.8	3	2	0	2	0	0	0	0	0	0	0	2.6	3	0	0	2.6
E7	E7_Hematoendothelial_progenitors	Hematoendothelial_progenitors	2.08	-0.84	0	0	0	0	0	0	0	0	0	0	0	0	0	0	5.3	3.4	2.9	1.9	3.6
E7	E7_Hematoendothelial_progenitors	Hematoendothelial_progenitors	5.12	-1.99	0	0	0	0	0	0	0	0	0	0	0	0	0	0	4.6	3.8	3	3.8	4
E7	E7_Hematoendothelial_progenitors	Hematoendothelial_progenitors	-1.21	-1.73	0	0	2.8	0	0	0	0	0	0	0	0	0	0	0	4.4	2.8	3.5	0	3.5
E7	E7_Hematoendothelial_progenitors	Hematoendothelial_progenitors	2.06	2.16	2.2	0	0	0	0	0	0	0	2.2	0	0	0	0	0	4.7	3.5	3.2	0	3.2
E7	E7_Hematoendothelial_progenitors	Hematoendothelial_progenitors	4.11	-2.76	0	0	0	0	0	0	0	0	0	0	0	0	0	0	5.5	3.6	2.7	2.1	3.1
E7	E7_Hematoendothelial_progenitors	Hematoendothelial_progenitors	4.16	0.17	0	0	0	0	0	0	0	0	0	0	0	0	0	0	5	3.6	3.1	0	3.9
E7	E7_Hematoendothelial_progenitors	Hematoendothelial_progenitors	1.67	1.57	0	0	0	0	0	0	0	0	0	2	0	0	0	0	4.9	3.7	2	0	3.5
E7	E7_Hematoendothelial_progenitors	Hematoendothelial_progenitors	1.96	0.76	0	0	0	0	0	0	0	0	0	0	0	0	0	0	3	2.6	0	3.3	4.4
E7	E7_Hematoendothelial_progenitors	Hematoendothelial_progenitors	-2.34	-0.89	0	2.6	0	2	0	0	0	0	0	0	0	0	0	0	4.1	3.7	2	3	3.5
E7	E7_Hematoendothelial_progenitors	Hematoendothelial_progenitors	2.06	-1.17	0	0	1.6	0	0	0	0	0	0	0	0	0	0	0	5	3.2	0	3	3.6
E7	E7_Hematoendothelial_progenitors	Hematoendothelial_progenitors	-2.77	-0.54	0	0	3.3	0	0	0	0	0	0	0	0	0	0	0	3.8	3.1	3.3	0	2.9
E7	E7_Hematoendothelial_progenitors	Hematoendothelial_progenitors	2.47	2.75	0	0	0	1.8	0	0	0	0	0	0	0	0	0	0	3.3	3.3	3.3	4.1	3.1
E7	E7_Hematoendothelial_progenitors	Hematoendothelial_progenitors	2.97	-2.46	0	0	0	0	0	0	0	0	0	0	0	0	0	0	5.7	3.9	3.3	2	3.3
E7	E7_Hematoendothelial_progenitors	Hematoendothelial_progenitors	0.28	-3.03	0	0	2.4	0	0	0	0	0	0	0	0	0	0	0	5.6	3.1	2.4	2.4	4.3
E7	E7_Hematoendothelial_progenitors	Hematoendothelial_progenitors	0.44	-1.35	0	0	2	0	0	0	0	0	0	0	0	0	0	0	5	3	3.8	2	2.6
E7	E7_Hematoendothelial_progenitors	Hematoendothelial_progenitors	1.37	-3.55	0	0	1.8	0	0	0	0	0	0	0	0	0	0	0	5.5	4	3.1	0	3.3
E7	E7_Hematoendothelial_progenitors	Hematoendothelial_progenitors	-1.11	1.49	0	0	0	0	0	0	0	0	0	0	0	0	0	0	4.6	2.7	0	0	2.7
E7	E7_Hematoendothelial_progenitors	Hematoendothelial_progenitors	-4.45	1.68	0	0	1.7	2.3	0	0	1.7	0	0	0	0	0	0	1.7	3.3	2.7	1.7	0	3.3
E7	E7_Hematoendothelial_progenitors	Hematoendothelial_progenitors	-1.33	-0.34	0	0	2.9	0	0	0	0	0	0	0	0	0	0	0	3.9	2.2	2.9	0	0
E7	E7_Hematoendothelial_progenitors	Hematoendothelial_progenitors	2.37	0.92	0	0	0	0	0	0	0	0	0	0	0	0	0	0	4.5	4	2.9	2.9	3.6
E7	E7_Hematoendothelial_progenitors	Hematoendothelial_progenitors	-2.2	0.67	0	0	0	0	0	0	2.8	0	0	2.8	0	0	0	0	5.3	0	2.8	0	2.8
E7	E7_Hematoendothelial_progenitors	Hematoendothelial_progenitors	4.88	0.58	0	0	0	0	0	0	0	0	0	0	0	0	0	0	5.1	3.9	2.6	3.2	3.9
E7	E7_Hematoendothelial_progenitors	Hematoendothelial_progenitors	3.34	0.1	0	1.8	0	0	0	0	0	0	0	0	0	0	0	0	2.7	3.4	2.4	1.8	1.8
E7	E7_Hematoendothelial_progenitors	Hematoendothelial_progenitors	0.75	-0.76	0	0	0	0	0	0	0	0	0	0	0	0	0	0	4.3	3.4	0	0	2.4
E7	E7_Hematoendothelial_progenitors	Hematoendothelial_progenitors	0.1	-1.51	0	2.1	0	0	0	0	0	0	0	0	0	0	0	0	5.4	3.1	2.1	3.4	4.3
E7	E7_Hematoendothelial_progenitors	Hematoendothelial_progenitors	4.76	-1.73	0	0	0	1.6	0	0	0	0	0	0	0	0	0	0	5.8	3.3	2.6	2.9	3.4
E7	E7_Hematoendothelial_progenitors	Hematoendothelial_progenitors	2.68	2.94	0	0	0	0	0	0	0	0	0	0	0	0	0	0	2.9	2.9	3.2	3.8	3.4
E7	E7_Hematoendothelial_progenitors	Hematoendothelial_progenitors	1.64	-3.46	0	0	0	0	0	0	1.6	0	0	0	0	0	0	0	6.2	3.6	2.9	0	3.6
E7	E7_Hematoendothelial_progenitors	Hematoendothelial_progenitors	-0.26	-0.47	0	0	2	0	0	0	2	0	0	0	0	0	0	0	3.9	0	0	0	3.5
E7	E7_Hematoendothelial_progenitors	Hematoendothelial_progenitors	3.44	0.69	0	0	0	0	0	0	0	0	0	0	0	0	0	0	4.7	2.9	0	2.9	4
E7	E7_Hematoendothelial_progenitors	Hematoendothelial_progenitors	4.15	-2.3	0	0	0	0	0	0	0	0	0	0	0	0	0	0	5.1	2.7	3	0	2.7
E7	E7_Hematoendothelial_progenitors	Hematoendothelial_progenitors	3.97	-1.72	0	2.2	0	0	0	0	0	0	0	0	0	0	0	0	5.4	2.9	2.6	0	3.7
E7	E7_Hematoendothelial_progenitors	Hematoendothelial_progenitors	-2.7	-0.17	0	0	2.6	0	0	0	0	0	0	0	0	0	0	0	5.3	3.3	2.6	0	2.6
E7	E7_Hematoendothelial_progenitors	Hematoendothelial_progenitors	3.83	-1.01	0	0	0	0	0	0	0	0	0	0	0	0	0	0	5.2	4.4	0	0	4.4
E7	E7_Hematoendothelial_progenitors	Hematoendothelial_progenitors	1.41	-2.8	0	2.1	0	0	0	0	0	0	0	0	0	0	0	0	5.6	3.5	2.4	2.1	3.8
E7	E7_Hematoendothelial_progenitors	Hematoendothelial_progenitors	2.19	1.82	0	0	0	0	0	0	0	0	0	0	0	0	0	0	3.7	2.2	1.6	1.6	3.1
E7	E7_Hematoendothelial_progenitors	Hematoendothelial_progenitors	4.36	1.36	0	0	0	0	0	0	0	0	0	0	0	0	0	0	5	3.6	1.9	3.4	2.9
E7	E7_Hematoendothelial_progenitors	Hematoendothelial_progenitors	1.04	-2.56	0	0	1.7	0	0	0	0	0	0	0	0	0	0	0	5.5	3.5	2.7	0	3.4
E7	E7_Hematoendothelial_progenitors	Hematoendothelial_progenitors	3.02	1.86	1.9	0	0	1.9	0	0	0	0	1.9	0	0	0	0	0	3.2	2.5	2.5	2.5	3.2
E7	E7_Hematoendothelial_progenitors	Hematoendothelial_progenitors	1.77	1.85	0	0	0	0	0	0	0	0	0	0	0	0	0	0	3.8	0	3.1	3.9	3.6
E7	E7_Hematoendothelial_progenitors	Hematoendothelial_progenitors	4.19	-3.09	0	0	2.1	0	0	0	2.5	0	0	0	0	0	0	0	3.8	3.3	2.5	3.3	3
E7	E7_Hematoendothelial_progenitors	Hematoendothelial_progenitors	3.63	-1.19	0	0	0	0	0	0	0	0	0	0	0	0	0	0	6.1	2.9	1.9	0	2.9
E7	E7_Hematoendothelial_progenitors	Hematoendothelial_progenitors	5.11	0.08	0	0	2.1	0	0	0	0	0	0	0	0	0	0	0	4.6	3.8	2.1	3.4	3.4
E7	E7_Hematoendothelial_progenitors	Hematoendothelial_progenitors	4.29	-0.63	0	0	0	0	0	0	0	0	0	0	0	0	0	0	5	3.6	2.6	3.2	3.8
E7	E7_Hematoendothelial_progenitors	Hematoendothelial_progenitors	3.12	1.24	0	0	0	0	0	0	0	0	0	0	0	0	0	0	4.2	3.2	0	2.6	3.6
E7	E7_Hematoendothelial_progenitors	Hematoendothelial_progenitors	2.57	1.8	0	0	0	0	0	0	0	0	0	0	0	0	0	0	3.9	3.6	0	4	2.1
E7	E7_Hematoendothelial_progenitors	Hematoendothelial_progenitors	-4.1	0.94	0	1.8	1.8	3.3	0	0	0	0	0	0	0	0	0	0	3.1	2.4	1.8	0	2.4
E7	E7_Hematoendothelial_progenitors	Hematoendothelial_progenitors	3.93	-0.65	0	0	0	0	0	0	0	0	0	0	0	0	0	0	4.8	3.6	1.9	0	2.9
E7	E7_Hematoendothelial_progenitors	Hematoendothelial_progenitors	-1.49	-1.4	0	0	3.5	0	0	0	0	0	0	0	0	0	0	0	4.9	3.5	0	0	2.8
E7	E7_Hematoendothelial_progenitors	Hematoendothelial_progenitors	-2.89	1.43	3.4	3.4	2.7	3.8	0	0	0	0	3.4	0	0	0	0	0	2.7	0	0	0	0
E7	E7_Hematoendothelial_progenitors	Hematoendothelial_progenitors	5.06	-2.07	1.9	0	0	0	0	0	0	0	1.9	0	0	0	0	0	4	3.8	2.5	3.4	2.9
E7	E7_Hematoendothelial_progenitors	Hematoendothelial_progenitors	4.78	-0.62	0	0	0	0	0	0	0	0	0	0	0	0	0	0	5.6	4	0	3	2.7
E7	E7_Hematoendothelial_progenitors	Hematoendothelial_progenitors	-2.54	2.02	0	0	1.8	0	0	0	1.8	0	0	0	0	0	0	0	5.2	3.3	1.8	0	1.8
E7	E7_Hematoendothelial_progenitors	Hematoendothelial_progenitors	-0.07	-0.3	0	0	0	0	0	0	0	0	0	0	0	0	0	0	4.3	3.4	0	2.8	2.8
E7	E7_Hematoendothelial_progenitors	Hematoendothelial_progenitors	1.37	1.92	0	0	0	0	0	0	0	0	0	0	0	0	0	0	4.6	2.4	0	3.1	0
E7	E7_Hematoendothelial_progenitors	Hematoendothelial_progenitors	3.9	-1.88	0	0	0	0	0	0	0	0	0	0	0	0	0	0	5.9	3.5	1.9	2.5	2.5
E7	E7_Hematoendothelial_progenitors	Hematoendothelial_progenitors	5.24	0.11	0	0	0	0	0	0	0	0	0	0	0	0	0	0	4.6	3.7	3.2	4	3.7
E7	E7_Hematoendothelial_progenitors	Hematoendothelial_progenitors	4.42	-1.11	0	0	0	0	0	0	0	0	0	0	0	0	0	0	5.3	3.5	3.1	0	4.3
E7	E7_Hematoendothelial_progenitors	Hematoendothelial_progenitors	-1.14	-0.6	0	0	2	0	0	0	0	0	0	0	0	0	0	0	4.9	3.5	3	3	2
E7	E7_Hematoendothelial_progenitors	Hematoendothelial_progenitors	-1.29	-2.36	0	1.8	0	0	0	0	0	0	0	0	0	0	0	0	4.6	3	2.7	0	3.9
E7	E7_Hematoendothelial_progenitors	Hematoendothelial_progenitors	3.68	0.87	0	0	0	0	0	0	0	0	0	0	0	0	0	0	4.8	3.7	4	0	3.3
E7	E7_Hematoendothelial_progenitors	Hematoendothelial_progenitors	3.57	-3.41	0	0	0	0	0	0	0	0	0	0	0	0	0	0	3.6	3.8	2.9	0	2.7
E7	E7_Hematoendothelial_progenitors	Hematoendothelial_progenitors	1.66	1.37	0	0	0	0	0	0	0	0	0	0	0	0	0	0	5	3.3	0	2	2.6
E7	E7_Hematoendothelial_progenitors	Hematoendothelial_progenitors	3.49	-2.72	0	0	0	0	0	0	0	0	0	0	0	0	0	0	5.6	3.7	2.3	3.4	3.2
E7	E7_Hematoendothelial_progenitors	Hematoendothelial_progenitors	-1.95	-2.36	0	2.9	2.5	0	0	0	0	0	0	0	0	0	0	0	5	2.9	2.5	3.3	3.8
E7	E7_Hematoendothelial_progenitors	Hematoendothelial_progenitors	-2.42	-0.46	1.8	2.5	1.8	0	0	0	0	0	1.8	0	0	0	0	0	4.1	1.8	3.5	2.8	3.5
E7	E7_Hematoendothelial_progenitors	Hematoendothelial_progenitors	2.05	3.25	0	0	0	2.9	0	0	0	0	0	0	0	0	0	0	2.5	3.3	3.5	3.3	3.3
E7	E7_Hematoendothelial_progenitors	Hematoendothelial_progenitors	4.61	0.07	0	0	0	0	0	0	0	0	0	0	0	0	0	0	4.5	3.4	1.9	4	3.9
E7	E7_Hematoendothelial_progenitors	Hematoendothelial_progenitors	3.97	0.32	0	0	0	0	0	0	0	0	0	0	0	0	0	0	5.2	3.6	3.4	2.6	3.6
E7	E7_Hematoendothelial_progenitors	Hematoendothelial_progenitors	-3.21	1.93	0	0	2.4	0	0	0	1.8	0	0	0	0	0	0	0	4.1	2.4	0	0	2.4
E7	E7_Hematoendothelial_progenitors	Hematoendothelial_progenitors	4.98	-0.68	0	0	0	0	0	0	0	0	0	0	0	0	0	0	5	3.6	3.1	4.2	2.8
E7	E7_Hematoendothelial_progenitors	Hematoendothelial_progenitors	-0.24	-2.28	0	0	0	0	0	0	0	0	0	0	0	0	0	0	5.2	2.6	2.2	2.6	3.8
E7	E7_Hematoendothelial_progenitors	Hematoendothelial_progenitors	-2.53	1.48	0	2.2	1.7	1.7	0	0	0	0	0	0	0	0	0	0	3.8	3.9	2.2	0	3.9
E7	E7_Hematoendothelial_progenitors	Hematoendothelial_progenitors	-3.24	-1.04	0	2.8	0	0	0	0	0	0	0	0	0	0	0	0	3.4	2.8	3.4	0	2.8
E7	E7_Hematoendothelial_progenitors	Hematoendothelial_progenitors	4.51	-0.13	0	0	0	0	0	0	0	0	0	0	0	0	0	0	5	3.4	2.1	3.1	4.4
E7	E7_Hematoendothelial_progenitors	Hematoendothelial_progenitors	4.92	-0.9	0	0	0	0	0	0	0	0	0	0	0	0	0	0	4.3	3.2	0	2.2	3.7
E7	E7_Hematoendothelial_progenitors	Hematoendothelial_progenitors	4.45	0.87	0	0	0	0	0	0	0	0	0	2	0	0	0	0	4	3	3.5	3.6	2.6
E7	E7_Hematoendothelial_progenitors	Hematoendothelial_progenitors	3.21	-2.18	0	0	0	2.7	0	0	0	0	0	0	0	0	0	0	5.4	3.2	3.4	1.7	3.2
E7	E7_Hematoendothelial_progenitors	Hematoendothelial_progenitors	-1.08	-2.51	0	2.2	2.5	0	0	0	0	0	0	0	0	0	0	0	5.4	3.2	2.2	0	3.3
E7	E7_Hematoendothelial_progenitors	Hematoendothelial_progenitors	0.59	-0.03	0	0	2.8	0	0	0	2.2	0	0	0	0	0	0	0	5.1	3.7	2.8	3.7	3.7
E7	E7_Hematoendothelial_progenitors	Hematoendothelial_progenitors	3.23	-1.55	0	0	0	0	0	0	0	0	0	0	0	0	0	0	3.9	0	4.1	2.4	3
E7	E7_Hematoendothelial_progenitors	Hematoendothelial_progenitors	3.86	0.85	0	0	0	0	0	0	0	0	0	0	0	0	0	0	5.4	2.3	3.8	3.3	3.3
E7	E7_Hematoendothelial_progenitors	Hematoendothelial_progenitors	3.9	-1.6	0	0	0	0	0	0	0	0	0	0	0	0	0	0	5.7	3.1	3.1	1.7	3.4
E7	E7_Hematoendothelial_progenitors	Hematoendothelial_progenitors	-3.55	1.25	0	2.8	0	0	0	0	0	0	0	0	0	0	0	0	3.5	0	0	0	2.8
E7	E7_Hematoendothelial_progenitors	Hematoendothelial_progenitors	-1.97	0.44	0	0	0	0	0	0	0	0	0	0	0	0	0	0	4.4	3.5	2.5	3.5	0
E7	E7_Hematoendothelial_progenitors	Hematoendothelial_progenitors	3.46	-2.36	0	0	0	0	0	0	0	0	0	0	0	0	0	0	5.8	3.6	3.1	1.7	3.7
E7	E7_Hematoendothelial_progenitors	Hematoendothelial_progenitors	-0.51	-1.05	0	0	2	0	0	0	0	0	0	0	0	0	0	0	4.3	2.6	2	0	3.5
E7	E7_Hematoendothelial_progenitors	Hematoendothelial_progenitors	0.81	0.93	0	0	0	0	0	0	0	0	0	0	0	0	0	0	4.2	3.2	2.8	4	4
E7	E7_Hematoendothelial_progenitors	Hematoendothelial_progenitors	0.28	-2.56	0	0	0	0	0	0	2.1	0	0	0	0	0	0	0	5.3	3.7	0	2.1	4.1
E7	E7_Hematoendothelial_progenitors	Hematoendothelial_progenitors	4.75	-0.48	0	0	0	0	0	0	0	0	0	0	0	0	0	0	5.7	2.8	3.2	2.8	3.2
E7	E7_Hematoendothelial_progenitors	Hematoendothelial_progenitors	0.39	-0.8	0	2.4	0	0	0	0	0	0	0	0	0	0	0	0	4.3	2.8	0	2.4	3.5
E7	E7_Hematoendothelial_progenitors	Hematoendothelial_progenitors	3.19	1.68	0	0	0	0	0	0	0	0	0	0	0	0	0	0	4	4	3.1	3.6	3.7
E7	E7_Hematoendothelial_progenitors	Hematoendothelial_progenitors	1.34	0.67	0	1.9	0	0	0	0	0	0	0	0	0	0	0	0	4.7	3.4	2.5	2.9	2.9
E7	E7_Hematoendothelial_progenitors	Hematoendothelial_progenitors	3.81	1.71	0	0	0	0	0	0	0	0	0	0	0	0	0	0	4.9	3.5	2.6	3.5	3.3
E7	E7_Hematoendothelial_progenitors	Hematoendothelial_progenitors	3.22	-1.6	0	0	0	0	0	0	0	0	0	0	0	0	0	0	5.5	3.4	0	0	4.1
E7	E7_Hematoendothelial_progenitors	Hematoendothelial_progenitors	3	0.89	0	0	0	0	0	0	0	0	0	0	0	0	0	0	5.6	3	0	3.5	2.6
E7	E7_Hematoendothelial_progenitors	Hematoendothelial_progenitors	1.1	0.03	0	0	0	0	0	0	0	0	0	0	0	0	0	0	5.1	4.2	3.7	0	4
E7	E7_Hematoendothelial_progenitors	Hematoendothelial_progenitors	0.71	1.71	0	0	0	0	0	0	0	0	0	0	0	0	0	0	4.7	2	2.7	0	3.5
E7	E7_Hematoendothelial_progenitors	Hematoendothelial_progenitors	0.8	-1.8	0	0	1.7	0	0	0	0	0	0	0	0	0	0	0	5.3	3.6	4	1.7	3.3
E7	E7_Hematoendothelial_progenitors	Hematoendothelial_progenitors	-3.13	0.86	0	0	2.5	0	0	0	1.9	0	0	0	0	0	0	0	3.8	2.5	3.2	2.5	3.2
E7	E7_Hematoendothelial_progenitors	Hematoendothelial_progenitors	2.87	2.11	0	0	0	0	0	0	0	0	0	0	0	0	0	0	5.5	3.1	0	0	3.1
E7	E7_Hematoendothelial_progenitors	Hematoendothelial_progenitors	-3.47	-0.18	0	0	3.2	2.3	0	0	0	0	0	0	0	0	0	0	4.3	2.7	3.4	1.7	3.4
E7	E7_Hematoendothelial_progenitors	Hematoendothelial_progenitors	4.43	0.37	0	0	0	0	0	0	0	0	0	0	0	0	0	0	5	3.6	2.1	2.1	3.1
E7	E7_Hematoendothelial_progenitors	Hematoendothelial_progenitors	-1.72	0.45	1.7	0	2.3	0	0	0	0	0	1.7	0	0	0	0	0	4.2	3.6	3.3	2.9	3.4
E7	E7_Hematoendothelial_progenitors	Hematoendothelial_progenitors	0.18	-2.8	0	2.1	0	0	0	0	0	0	0	0	0	0	0	0	5.4	4	2.4	2.4	3.8
E7	E7_Hematoendothelial_progenitors	Hematoendothelial_progenitors	0.14	-2.19	0	0	2.9	0	0	0	0	0	0	0	0	0	0	0	4.7	3.2	2.5	2.5	3.2
E7	E7_Hematoendothelial_progenitors	Hematoendothelial_progenitors	5.39	-0.82	0	0	0	0	0	0	0	0	0	0	0	0	0	0	4.7	3.1	2.1	3.4	3.9
E7	E7_Hematoendothelial_progenitors	Hematoendothelial_progenitors	0.91	0.8	0	0	2.7	0	0	0	0	0	0	0	0	0	0	0	4.1	3.7	1.7	2.9	2.9
E7	E7_Hematoendothelial_progenitors	Hematoendothelial_progenitors	2.92	2.73	0	0	0	0	0	0	0	0	0	0	0	0	0	0	3.8	2.8	2.8	2.8	2.1
E7	E7_Hematoendothelial_progenitors	Hematoendothelial_progenitors	-0.22	0.94	0	0	0	0	0	0	0	0	0	0	0	0	0	0	3.7	3.7	3.3	0	0
E7	E7_Hematoendothelial_progenitors	Hematoendothelial_progenitors	-3.03	1.57	2.7	0	2.7	0	2.7	2.7	0	0	2.7	0	0	0	0	0	4	0	2.7	2.7	2.7
E7	E7_Hematoendothelial_progenitors	Hematoendothelial_progenitors	2.69	0.03	0	0	0	0	0	0	0	0	0	0	0	0	0	0	5.1	3.5	3	3.3	3.6
E7	E7_Hematoendothelial_progenitors	Hematoendothelial_progenitors	-0.79	-0.34	1.9	0	0	0	0	0	0	0	1.9	0	0	0	0	0	4.5	3.1	3.3	1.9	3.1
E7	E7_Hematoendothelial_progenitors	Hematoendothelial_progenitors	-3.37	-1.98	0	3.4	0	0	0	0	0	0	0	0	0	0	0	0	2.7	2.7	3.4	0	3.4
E7	E7_Hematoendothelial_progenitors	Hematoendothelial_progenitors	4.86	-1.31	0	0	0	0	0	0	0	0	0	0	0	0	0	0	5.3	2.8	2.5	2.5	3
E7	E7_Hematoendothelial_progenitors	Hematoendothelial_progenitors	-1.76	2.48	1.7	0	0	0	0	0	0	0	1.7	1.7	0	0	0	0	4.9	3.6	2.7	1.7	1.7
E7	E7_Hematoendothelial_progenitors	Hematoendothelial_progenitors	-1.51	0.9	0	0	2.2	0	0	0	0	0	0	0	0	0	0	0	4.1	0	2.9	2.2	2.9
E7	E7_Hematoendothelial_progenitors	Hematoendothelial_progenitors	1.91	-1.68	0	0	0	0	0	0	0	0	0	0	0	0	0	0	5.4	3.2	3.2	0	3.2
E7	E7_Hematoendothelial_progenitors	Hematoendothelial_progenitors	3.7	-0.6	0	0	0	0	0	0	0	0	0	0	0	0	0	0	5	3.7	0	2.7	2.7
E7	E7_Hematoendothelial_progenitors	Hematoendothelial_progenitors	2.81	0.17	0	0	0	0	0	0	0	0	0	0	0	0	0	0	5.6	3.7	3.1	3.1	3.3
E7	E7_Hematoendothelial_progenitors	Hematoendothelial_progenitors	-1.13	-2.21	0	0	2	0	0	0	0	0	0	0	0	0	0	0	5.6	2.7	2.7	2	3.9
E7	E7_Hematoendothelial_progenitors	Hematoendothelial_progenitors	3.13	0.96	0	0	0	0	0	0	0	0	0	0	0	0	0	0	4.8	3.9	3.3	2.6	3.3
E7	E7_Hematoendothelial_progenitors	Hematoendothelial_progenitors	4.9	-0.02	0	0	0	0	0	0	0	0	0	0	0	0	0	0	4.6	3.5	2.4	0	2.4
E7	E7_Hematoendothelial_progenitors	Hematoendothelial_progenitors	-0.59	3.02	0	0	0	0	0	0	0	0	0	0	0	0	0	0	3	4	3	2.3	2.7
E7	E7_Hematoendothelial_progenitors	Hematoendothelial_progenitors	1.8	-1.01	0	1.6	2.6	0	0	0	0	0	0	0	0	0	0	0	5.5	3.1	3.1	0	4.1
E7	E7_Hematoendothelial_progenitors	Hematoendothelial_progenitors	-1.48	-2.03	0	4	2.1	0	0	0	0	0	0	0	0	0	0	0	4.3	3.3	2.7	0	3.3
E7	E7_Hematoendothelial_progenitors	Hematoendothelial_progenitors	-1.32	1.69	0	0	2.6	0	0	0	0	0	0	0	0	0	0	0	4.8	2	3	2	4.1
E7	E7_Hematoendothelial_progenitors	Hematoendothelial_progenitors	-2.45	0.44	0	0	0	0	0	0	0	0	0	0	0	0	0	0	4	0	0	0	0
E7	E7_Hematoendothelial_progenitors	Hematoendothelial_progenitors	2.07	-0.41	0	0	0	0	0	0	0	0	0	0	0	0	0	0	4.7	2.6	3	3.7	4
E7	E7_Hematoendothelial_progenitors	Hematoendothelial_progenitors	4.22	0.03	0	0	0	0	0	0	0	0	0	0	0	0	0	0	4.2	2.1	3.6	2.1	4.6
E7	E7_Hematoendothelial_progenitors	Hematoendothelial_progenitors	4.24	-1.54	0	0	0	0	0	0	0	0	0	0	0	0	0	0	5.8	4	3.2	0	3.9
E7	E7_Hematoendothelial_progenitors	Hematoendothelial_progenitors	3.59	-1.16	0	0	0	0	0	0	0	0	0	0	0	0	0	0	5.5	4	2.6	0	3
E7	E7_Hematoendothelial_progenitors	Hematoendothelial_progenitors	0.49	1.13	0	0	1.9	0	0	0	0	0	0	0	0	0	0	0	5.3	3.7	1.9	0	3.5
E7	E7_Hematoendothelial_progenitors	Hematoendothelial_progenitors	-0.43	2.95	0	2	3.1	3	0	0	0	0	0	0	0	0	0	0	3.6	2.8	2.6	0	3.1
E7	E7_Hematoendothelial_progenitors	Hematoendothelial_progenitors	-2.91	2.33	0	1.6	0	0	0	0	0	0	0	0	0	0	0	0	4.4	3.5	0	2.6	2.9
E7	E7_Hematoendothelial_progenitors	Hematoendothelial_progenitors	4.67	0.91	0	0	0	0	0	0	0	0	0	0	0	0	0	0	4.1	3.7	3.8	3.2	3.2
E7	E7_Hematoendothelial_progenitors	Hematoendothelial_progenitors	-0.8	-1.83	0	0	0	0	0	0	0	0	0	0	0	0	0	0	4.5	2.6	3	0	3
E7	E7_Hematoendothelial_progenitors	Hematoendothelial_progenitors	-0.43	-0.7	0	0	2.1	0	0	0	0	0	0	0	0	0	0	0	3.4	2.7	2.7	0	3.1
E7	E7_Hematoendothelial_progenitors	Hematoendothelial_progenitors	-1.43	3.19	0	0	1.8	0	0	0	1.8	0	0	0	0	0	0	0	2.4	3	2.4	2.4	3.2
E7.25	E725_Hematoendothelial_progenitors	Hematoendothelial_progenitors	1.88	-3.31	0	0	1.8	0	0	0	0	0	0	0	0	0	0	0	5.7	2.7	2.4	0	3.7
E7.25	E725_Blood_progenitors	Blood_progenitors	-5.63	-0.54	0	3.1	3.1	2.1	3.1	0	0	2.1	0	0	0	0	2.1	0	2.1	3.3	2.1	2.7	2.7
E7.25	E725_Hematoendothelial_progenitors	Hematoendothelial_progenitors	-1.48	-0.04	1.9	0	1.9	0	0	0	0	0	1.9	0	0	0	0	0	3.2	2.5	1.9	0	1.9
E7.25	E725_Hematoendothelial_progenitors	Hematoendothelial_progenitors	2.73	0.49	0	2.9	0	0	0	0	0	0	0	0	0	0	0	0	3.5	4.4	3.5	0	4.4
E7.25	E725_Hematoendothelial_progenitors	Hematoendothelial_progenitors	1.37	-0.13	2.2	0	2.2	0	0	0	0	0	2.2	0	0	0	0	0	4.2	3.6	2.2	2.2	3.6
E7.25	E725_Hematoendothelial_progenitors	Hematoendothelial_progenitors	1.49	0.66	0	0	0	2.2	0	0	0	0	0	0	0	0	0	0	2.8	0	2.2	3.2	3.5
E7.25	E725_Hematoendothelial_progenitors	Hematoendothelial_progenitors	3.38	-0.65	0	0	0	0	0	0	0	0	0	0	0	0	0	0	5.1	0	2.3	2.3	2.3
E7.25	E725_Hematoendothelial_progenitors	Hematoendothelial_progenitors	3.7	0.98	0	0	0	0	0	0	2.2	0	0	0	0	0	0	0	3.5	2.8	0	3.7	3.7
E7.25	E725_Hematoendothelial_progenitors	Hematoendothelial_progenitors	0.41	2.22	0	0	2.3	0	0	0	0	0	0	0	0	0	0	0	0	0	2.3	2.3	2.3
E7.25	E725_Hematoendothelial_progenitors	Hematoendothelial_progenitors	2.38	-1.33	0	0	0	0	0	0	0	0	0	0	0	0	0	0	4.7	2.4	0	2.4	0
E7.25	E725_Hematoendothelial_progenitors	Hematoendothelial_progenitors	1.89	-0.83	0	0	0	0	0	0	0	0	0	0	0	0	0	0	4	1.8	3	1.8	3.4
E7.25	E725_Hematoendothelial_progenitors	Hematoendothelial_progenitors	-1.44	-0.9	0	0	2	0	0	0	2	0	0	0	0	0	0	0	3.6	2.6	0	0	3.5
E7.25	E725_Hematoendothelial_progenitors	Hematoendothelial_progenitors	-3.44	-0.5	2.3	0	2.3	0	0	0	0	2.3	2.3	0	0	0	0	0	0	2.9	0	2.3	2.9
E7.25	E725_Hematoendothelial_progenitors	Hematoendothelial_progenitors	0.15	-0.65	2.2	3.3	2.9	0	0	0	0	0	2.2	0	0	0	0	0	4.2	0	0	0	3.8
E7.25	E725_Hematoendothelial_progenitors	Hematoendothelial_progenitors	0.57	-2.33	0	0	0	0	0	0	0	0	0	0	0	0	0	0	4.7	2.1	2.7	3.1	3.1
E7.25	E725_Hematoendothelial_progenitors	Hematoendothelial_progenitors	3.5	2.07	0	0	0	0	3	0	0	0	0	0	0	0	0	0	0	0	0	3.7	0
E7.25	E725_Hematoendothelial_progenitors	Hematoendothelial_progenitors	0.45	0.09	0	0	0	0	0	0	0	0	0	0	2.6	0	0	0	3.6	2.6	0	0	3.2
E7.25	E725_Hematoendothelial_progenitors	Hematoendothelial_progenitors	2.14	-0.35	0	2.2	0	0	0	0	0	0	0	0	0	0	0	0	4	3.7	2.8	2.2	2.2
E7.25	E725_Hematoendothelial_progenitors	Hematoendothelial_progenitors	-2.48	0.71	2.9	0	2.3	0	0	0	0	0	2.9	2.3	0	0	0	0	3.3	2.9	0	0	3.6
E7.25	E725_Hematoendothelial_progenitors	Hematoendothelial_progenitors	1.73	-2.67	0	1.9	2.9	0	0	0	0	0	0	0	0	0	0	0	5.1	1.9	1.9	0	4.2
E7.25	E725_Hematoendothelial_progenitors	Hematoendothelial_progenitors	-4.18	-0.95	0	0	0	2.8	0	0	2.2	0	0	0	0	0	0	0	2.2	3.2	0	0	2.8
E7.25	E725_Hematoendothelial_progenitors	Hematoendothelial_progenitors	2.98	0.59	0	0	0	0	0	0	0	0	0	0	0	0	0	0	4.8	2.9	0	0	0
E7.25	E725_Blood_progenitors	Blood_progenitors	-3.81	0.24	0	3.1	0	3.1	2.4	0	0	0	0	0	0	0	0	0	0	0	0	0	0
E7.25	E725_Hematoendothelial_progenitors	Hematoendothelial_progenitors	3.41	-2.63	0	0	0	0	0	0	0	0	0	0	0	0	0	0	5	3.3	2.7	2.7	3.1
E7.25	E725_Hematoendothelial_progenitors	Hematoendothelial_progenitors	1.43	-0.47	0	0	2.2	2.2	0	0	0	0	0	0	0	0	0	0	4.7	2.8	2.2	2.2	2.2
E7.25	E725_Hematoendothelial_progenitors	Hematoendothelial_progenitors	-3.48	0.15	3.3	0	2.2	2.2	0	0	0	0	3.3	0	0	0	0	0	2.2	2.2	2.2	0	3.3
E7.25	E725_Hematoendothelial_progenitors	Hematoendothelial_progenitors	1.34	2.24	0	0	0	0	2	2	0	0	0	0	0	0	0	0	0	2.6	2	2.6	2.6
E7.25	E725_Blood_progenitors	Blood_progenitors	-5.85	0.31	2.4	0	3.4	4.1	3	0	0	3	2.4	0	2.4	2.4	0	2.4	2.4	3	0	0	2.4
E7.25	E725_Hematoendothelial_progenitors	Hematoendothelial_progenitors	0.69	-0.94	0	3	0	0	0	0	0	0	0	0	0	0	0	0	3.7	0	0	0	4.6
E7.25	E725_Blood_progenitors	Blood_progenitors	-3.8	1.49	0	0	0	2.1	2.7	2.7	2.1	0	0	0	0	2.1	2.1	0	0	2.7	0	0	3.1
E7.25	E725_Hematoendothelial_progenitors	Hematoendothelial_progenitors	2.93	-0.06	0	0	2.8	0	0	0	0	0	0	0	0	0	0	0	4.1	3.5	3.5	2.8	0
E7.25	E725_Blood_progenitors	Blood_progenitors	-4.24	2.39	1.8	2.8	2.8	2.5	1.8	1.8	0	2.5	1.8	1.8	0	1.8	1.8	0	1.8	0	0	0	2.5
E7.25	E725_Blood_progenitors	Blood_progenitors	-4.51	-0.41	2	2	2.6	3	0	0	2	0	2	0	0	0	0	0	2.6	0	0	0	2.6
E7.25	E725_Hematoendothelial_progenitors	Hematoendothelial_progenitors	-0.16	2.71	0	0	0	0	0	0	1.9	0	0	0	0	0	0	0	4.6	2.9	2.6	0	2.6
E7.25	E725_Blood_progenitors	Blood_progenitors	-3.88	2.69	1.6	2.6	1.6	2.6	1.6	2.2	2.2	0	1.6	0	0	0	0	0	1.6	2.2	2.2	0	2.6
E7.25	E725_Hematoendothelial_progenitors	Hematoendothelial_progenitors	3.7	0.22	0	0	0	0	0	0	0	0	0	0	0	0	0	0	5	2.4	2.4	2.4	3.4
E7.25	E725_Hematoendothelial_progenitors	Hematoendothelial_progenitors	-1.07	-1.85	0	0	2.8	0	0	0	0	0	0	0	0	0	0	0	4.9	2.8	0	0	0
E7.25	E725_Hematoendothelial_progenitors	Hematoendothelial_progenitors	-0.92	2.96	0	1.7	2.3	0	0	0	0	0	0	0	0	0	1.7	0	4.6	3	0	0	1.7
E7.25	E725_Hematoendothelial_progenitors	Hematoendothelial_progenitors	1.5	-2.14	0	0	2.2	0	0	0	0	0	0	0	0	0	0	0	4.5	4	2.8	2.2	3.9
E7.25	E725_Hematoendothelial_progenitors	Hematoendothelial_progenitors	-2.71	-1.56	2.5	3.2	0	3.5	0	0	0	0	2.5	0	0	0	0	0	3.2	0	3.2	2.5	3.2
E7.25	E725_Hematoendothelial_progenitors	Hematoendothelial_progenitors	0.46	0.83	0	0	2.1	0	0	0	0	0	0	0	0	0	0	0	3.8	2.8	2.1	0	3.6
E7.25	E725_Hematoendothelial_progenitors	Hematoendothelial_progenitors	1.63	-1.12	0	0	0	0	0	0	0	0	0	0	0	0	0	0	4.5	3	2	0	4.3
E7.25	E725_Hematoendothelial_progenitors	Hematoendothelial_progenitors	2.88	-2.58	0	1.8	0	0	0	0	0	0	0	0	0	0	0	0	5	2.8	1.8	1.8	4.3
E7.25	E725_Blood_progenitors	Blood_progenitors	-4.81	2.09	0	2	0	3.8	2.6	2.6	3	0	0	2	2	0	0	0	0	0	0	0	3.3
E7.25	E725_Hematoendothelial_progenitors	Hematoendothelial_progenitors	-2.7	-0.02	2.1	0	2.8	0	0	0	0	0	2.1	0	0	0	0	0	0	0	3.1	0	2.1
E7.25	E725_Blood_progenitors	Blood_progenitors	-4.61	-1.33	2.2	2.2	2.2	3.7	2.2	0	2.2	0	2.2	0	0	0	0	0	4.1	0	3.5	0	0
E7.25	E725_Hematoendothelial_progenitors	Hematoendothelial_progenitors	3.16	-2.44	0	0	0	0	0	0	0	0	0	0	0	0	0	0	5.5	3.8	0	0	3.7
E7.25	E725_Blood_progenitors	Blood_progenitors	-3.94	-0.21	2.1	2.7	2.1	2.7	3.1	0	0	0	2.1	0	0	0	0	0	2.1	2.1	0	0	3.1
E7.25	E725_Hematoendothelial_progenitors	Hematoendothelial_progenitors	-3.99	1.41	0	0	0	0	0	0	0	0	0	2.4	0	2.4	0	0	0	3	0	0	0
E7.25	E725_Hematoendothelial_progenitors	Hematoendothelial_progenitors	-2.61	-0.45	0	0	0	0	0	0	0	0	0	0	0	0	0	0	2.4	2.4	0	0	3.7
E7.25	E725_Hematoendothelial_progenitors	Hematoendothelial_progenitors	0.46	-1.39	0	2	2	0	0	0	0	0	0	0	0	0	0	0	4.9	2	0	2	2.6
E7.25	E725_Hematoendothelial_progenitors	Hematoendothelial_progenitors	2.54	-2.14	0	0	0	0	0	0	0	0	0	0	0	0	0	0	4.7	0	3.3	2.3	2.3
E7.25	E725_Hematoendothelial_progenitors	Hematoendothelial_progenitors	1.2	-0.89	0	0	0	0	0	0	0	0	0	0	0	0	0	0	4	3.5	0	2.4	4
E7.25	E725_Hematoendothelial_progenitors	Hematoendothelial_progenitors	1.33	-1.59	0	0	2.4	0	0	0	0	0	0	0	0	0	0	0	5.1	2.4	0	0	3.9
E7.25	E725_Hematoendothelial_progenitors	Hematoendothelial_progenitors	2.6	1.06	0	0	0	0	0	0	0	0	0	0	0	0	0	0	4.4	2	2	2	3.3
E7.25	E725_Hematoendothelial_progenitors	Hematoendothelial_progenitors	0.54	-2.99	0	0	0	0	0	0	0	0	0	0	0	0	0	0	5.1	2.1	0	0	2.1
E7.25	E725_Hematoendothelial_progenitors	Hematoendothelial_progenitors	-2.14	-0.25	0	2.3	3.3	0	0	0	2.3	0	0	0	0	0	0	0	4.5	2.3	0	2.3	0
E7.25	E725_Hematoendothelial_progenitors	Hematoendothelial_progenitors	4.8	0.93	0	0	0	0	0	0	0	0	0	0	0	0	0	0	3.7	2.8	0	3.5	3.5
E7.25	E725_Blood_progenitors	Blood_progenitors	-5.18	-0.62	0	2.6	2	2	2	0	2	0	0	0	0	0	0	0	0	2	0	0	2.6
E7.25	E725_Hematoendothelial_progenitors	Hematoendothelial_progenitors	-0.7	1.95	0	0	2.2	0	2.2	0	0	2.2	0	0	0	0	0	0	0	0	0	2.2	3.5
E7.25	E725_Hematoendothelial_progenitors	Hematoendothelial_progenitors	-1.97	0.49	0	0	2.8	0	0	0	2.2	0	0	0	0	0	0	0	2.2	0	0	0	2.2
E7.25	E725_Blood_progenitors	Blood_progenitors	-5.04	1.7	3.7	3.2	3.2	3.4	2.1	0	0	2.8	3.7	2.1	0	2.1	2.1	0	0	0	0	0	2.1
E7.25	E725_Hematoendothelial_progenitors	Hematoendothelial_progenitors	2.24	2.92	0	0	0	4	0	0	0	0	0	2.3	0	0	0	0	2.3	2.3	3.6	4.1	2.9
E7.25	E725_Hematoendothelial_progenitors	Hematoendothelial_progenitors	-1.11	-2.91	0	2.2	2.8	0	0	0	2.2	0	0	0	0	0	0	0	4.9	2.2	0	0	3.7
E7.25	E725_Hematoendothelial_progenitors	Hematoendothelial_progenitors	-1.64	-0.52	0	2.3	2.3	0	0	0	0	0	0	0	0	0	0	0	3.9	2.3	2.3	2.3	3
E7.25	E725_Hematoendothelial_progenitors	Hematoendothelial_progenitors	-2.75	-2.09	2.8	0	3.5	0	0	0	0	0	2.8	0	0	2.2	0	0	3.5	2.8	2.2	0	3.7
E7.25	E725_Blood_progenitors	Blood_progenitors	-3.11	0.65	0	0	0	0	0	3	0	0	0	0	0	0	3	0	0	3	0	0	0
E7.25	E725_Hematoendothelial_progenitors	Hematoendothelial_progenitors	2.05	0.2	0	0	0	0	0	0	0	0	0	0	0	0	0	0	5.1	2.8	2.2	2.2	3.7
E7.25	E725_Hematoendothelial_progenitors	Hematoendothelial_progenitors	0.03	-2.67	2	2	0	2.7	0	0	2	0	2	0	0	0	0	0	4.6	2.7	0	0	0
E7.25	E725_Hematoendothelial_progenitors	Hematoendothelial_progenitors	2.1	-1.01	0	0	0	0	0	0	0	0	0	0	0	0	0	0	5.4	3.3	2.9	0	4
E7.25	E725_Hematoendothelial_progenitors	Hematoendothelial_progenitors	4.87	-2.75	1.5	0	0	0	0	0	0	0	1.5	0	0	0	0	0	4.4	2.1	2.5	3.8	4.2
E7.25	E725_Blood_progenitors	Blood_progenitors	-4.25	0.04	0	0	2.6	3.2	0	2.6	0	0	0	3.2	0	0	0	0	0	0	0	0	0
E7.25	E725_Hematoendothelial_progenitors	Hematoendothelial_progenitors	2.48	3.27	0	0	0	3.3	0	0	0	0	0	0	2	0	0	0	2	3.5	3	3.7	3
E7.25	E725_Blood_progenitors	Blood_progenitors	-5.11	2.01	2.7	0	0	3.2	0	0	1.8	0	2.7	0	1.8	1.8	0	0	2.4	0	0	0	1.8
E7.25	E725_Hematoendothelial_progenitors	Hematoendothelial_progenitors	-0.09	1.55	0	2.2	2.2	0	0	0	0	0	0	0	0	0	0	0	3.9	2.2	0	0	3.2
E7.25	E725_Hematoendothelial_progenitors	Hematoendothelial_progenitors	-2.65	-2.15	1.7	3	2.3	3	0	0	0	0	1.7	0	0	0	0	0	4.3	1.7	1.7	2.7	3
E7.25	E725_Hematoendothelial_progenitors	Hematoendothelial_progenitors	0.25	-1.13	0	0	0	0	0	0	0	0	0	0	0	0	0	0	4.8	0	0	0	3.1
E7.25	E725_Hematoendothelial_progenitors	Hematoendothelial_progenitors	-3.48	-2.66	2.3	0	2.3	0	0	0	2.3	0	2.3	0	0	0	0	0	2.9	2.9	0	0	2.9
E7.25	E725_Hematoendothelial_progenitors	Hematoendothelial_progenitors	-2.96	0.67	2.2	2.8	0	2.2	2.8	0	2.2	0	2.2	0	2.2	0	0	0	0	2.2	0	2.2	2.8
E7.25	E725_Blood_progenitors	Blood_progenitors	-5	-0.07	0	0	2.3	2.3	2.3	0	0	0	0	0	0	0	0	0	0	0	2.3	0	3.3
E7.25	E725_Hematoendothelial_progenitors	Hematoendothelial_progenitors	-3.95	-2.07	0	0	2.1	2.7	0	0	0	0	0	0	0	0	0	0	2.7	2.1	0	0	2.1
E7.25	E725_Hematoendothelial_progenitors	Hematoendothelial_progenitors	0.96	-0.52	0	2.9	0	0	0	0	0	0	0	0	0	0	0	0	4.9	0	0	0	3.6
E7.25	E725_Hematoendothelial_progenitors	Hematoendothelial_progenitors	1.8	-2.09	0	0	0	0	0	0	0	0	0	0	0	0	0	0	3	3.3	2.3	2.3	3.6
E7.25	E725_Hematoendothelial_progenitors	Hematoendothelial_progenitors	3.25	-0.48	0	0	0	0	0	0	0	0	0	0	0	0	0	0	4.7	2.9	2.5	0	2.9
E7.25	E725_Hematoendothelial_progenitors	Hematoendothelial_progenitors	-2.09	-0.79	0	2.9	0	0	0	0	0	0	0	0	0	0	0	0	2.3	2.3	2.3	3.3	3.3
E7.25	E725_Blood_progenitors	Blood_progenitors	-5.06	0.09	0	0	0	3	3	3	0	0	0	0	0	0	0	0	2.3	2.3	0	0	0
E7.25	E725_Hematoendothelial_progenitors	Hematoendothelial_progenitors	-0.99	-0.35	0	2.4	3.1	0	0	0	2.4	0	0	0	0	0	0	0	3.1	0	0	0	2.4
E7.25	E725_Hematoendothelial_progenitors	Hematoendothelial_progenitors	-0.46	1.07	2	0	2.6	2	0	0	0	0	2	0	0	0	0	0	2	2.6	0	0	3
E7.25	E725_Hematoendothelial_progenitors	Hematoendothelial_progenitors	-3.31	-1.6	0	2.6	0	0	2.6	0	0	0	0	0	0	0	0	0	3.6	3.3	0	0	4.1
E7.25	E725_Hematoendothelial_progenitors	Hematoendothelial_progenitors	0.9	2.88	0	1.7	1.7	0	0	0	0	0	0	0	0	0	0	0	4.6	2.3	2.7	1.7	3.4
E7.25	E725_Hematoendothelial_progenitors	Hematoendothelial_progenitors	3.59	-0.76	0	2.2	2.2	0	0	0	0	0	0	0	0	0	0	0	2.2	2.2	2.2	2.2	4.1
E7.25	E725_Hematoendothelial_progenitors	Hematoendothelial_progenitors	4.64	-2.62	0	0	1.7	1.7	0	0	0	0	0	0	0	0	0	0	5	2.9	1.7	2.3	3.7
E7.25	E725_Hematoendothelial_progenitors	Hematoendothelial_progenitors	-0.24	0.48	0	2	2	0	0	0	2	0	0	0	0	0	0	0	5	3	2.6	0	3.5
E7.25	E725_Hematoendothelial_progenitors	Hematoendothelial_progenitors	1.22	1.63	0	0	3.2	0	0	0	0	0	0	0	0	0	0	0	4.2	3.2	0	0	2.9
E7.25	E725_Blood_progenitors	Blood_progenitors	-6.08	0.23	2.7	0	0	4	2.1	2.1	0	2.1	2.7	0	2.1	0	0	3.3	0	0	0	0	0
E7.25	E725_Blood_progenitors	Blood_progenitors	-4.38	1.2	0	0	0	3.5	1.8	0	3.1	1.8	0	0	0	1.8	0	0	0	2.5	1.8	0	3.5
E7.25	E725_Blood_progenitors	Blood_progenitors	-5.23	0.21	0	0	2	3	3	2	2	0	0	2.6	2	0	0	0	0	0	0	0	3.3
E7.25	E725_Hematoendothelial_progenitors	Hematoendothelial_progenitors	2.67	-2.33	0	0	1.6	0	0	0	0	0	0	0	0	0	0	0	5.5	3.4	1.6	1.6	3.7
E7.25	E725_Blood_progenitors	Blood_progenitors	-4.46	0.62	1.9	1.9	0	2.9	0	0	1.9	2.9	1.9	0	2.9	0	0	2.5	1.9	0	0	0	1.9
E7.25	E725_Hematoendothelial_progenitors	Hematoendothelial_progenitors	1.98	0.06	0	0	0	0	0	0	0	0	0	0	0	0	0	0	3	3.6	0	0	3.6
E7.25	E725_Hematoendothelial_progenitors	Hematoendothelial_progenitors	-2.31	1.08	2	3	2	0	0	0	0	0	2	2	0	0	0	0	3	0	0	2.6	2
E7.25	E725_Blood_progenitors	Blood_progenitors	-5.18	1.48	2.6	2.6	1.9	1.9	0	0	1.9	1.9	2.6	0	0	1.9	1.9	1.9	0	1.9	0	0	2.9
E7.25	E725_Hematoendothelial_progenitors	Hematoendothelial_progenitors	2.44	0.12	0	0	0	0	0	0	0	0	0	0	0	0	0	0	4.8	2.1	0	2.1	3.1
E7.25	E725_Hematoendothelial_progenitors	Hematoendothelial_progenitors	4.19	-2.73	0	0	2	0	0	0	0	0	0	0	0	0	2	0	5.2	4.1	2.7	0	0
E7.25	E725_Hematoendothelial_progenitors	Hematoendothelial_progenitors	2.64	0.58	0	0	0	0	0	0	0	0	0	0	0	0	0	0	4.7	3.1	2.7	0	3.4
E7.25	E725_Hematoendothelial_progenitors	Hematoendothelial_progenitors	0.72	-2.1	0	0	0	0	0	0	0	0	0	0	0	0	0	0	4.6	2.9	2.9	2	3.4
E7.25	E725_Hematoendothelial_progenitors	Hematoendothelial_progenitors	0.93	-1.92	0	2.6	0	2.6	0	0	0	0	0	0	0	0	0	0	5.4	3.2	0	2.6	0
E7.25	E725_Hematoendothelial_progenitors	Hematoendothelial_progenitors	5.26	-0.94	0	0	0	0	0	0	0	0	0	0	0	0	0	0	4.3	3.2	2.6	2.6	3.6
E7.25	E725_Hematoendothelial_progenitors	Hematoendothelial_progenitors	4.73	-0.87	0	0	0	0	0	0	0	0	0	0	0	0	0	0	4.4	3.1	1.8	0	2.8
E7.25	E725_Hematoendothelial_progenitors	Hematoendothelial_progenitors	-1.19	-3.02	0	0	2.6	0	0	0	0	0	0	0	0	0	0	0	4.4	2.6	0	0	3.8
E7.25	E725_Hematoendothelial_progenitors	Hematoendothelial_progenitors	0.98	-0.21	0	0	0	2.3	0	0	0	0	0	0	0	0	0	0	4	3.6	2.9	0	3.3
E7.25	E725_Hematoendothelial_progenitors	Hematoendothelial_progenitors	1.71	-2.75	0	2.2	0	0	0	0	0	0	0	0	0	0	0	0	5	2.2	3.3	0	3.9
E7.25	E725_Hematoendothelial_progenitors	Hematoendothelial_progenitors	1.11	-3.17	0	0	1.5	0	0	0	0	0	0	0	0	0	0	0	4.2	2.7	1.5	0	4.3
E7.25	E725_Hematoendothelial_progenitors	Hematoendothelial_progenitors	1.5	3.32	0	0	0	2	0	0	3	0	0	0	0	0	0	0	2	2	2.6	3.3	3.5
E7.25	E725_Hematoendothelial_progenitors	Hematoendothelial_progenitors	-2.89	-1.43	0	0	3.3	0	0	0	0	0	0	0	0	2.3	0	0	2.3	2.9	0	0	2.3
E7.25	E725_Hematoendothelial_progenitors	Hematoendothelial_progenitors	-2.19	-1.54	2.6	0	3.4	0	0	0	0	0	2.6	0	0	0	0	0	4.7	3	0	0	3.9
E7.25	E725_Hematoendothelial_progenitors	Hematoendothelial_progenitors	2.37	3.12	0	0	0	2	0	0	0	0	0	0	0	0	0	2	0	2.6	0	2.6	2
E7.25	E725_Hematoendothelial_progenitors	Hematoendothelial_progenitors	-1.53	-0.33	0	0	0	2.3	0	0	0	0	0	0	0	0	0	0	3.3	2.9	0	2.3	2.3
E7.25	E725_Hematoendothelial_progenitors	Hematoendothelial_progenitors	-3.59	1.57	2.1	3.1	0	0	0	0	0	0	2.1	0	0	0	0	0	2.1	2.7	0	0	2.7
E7.25	E725_Blood_progenitors	Blood_progenitors	-5.75	-0.08	2.1	0	3.1	3.4	2.1	3.1	0	0	2.1	0	2.1	2.7	0	2.1	2.1	0	0	2.1	3.4
E7.25	E725_Hematoendothelial_progenitors	Hematoendothelial_progenitors	-2.05	-0.96	1.9	0	2.9	0	0	0	0	0	1.9	0	0	0	0	0	4.4	2.5	3.5	1.9	3.4
E7.25	E725_Blood_progenitors	Blood_progenitors	-4.74	-0.14	0	2.2	0	0	2.8	0	2.2	2.2	0	2.2	0	0	0	0	0	0	0	0	2.2
E7.25	E725_Blood_progenitors	Blood_progenitors	-3.19	1.21	3.4	4	0	0	2.7	0	2.7	2.7	3.4	0	0	0	0	0	0	0	0	2.7	0
E7.25	E725_Hematoendothelial_progenitors	Hematoendothelial_progenitors	1.49	-1.73	0	0	2.4	0	0	0	0	0	0	0	0	0	0	0	4.8	2.4	0	0	3.4
E7.25	E725_Hematoendothelial_progenitors	Hematoendothelial_progenitors	0.47	2.17	0	0	1.7	0	0	0	0	0	0	0	0	0	0	0	5.3	1.7	0	0	2.9
E7.25	E725_Hematoendothelial_progenitors	Hematoendothelial_progenitors	-1.01	3.1	0	1.4	2.3	0	1.4	0	2	0	0	0	0	0	0	0	4.2	2.8	2	1.4	2.3
E7.25	E725_Hematoendothelial_progenitors	Hematoendothelial_progenitors	1.15	1.28	0	0	0	0	0	0	0	0	0	0	0	0	0	0	4.8	3.1	2.5	2.5	2.8
E7.25	E725_Hematoendothelial_progenitors	Hematoendothelial_progenitors	-1.83	0.25	2.8	0	0	0	2.2	0	0	0	2.8	0	0	0	0	0	2.8	0	2.8	0	3.5
E7.25	E725_Hematoendothelial_progenitors	Hematoendothelial_progenitors	3.06	-1.68	0	0	0	0	0	0	0	0	0	0	0	0	0	0	5.8	0	2.4	2.4	3.7
E7.25	E725_Blood_progenitors	Blood_progenitors	-4.91	-0.49	0	2.3	2.9	2.3	0	0	0	0	0	2.3	0	0	0	0	2.3	0	0	0	2.9
E7.25	E725_Hematoendothelial_progenitors	Hematoendothelial_progenitors	2.31	2.15	0	0	0	2.3	0	0	0	0	0	0	0	0	0	0	2.3	2.9	3.3	2.3	2.9
E7.25	E725_Blood_progenitors	Blood_progenitors	-5.62	-0.66	2.2	2.2	2.2	3.3	0	2.2	0	0	2.2	0	0	0	0	0	2.2	0	2.9	0	3.3
E7.25	E725_Hematoendothelial_progenitors	Hematoendothelial_progenitors	-0.18	-1.56	0	0	0	0	0	0	0	0	0	0	0	0	0	0	4.7	0	0	0	0
E7.25	E725_Blood_progenitors	Blood_progenitors	-4.24	-0.92	2.4	0	0	2.4	2.4	0	2.4	0	2.4	0	0	0	0	0	0	0	3.4	0	3.7
E7.25	E725_Hematoendothelial_progenitors	Hematoendothelial_progenitors	-0.45	-0.15	0	2.9	3.4	0	0	0	0	0	0	0	0	0	0	0	4.3	2.5	1.9	0	3.2
E7.25	E725_Blood_progenitors	Blood_progenitors	-4.36	-1.33	0	0	0	3	2.6	0	2	0	0	0	2.6	0	0	0	0	3	0	2	2
E7.25	E725_Hematoendothelial_progenitors	Hematoendothelial_progenitors	-2.43	-2.05	0	0	2.3	2.7	0	0	0	0	0	0	0	0	0	0	3.8	3.2	2.3	1.7	3.2
E7.25	E725_Hematoendothelial_progenitors	Hematoendothelial_progenitors	-1.62	2.21	2.1	0	2.7	3.1	0	0	2.1	2.1	2.1	0	0	0	0	0	5	3.1	0	0	0
E7.25	E725_Hematoendothelial_progenitors	Hematoendothelial_progenitors	3.87	-2.79	0	0	0	0	0	0	0	0	0	0	0	0	0	0	4	2.6	3.5	3	3
E7.25	E725_Hematoendothelial_progenitors	Hematoendothelial_progenitors	3.37	-3.61	0	0	1.6	0	0	0	0	0	0	0	0	0	0	0	2.6	4.3	1.6	0	3.3
E7.25	E725_Hematoendothelial_progenitors	Hematoendothelial_progenitors	-0.69	1.38	0	0	1.9	0	0	0	0	0	0	0	0	0	0	0	3.4	0	2.5	1.9	2.9
E7.25	E725_Hematoendothelial_progenitors	Hematoendothelial_progenitors	2.51	0.91	0	0	0	0	0	0	0	0	0	0	0	0	0	0	5	2.8	3.4	0	2.8
E7.25	E725_Hematoendothelial_progenitors	Hematoendothelial_progenitors	-3.71	-2.11	0	2.7	2	0	0	0	0	0	0	0	0	2	0	0	2	3.3	2	2	3
E7.25	E725_Hematoendothelial_progenitors	Hematoendothelial_progenitors	-1.04	1.62	2	0	2	2.6	0	0	0	0	2	0	0	0	0	0	2.6	2	0	2	2
E7.25	E725_Hematoendothelial_progenitors	Hematoendothelial_progenitors	1.88	-0.54	0	0	0	0	0	0	0	0	0	0	0	0	0	0	4.8	3.7	3.7	0	3
E7.25	E725_Blood_progenitors	Blood_progenitors	-1.3	2.66	0	2	2	0	2	0	2	2	0	3	2.6	0	0	0	4	2	0	2.6	2
E7.25	E725_Hematoendothelial_progenitors	Hematoendothelial_progenitors	-0.21	-1.39	2.2	0	2.2	0	2.2	0	0	0	2.2	0	0	0	0	0	4.1	0	3.3	0	3.9
E7.25	E725_Hematoendothelial_progenitors	Hematoendothelial_progenitors	-1.63	2.37	0	2.4	1.8	1.8	0	0	0	1.8	0	0	0	0	0	0	4.3	2.8	0	0	2.4
E7.25	E725_Hematoendothelial_progenitors	Hematoendothelial_progenitors	-2.72	-1.34	0	0	2.8	0	0	0	0	0	0	0	0	0	0	0	3.4	2.1	2.8	0	3.2
E7.25	E725_Hematoendothelial_progenitors	Hematoendothelial_progenitors	-2.79	-1.64	0	3.2	2.5	0	0	0	0	1.9	0	1.9	0	0	0	0	3.6	1.9	1.9	0	2.5
E7.25	E725_Hematoendothelial_progenitors	Hematoendothelial_progenitors	-2.48	-0.36	0	1.9	1.9	1.9	0	0	0	0	0	0	0	0	0	0	3.3	2.5	1.9	0	2.8
E7.25	E725_Blood_progenitors	Blood_progenitors	-4.61	2.83	2.4	3.5	1.8	4.1	1.8	2.7	1.8	0	2.4	0	2.4	0	0	0	2.4	1.8	0	0	3.2
E7.25	E725_Blood_progenitors	Blood_progenitors	-4.16	2.18	0	1.9	2.5	2.5	1.9	1.9	0	0	0	1.9	0	0	1.9	0	0	2.5	0	0	2.9
E7.25	E725_Hematoendothelial_progenitors	Hematoendothelial_progenitors	0.63	-1.53	0	2.4	0	0	0	0	0	0	0	0	0	0	0	0	5.1	3.1	3.1	0	2.4
E7.25	E725_Hematoendothelial_progenitors	Hematoendothelial_progenitors	-2.53	-1.2	2.2	0	0	0	2.2	0	2.2	0	2.2	0	0	0	0	0	0	2.2	0	0	3.5
E7.25	E725_Hematoendothelial_progenitors	Hematoendothelial_progenitors	-2.59	-3.12	0	2.4	2.4	2.4	0	0	2.4	0	0	0	0	0	0	0	3.4	3.4	2.4	0	3.4
E7.25	E725_Hematoendothelial_progenitors	Hematoendothelial_progenitors	-1.42	2.87	2	3	3.5	0	0	2	0	0	2	0	0	0	0	0	2	2	0	0	2.6
E7.25	E725_Blood_progenitors	Blood_progenitors	-4.6	2.79	1.9	1.9	2.5	3.3	3.1	2.5	2.9	1.9	1.9	1.9	0	0	0	1.9	0	1.9	0	0	3.1
E7.25	E725_Hematoendothelial_progenitors	Hematoendothelial_progenitors	-2.31	0.6	2.5	0	0	0	0	0	0	0	2.5	0	0	0	0	0	3.2	0	3.2	1.9	1.9
E7.25	E725_Hematoendothelial_progenitors	Hematoendothelial_progenitors	-1.36	-1.19	0	2.7	2.7	0	0	0	0	0	0	0	0	0	0	0	4.5	2.1	2.1	0	3.4
E7.25	E725_Blood_progenitors	Blood_progenitors	-4.82	0.57	0	3	2.3	2.3	3.4	0	2.3	0	0	0	0	0	0	0	0	2.3	0	0	2.3
E7.25	E725_Hematoendothelial_progenitors	Hematoendothelial_progenitors	3.47	1.06	0	2	0	2	2	0	0	0	0	0	0	0	0	0	0	2.6	2.6	3	2
E7.25	E725_Hematoendothelial_progenitors	Hematoendothelial_progenitors	-0.24	3.29	2.1	0	0	2.1	0	0	2.1	0	2.1	0	0	0	0	0	0	2.1	0	2.7	2.1
E7.25	E725_Hematoendothelial_progenitors	Hematoendothelial_progenitors	-0.53	0.76	0	2.3	0	0	2.3	0	0	0	0	0	0	0	0	0	4	0	0	0	3.3
E7.25	E725_Blood_progenitors	Blood_progenitors	-4.78	1.77	2.9	3.5	0	0	2.9	0	2.9	0	2.9	0	0	0	0	0	2.9	0	0	0	2.9
E7.25	E725_Hematoendothelial_progenitors	Hematoendothelial_progenitors	4.21	-2.28	0	0	2	0	0	0	0	0	0	0	0	0	0	0	5.5	2.6	2	0	3.8
E7.25	E725_Blood_progenitors	Blood_progenitors	-5.13	1.35	2.7	2.1	2.7	0	2.7	2.7	2.1	0	2.7	0	0	0	0	0	0	0	0	0	2.7
E7.25	E725_Hematoendothelial_progenitors	Hematoendothelial_progenitors	0.67	3.11	0	2.1	0	3.1	2.1	2.1	0	0	0	0	0	0	0	0	0	2.1	3.1	3.6	2.1
E7.25	E725_Hematoendothelial_progenitors	Hematoendothelial_progenitors	2.12	0.68	0	0	0	0	0	0	0	0	0	0	0	0	0	0	3.7	3.3	0	3.3	3.3
E7.25	E725_Hematoendothelial_progenitors	Hematoendothelial_progenitors	0.48	0.17	0	0	0	0	0	0	0	0	0	0	0	0	0	0	4.2	3.2	3.6	3.6	2.5
E7.25	E725_Hematoendothelial_progenitors	Hematoendothelial_progenitors	-0.68	0.02	0	0	2.1	0	0	0	0	0	0	0	0	0	0	0	4.8	2.7	2.1	0	4
E7.25	E725_Hematoendothelial_progenitors	Hematoendothelial_progenitors	1.68	-1.29	0	2.2	0	0	0	0	0	0	0	0	0	0	0	0	3.5	3.5	2.2	3.2	3.5
E7.25	E725_Hematoendothelial_progenitors	Hematoendothelial_progenitors	-2	-0.72	0	0	2.4	0	0	0	0	0	0	0	0	0	0	0	4.8	2.4	3.5	2.4	3.5
E7.25	E725_Hematoendothelial_progenitors	Hematoendothelial_progenitors	3.12	0.4	0	0	0	0	0	0	0	0	0	0	0	0	0	0	4.6	2.7	2.1	0	0
E7.25	E725_Blood_progenitors	Blood_progenitors	-4.38	3.07	2.5	1.9	1.9	2.9	2.5	2.9	1.9	2.5	2.5	0	0	0	0	0	0	1.9	0	1.9	3.2
E7.25	E725_Hematoendothelial_progenitors	Hematoendothelial_progenitors	-3.3	-2.34	2.3	2.3	2.9	2.9	0	0	3.3	0	2.3	0	0	0	0	0	4	2.3	0	0	2.9
E7.25	E725_Hematoendothelial_progenitors	Hematoendothelial_progenitors	-1.43	-1.33	0	0	2.4	0	0	0	0	0	0	0	0	0	0	0	3.7	0	0	0	0
E7.25	E725_Hematoendothelial_progenitors	Hematoendothelial_progenitors	-0.9	-0.82	0	0	0	0	0	0	0	0	0	0	0	0	0	0	3.7	3.5	2.2	3.2	2.8
E7.25	E725_Hematoendothelial_progenitors	Hematoendothelial_progenitors	-2.21	-1.57	0	2.3	3.2	1.7	0	0	1.7	0	0	0	0	0	0	0	4.8	1.7	2.3	0	2.7
E7.25	E725_Hematoendothelial_progenitors	Hematoendothelial_progenitors	4.2	0.41	0	2.1	0	0	0	0	0	0	0	0	0	0	0	0	3.4	2.7	2.7	3.6	3.4
E7.25	E725_Hematoendothelial_progenitors	Hematoendothelial_progenitors	1.7	0.47	0	2.3	0	0	2.3	0	0	0	0	0	0	0	0	0	3	0	0	2.3	3.4
E7.25	E725_Hematoendothelial_progenitors	Hematoendothelial_progenitors	3.31	-2.22	0	0	0	0	0	0	0	0	0	0	0	0	0	0	5.6	2.1	2.1	0	3.4
E7.25	E725_Blood_progenitors	Blood_progenitors	0.61	2	0	2.1	0	2.1	2.1	2.1	0	3.1	0	0	0	0	0	2.1	0	0	2.1	2.1	2.7
E7.25	E725_Hematoendothelial_progenitors	Hematoendothelial_progenitors	-0.95	0.56	0	1.8	2.4	0	0	0	0	0	0	0	0	0	0	0	3.4	2.8	0	2.4	3.4
E7.25	E725_Hematoendothelial_progenitors	Hematoendothelial_progenitors	-0.63	0.99	0	0	0	0	0	0	0	0	0	0	0	0	0	0	3.6	2	2.6	2.6	2.6
E7.25	E725_Hematoendothelial_progenitors	Hematoendothelial_progenitors	3.19	0.71	0	0	0	0	0	0	0	0	0	0	0	0	0	0	5.1	3	2.4	4.4	3.7
E7.25	E725_Blood_progenitors	Blood_progenitors	-3.33	2.77	0	1.9	2.6	3.8	2.6	0	0	0	0	0	0	0	0	0	0	1.9	0	3.4	2.6
E7.25	E725_Hematoendothelial_progenitors	Hematoendothelial_progenitors	-4.18	-1.17	0	3.6	2.3	0	0	0	0	0	0	0	0	0	0	0	2.9	0	2.3	0	4.1
E7.25	E725_Hematoendothelial_progenitors	Hematoendothelial_progenitors	-3.11	-2.71	2	0	2	2.6	0	0	0	0	2	0	0	0	0	0	4.5	2.6	2	0	3.9
E7.25	E725_Hematoendothelial_progenitors	Hematoendothelial_progenitors	-2.68	2.9	2.5	0	1.9	0	1.9	0	0	0	2.5	0	0	0	0	0	1.9	2.9	1.9	0	1.9
E7.25	E725_Hematoendothelial_progenitors	Hematoendothelial_progenitors	3	-0.51	0	0	0	0	0	0	0	0	0	0	0	0	0	0	5.1	2.5	2.5	2.5	4.7
E7.25	E725_Blood_progenitors	Blood_progenitors	-4.4	-1.83	2.6	0	0	0	0	0	2	0	2.6	0	0	0	0	0	2	0	0	0	3.7
E7.25	E725_Hematoendothelial_progenitors	Hematoendothelial_progenitors	1.11	2.94	2	0	0	3	0	0	0	0	2	0	0	0	0	0	5.1	2.6	2	2.6	2.6
E7.25	E725_Hematoendothelial_progenitors	Hematoendothelial_progenitors	-2.62	1.65	0	0	0	0	1.8	0	2.8	0	0	0	0	0	0	0	2.4	0	0	0	1.8
E7.25	E725_Hematoendothelial_progenitors	Hematoendothelial_progenitors	-3.14	-1.19	0	0	2.8	2.1	0	0	0	0	0	0	0	0	0	0	0	0	0	0	2.1
E7.25	E725_Hematoendothelial_progenitors	Hematoendothelial_progenitors	0.43	1.62	2	0	0	0	0	0	0	0	2	0	0	0	0	0	4.8	3	2	0	2.6
E7.25	E725_Hematoendothelial_progenitors	Hematoendothelial_progenitors	-1.35	-0.02	0	0	0	2.1	0	0	2.1	0	0	0	0	0	0	0	4.7	2.7	3.6	0	2.7
E7.25	E725_Hematoendothelial_progenitors	Hematoendothelial_progenitors	3.34	-0.91	0	0	0	1.9	0	0	0	0	0	0	0	0	0	0	4.9	2.6	2.6	1.9	2.9
E7.25	E725_Hematoendothelial_progenitors	Hematoendothelial_progenitors	-0.39	-1.33	0	2.2	0	2.2	0	0	0	0	0	0	0	0	0	0	4.1	2.2	0	2.2	3.5
E7.25	E725_Blood_progenitors	Blood_progenitors	-4.3	-1.2	0	0	2.6	3.3	0	0	3.3	0	0	0	2.6	0	0	0	0	0	0	0	0
E7.25	E725_Hematoendothelial_progenitors	Hematoendothelial_progenitors	-1.11	2.66	1.7	2.3	0	0	0	0	0	0	1.7	0	0	0	0	0	3.7	2.3	0	0	3
E7.25	E725_Hematoendothelial_progenitors	Hematoendothelial_progenitors	-0.2	1.17	0	0	0	0	0	0	2.1	0	0	0	0	0	0	0	2.7	2.1	2.1	0	2.1
E7.25	E725_Hematoendothelial_progenitors	Hematoendothelial_progenitors	-0.72	2.35	0	2.6	1.7	0	0	0	2.6	0	0	0	0	0	0	0	5	3.3	0	0	2.6
E7.25	E725_Hematoendothelial_progenitors	Hematoendothelial_progenitors	0.57	-1.49	0	1.6	2.1	1.6	0	0	0	0	0	0	0	0	0	0	4.4	2.5	0	1.6	3.2
E7.25	E725_Hematoendothelial_progenitors	Hematoendothelial_progenitors	1.6	-0.84	0	0	0	0	0	0	0	0	0	0	0	0	0	0	4.2	2.8	2.8	3.5	3.7
E7.25	E725_Hematoendothelial_progenitors	Hematoendothelial_progenitors	-3.61	-0.33	2.1	2.1	0	2.1	0	0	0	0	2.1	0	0	0	0	0	3.1	3.1	0	2.1	2.1
E7.25	E725_Hematoendothelial_progenitors	Hematoendothelial_progenitors	1.72	-2.21	0	0	0	0	0	0	0	0	0	0	0	0	0	0	4.7	2.7	2.7	0	3.4
E7.25	E725_Hematoendothelial_progenitors	Hematoendothelial_progenitors	4.05	-3.23	0	1.5	0	0	0	0	0	0	0	0	0	0	0	0	4.2	3.4	3.4	2.1	2.9
E7.25	E725_Hematoendothelial_progenitors	Hematoendothelial_progenitors	-1.94	-0.29	0	1.9	3.1	0	0	0	0	0	0	0	0	0	0	0	4.1	2.8	0	0	2.8
E7.25	E725_Hematoendothelial_progenitors	Hematoendothelial_progenitors	0.99	-1.17	0	1.8	0	0	0	0	0	0	0	0	0	0	0	0	5.2	2.8	1.8	0	3.3
E7.25	E725_Hematoendothelial_progenitors	Hematoendothelial_progenitors	1.93	-0.17	0	0	2.4	0	0	0	0	0	0	0	0	0	0	0	5.5	2.4	2.4	0	3.9
E7.25	E725_Hematoendothelial_progenitors	Hematoendothelial_progenitors	-0.64	-1.89	0	0	0	0	0	0	0	0	0	0	0	0	0	0	4.5	0	2.6	2.6	4
E7.25	E725_Hematoendothelial_progenitors	Hematoendothelial_progenitors	2.71	-0.46	0	2	2	0	0	0	0	0	0	0	0	0	0	0	3.3	3.5	2	3.3	2.6
E7.25	E725_Blood_progenitors	Blood_progenitors	-4.21	2.09	0	3.6	0	2.9	0	2.3	0	0	0	0	0	0	0	0	0	0	0	0	3.6
E7.25	E725_Hematoendothelial_progenitors	Hematoendothelial_progenitors	1.27	-1.83	0	0	0	0	0	0	0	0	0	0	0	0	0	0	3.7	2.6	2	2.6	0
E7.25	E725_Hematoendothelial_progenitors	Hematoendothelial_progenitors	1.01	-2.77	1.7	2.4	3.2	1.7	0	0	0	0	1.7	0	0	0	0	0	3.8	1.7	1.7	0	3.7
E7.25	E725_Hematoendothelial_progenitors	Hematoendothelial_progenitors	-2.4	-3.04	2.4	0	0	0	0	0	2.4	0	2.4	0	0	0	0	0	4.3	2.4	0	0	2.4
E7.25	E725_Hematoendothelial_progenitors	Hematoendothelial_progenitors	-1.89	-1.07	0	0	1.7	2.7	0	0	0	0	0	0	0	0	0	0	3.2	1.7	2.3	1.7	4
E7.25	E725_Hematoendothelial_progenitors	Hematoendothelial_progenitors	0.13	1.48	0	0	0	0	0	0	1.8	0	0	0	0	0	0	0	4.1	1.8	2.4	3.6	3.3
E7.25	E725_Hematoendothelial_progenitors	Hematoendothelial_progenitors	0.51	-2.17	0	0	2.9	0	0	0	0	0	0	0	0	0	0	0	4.7	2.6	0	1.9	3.4
E7.25	E725_Hematoendothelial_progenitors	Hematoendothelial_progenitors	-0.88	0.33	2.1	0	0	0	0	0	0	0	2.1	0	0	0	0	0	3.4	0	0	3.4	2.7
E7.25	E725_Hematoendothelial_progenitors	Hematoendothelial_progenitors	2.15	2.66	0	2.3	0	0	0	0	2.3	0	0	0	0	0	0	0	3.8	3.3	0	2.3	3.3
E7.25	E725_Hematoendothelial_progenitors	Hematoendothelial_progenitors	-1.28	0.69	0	0	0	0	0	0	0	0	0	0	0	0	0	0	4.2	0	0	0	0
E7.25	E725_Hematoendothelial_progenitors	Hematoendothelial_progenitors	-1.57	-0.22	2.1	2.1	0	0	0	0	2.8	0	2.1	0	0	0	0	0	3.1	0	2.1	0	2.1
E7.25	E725_Hematoendothelial_progenitors	Hematoendothelial_progenitors	-1.97	-1.09	0	0	0	0	0	0	0	0	0	0	0	0	0	0	4.3	2.2	0	0	2.2
E7.25	E725_Hematoendothelial_progenitors	Hematoendothelial_progenitors	-2.88	-2.25	0	1.8	2.8	2.4	0	0	0	0	0	0	0	0	0	0	4.1	1.8	1.8	0	3.6
E7.25	E725_Blood_progenitors	Blood_progenitors	-4.84	2.43	2.5	3.2	3.2	2.8	0	1.6	0	0	2.5	2.8	2.8	0	0	0	2.5	1.6	0	0	2.2
E7.25	E725_Blood_progenitors	Blood_progenitors	-4.13	2.13	1.9	2.9	1.9	0	2.9	2.9	0	1.9	1.9	1.9	0	0	2.5	0	2.5	2.9	0	0	1.9
E7.25	E725_Hematoendothelial_progenitors	Hematoendothelial_progenitors	-0.52	-3.08	0	0	0	0	0	0	0	0	0	0	0	0	0	0	4.8	2.1	0	2.1	3.9
E7.25	E725_Blood_progenitors	Blood_progenitors	-4.24	2.74	0	1.8	2.5	0	2.5	3.3	0	0	0	1.8	0	2.8	0	0	0	2.5	1.8	0	0
E7.25	E725_Hematoendothelial_progenitors	Hematoendothelial_progenitors	3.1	-3.14	0	1.9	0	0	0	0	0	0	0	0	0	0	0	0	4.9	3.4	2.9	1.9	2.5
E7.25	E725_Blood_progenitors	Blood_progenitors	-4.46	0.45	0	3.5	0	3.2	2.5	0	0	0	0	0	0	0	0	0	3.2	0	0	0	0
E7.25	E725_Blood_progenitors	Blood_progenitors	-3.75	2.7	0	2.8	2.2	2.8	3.2	0	0	2.2	0	0	0	0	0	0	0	2.2	0	0	0
E7.25	E725_Hematoendothelial_progenitors	Hematoendothelial_progenitors	-3.32	3.02	1.7	3.3	0	1.7	1.7	0	0	0	1.7	0	0	0	0	0	0	0	0	3.4	2.6
E7.25	E725_Blood_progenitors	Blood_progenitors	-0.86	1.93	0	2.5	3.1	3.5	0	3.1	0	0	0	0	0	0	2.5	0	0	0	0	0	3.1
E7.25	E725_Hematoendothelial_progenitors	Hematoendothelial_progenitors	-2.07	1.22	0	2.3	3	0	0	0	0	0	0	0	0	0	0	0	3.4	2.3	2.3	0	0
E7.25	E725_Hematoendothelial_progenitors	Hematoendothelial_progenitors	-1.16	1.3	0	2.3	0	0	0	0	0	0	0	0	0	0	2.3	0	0	2.3	3.3	2.3	2.9
E7.25	E725_Hematoendothelial_progenitors	Hematoendothelial_progenitors	-1.87	-1.3	0	0	2.3	2.3	0	0	0	0	0	0	0	0	0	0	4.1	0	0	0	3.3
E7.25	E725_Hematoendothelial_progenitors	Hematoendothelial_progenitors	-0.89	-0.38	0	0	2.6	0	0	0	0	0	0	0	0	0	0	0	4.1	0	2.6	2.6	3.2
E7.25	E725_Hematoendothelial_progenitors	Hematoendothelial_progenitors	4.04	-1.92	0	0	1.8	0	0	0	1.8	0	0	0	0	0	0	0	4.1	3.6	2.8	0	3.3
E7.25	E725_Hematoendothelial_progenitors	Hematoendothelial_progenitors	3.54	-0.97	0	0	0	0	0	0	0	0	0	0	0	0	0	0	5.7	2.9	3.2	0	3.2
E7.25	E725_Hematoendothelial_progenitors	Hematoendothelial_progenitors	-2.76	-2.73	0	3.6	1.9	0	0	0	0	0	0	0	0	0	0	0	2.5	2.9	0	0	3.2
E7.25	E725_Hematoendothelial_progenitors	Hematoendothelial_progenitors	1.69	0.67	0	0	0	0	0	0	0	0	0	0	0	0	0	0	3.2	0	3.2	2.5	3.5
E7.25	E725_Hematoendothelial_progenitors	Hematoendothelial_progenitors	-1.2	1.11	0	0	0	2.6	0	0	0	0	0	0	0	0	0	0	3.3	0	2.6	3.3	3.3
E7.25	E725_Hematoendothelial_progenitors	Hematoendothelial_progenitors	0.81	2.4	0	0	0	0	0	0	0	0	0	0	0	0	0	0	4.8	2.9	2.6	1.9	2.6
E7.25	E725_Hematoendothelial_progenitors	Hematoendothelial_progenitors	2.42	0.74	0	0	0	0	0	0	0	0	0	0	0	0	0	0	3.8	0	0	2.3	4
E7.25	E725_Blood_progenitors	Blood_progenitors	-4.79	2.18	2.1	2.8	0	3.2	3.4	0	0	0	2.1	2.1	3.2	2.1	2.1	2.1	2.1	0	2.1	0	2.8
E7.25	E725_Hematoendothelial_progenitors	Hematoendothelial_progenitors	-1.91	0.85	0	0	0	0	0	0	0	0	0	0	0	0	0	0	0	0	0	2.3	0
E7.25	E725_Hematoendothelial_progenitors	Hematoendothelial_progenitors	1.27	-2.88	0	0	2.3	0	0	0	1.7	0	0	0	0	0	0	0	4.1	3.4	0	0	4
E7.25	E725_Hematoendothelial_progenitors	Hematoendothelial_progenitors	-1.02	0.96	0	0	2	0	0	0	2.6	0	0	0	0	0	0	0	3.4	2	2	2	2
E7.25	E725_Hematoendothelial_progenitors	Hematoendothelial_progenitors	5.52	0.09	0	0	0	0	0	0	0	0	0	0	0	0	0	0	5	0	2.6	3.7	3.7
E7.25	E725_Blood_progenitors	Blood_progenitors	-4.34	1.92	2.5	2.5	2.5	3.8	2.8	1.8	2.8	0	2.5	0	0	1.8	2.5	0	0	2.5	1.8	0	2.8
E7.25	E725_Blood_progenitors	Blood_progenitors	-4.31	0.11	3	2.3	2.3	0	3.6	3	2.3	3	3	2.3	0	0	0	0	0	0	0	0	3
E7.25	E725_Hematoendothelial_progenitors	Hematoendothelial_progenitors	2.58	-2.96	0	0	0	0	0	0	0	0	0	0	0	0	0	0	4.8	3.1	2.1	0	3.3
E7.25	E725_Hematoendothelial_progenitors	Hematoendothelial_progenitors	-2.44	-2.77	2.9	0	4	0	0	0	0	0	2.9	0	0	0	0	0	4.4	2.9	2.3	0	3.8
E7.25	E725_Hematoendothelial_progenitors	Hematoendothelial_progenitors	-3.5	0.47	1.8	2.4	1.8	0	0	0	1.8	0	1.8	0	0	0	0	0	2.4	0	2.4	0	3.3
E7.25	E725_Hematoendothelial_progenitors	Hematoendothelial_progenitors	5.57	-1.47	1.8	1.8	2.4	3	0	0	0	1.8	1.8	0	0	0	0	0	3.2	2.4	1.8	3.9	3
E7.25	E725_Hematoendothelial_progenitors	Hematoendothelial_progenitors	0.36	-0.4	0	0	0	0	0	0	0	0	0	0	0	0	0	0	4.5	0	2.2	0	2.2
E7.25	E725_Hematoendothelial_progenitors	Hematoendothelial_progenitors	2.45	0.03	0	0	0	0	0	0	0	0	0	0	0	0	0	0	4.6	3.6	0	0	3.6
E7.25	E725_Hematoendothelial_progenitors	Hematoendothelial_progenitors	-1.81	2.03	0	2.8	2.4	1.8	1.8	0	1.8	0	0	0	0	0	0	1.8	3.9	3	1.8	0	1.8
E7.25	E725_Hematoendothelial_progenitors	Hematoendothelial_progenitors	3.55	-0.37	0	0	2.3	0	0	0	0	0	0	0	0	0	0	0	4.9	2.3	0	2.3	3.4
E7.25	E725_Hematoendothelial_progenitors	Hematoendothelial_progenitors	0.98	2.53	0	0	0	2.8	0	0	0	0	0	2.2	0	0	0	0	4	0	2.2	2.8	2.2
E7.25	E725_Hematoendothelial_progenitors	Hematoendothelial_progenitors	3.74	1.57	0	0	0	0	0	0	0	0	0	0	0	0	0	0	4.1	3	3	3.3	2
E7.25	E725_Hematoendothelial_progenitors	Hematoendothelial_progenitors	-3.48	-0.42	0	0	0	2.4	0	0	0	0	0	0	0	0	0	0	2.4	0	2.4	2.4	3.7
E7.25	E725_Blood_progenitors	Blood_progenitors	-2.98	2.76	0	3.9	0	3.2	0	2.2	0	0	0	0	0	0	0	0	0	2.2	0	0	2.2
E7.25	E725_Hematoendothelial_progenitors	Hematoendothelial_progenitors	-0.95	-0.68	0	0	0	0	0	0	0	0	0	0	0	0	0	0	4.6	3.6	0	0	2.9
E7.25	E725_Hematoendothelial_progenitors	Hematoendothelial_progenitors	4.51	-1.98	0	0	0	0	0	0	0	0	0	0	0	0	0	0	4.7	3.4	0	3	2.6
E7.25	E725_Hematoendothelial_progenitors	Hematoendothelial_progenitors	-1.82	-0.43	0	0	2	2.7	0	0	2	0	0	0	0	0	0	0	3.5	0	2.7	2.7	3
E7.25	E725_Blood_progenitors	Blood_progenitors	-4.71	1.34	2.4	3.9	0	3	0	2.4	3.7	2.4	2.4	3	2.4	0	0	0	0	0	0	0	0
E7.25	E725_Hematoendothelial_progenitors	Hematoendothelial_progenitors	0.2	0.43	1.6	1.6	1.6	0	0	0	1.6	0	1.6	0	0	0	0	0	3.9	2.8	3.2	0	2.8
E7.25	E725_Hematoendothelial_progenitors	Hematoendothelial_progenitors	-3.11	-2.64	2.2	2.2	2.2	0	0	0	2.2	0	2.2	0	0	0	0	0	4.3	0	2.9	2.9	2.9
E7.25	E725_Hematoendothelial_progenitors	Hematoendothelial_progenitors	-0.94	-1.06	0	0	1.9	0	0	0	0	0	0	0	0	0	0	0	3.4	3.2	1.9	1.9	2.9
E7.25	E725_Hematoendothelial_progenitors	Hematoendothelial_progenitors	-1.01	1.84	2.2	1.6	2.2	0	0	0	0	0	2.2	0	0	0	0	0	3.1	2.9	0	1.6	3.4
E7.25	E725_Blood_progenitors	Blood_progenitors	-4.82	0.4	1.9	0	2.9	1.9	0	0	2.5	0	1.9	0	1.9	1.9	0	0	2.5	1.9	1.9	0	0
E7.25	E725_Hematoendothelial_progenitors	Hematoendothelial_progenitors	4.35	-2.95	0	0	0	0	0	0	0	0	0	0	0	0	0	0	4.9	4	2.8	0	3.4
E7.25	E725_Hematoendothelial_progenitors	Hematoendothelial_progenitors	-1.83	1.55	0	0	0	2.1	0	0	0	0	0	0	0	0	0	0	2.1	2.1	0	0	0
E7.25	E725_Hematoendothelial_progenitors	Hematoendothelial_progenitors	-2.3	0.46	0	2.8	0	2.2	2.2	0	0	0	0	0	0	0	0	0	0	2.2	2.8	0	2.2
E7.25	E725_Hematoendothelial_progenitors	Hematoendothelial_progenitors	-1.62	-0.29	2.1	0	0	0	0	0	0	0	2.1	0	0	0	0	0	2.7	2.1	0	2.1	3.4
E7.25	E725_Hematoendothelial_progenitors	Hematoendothelial_progenitors	0.4	-0.56	0	0	0	2.2	0	0	0	0	0	0	0	0	0	0	4.3	3.2	3.2	2.2	2.2
E7.25	E725_Hematoendothelial_progenitors	Hematoendothelial_progenitors	-3.59	-1.64	2	2	2	0	2	0	0	0	2	0	0	0	0	0	3.7	2.6	0	0	3.5
E7.25	E725_Hematoendothelial_progenitors	Hematoendothelial_progenitors	2.4	-0.98	0	0	0	0	0	0	0	0	0	0	0	0	0	0	4	3.5	1.8	2.4	3.5
E7.25	E725_Blood_progenitors	Blood_progenitors	-2.77	2.15	1.9	3.2	2.5	2.9	0	0	2.5	2.5	1.9	0	1.9	1.9	0	1.9	2.5	0	0	0	2.5
E7.25	E725_Hematoendothelial_progenitors	Hematoendothelial_progenitors	2.91	0.87	0	0	0	0	0	0	0	0	0	0	0	0	0	0	3.9	3.5	2.7	3.3	3
E7.25	E725_Blood_progenitors	Blood_progenitors	-4.84	-0.81	2.8	2.8	2.1	3.6	0	0	2.1	0	2.8	2.1	0	0	0	0	2.8	2.1	0	3.1	0
E7.25	E725_Hematoendothelial_progenitors	Hematoendothelial_progenitors	1.08	0.27	0	0	0	0	0	0	0	0	0	0	0	0	0	0	4	2.9	0	0	3.6
E7.25	E725_Hematoendothelial_progenitors	Hematoendothelial_progenitors	-1.86	1.35	0	0	3.4	0	0	0	2.4	0	0	0	0	0	0	0	2.4	0	2.4	0	3
E7.25	E725_Hematoendothelial_progenitors	Hematoendothelial_progenitors	1.95	2.01	0	2.3	0	0	0	0	0	0	0	0	0	0	0	0	3.6	2.3	2.3	3	2.3
E7.25	E725_Hematoendothelial_progenitors	Hematoendothelial_progenitors	-0.53	-2.9	0	0	0	1.9	0	0	0	0	0	0	0	0	0	0	5.2	2.9	0	0	3.6
E7.25	E725_Hematoendothelial_progenitors	Hematoendothelial_progenitors	-0.52	2.11	2.7	2.1	0	0	0	0	0	0	2.7	0	0	0	0	0	4.2	3.1	0	3.4	3.4
E7.25	E725_Hematoendothelial_progenitors	Hematoendothelial_progenitors	2.2	2.75	0	0	2	3	0	0	0	0	0	0	0	0	0	0	2.7	3.7	0	2	2
E7.25	E725_Hematoendothelial_progenitors	Hematoendothelial_progenitors	1.06	-0.41	0	0	0	0	0	0	0	0	0	0	0	0	0	0	4.4	2.9	2.9	2.2	2.2
E7.25	E725_Hematoendothelial_progenitors	Hematoendothelial_progenitors	-1.71	-2.91	0	2.3	0	0	0	0	0	0	0	0	0	0	0	0	4.4	3.3	2.3	0	3.6
E7.25	E725_Blood_progenitors	Blood_progenitors	-3.41	0.78	2.1	2.7	2.1	3.6	2.1	2.7	0	2.1	2.1	0	0	0	0	0	0	2.1	0	2.1	2.1
E7.25	E725_Hematoendothelial_progenitors	Hematoendothelial_progenitors	1.63	2.67	0	2	2	2	0	0	0	0	0	0	0	0	0	2	2	2.6	0	3.2	2
E7.25	E725_Hematoendothelial_progenitors	Hematoendothelial_progenitors	0.58	-0.93	0	0	0	0	0	0	0	0	0	0	0	0	0	0	4.3	2	0	2	3.2
E7.25	E725_Hematoendothelial_progenitors	Hematoendothelial_progenitors	-3.75	-1.61	2.1	0	3.1	3.8	0	0	0	0	2.1	0	2.1	0	0	0	3.1	2.1	0	0	3.1
E7.25	E725_Blood_progenitors	Blood_progenitors	-4.72	-0.84	0	0	0	3	0	0	0	0	0	0	0	0	0	0	0	0	0	0	0
E7.25	E725_Hematoendothelial_progenitors	Hematoendothelial_progenitors	4.18	-1.22	0	0	0	0	0	0	0	0	0	0	0	0	0	0	4.6	0	0	2.4	4.1
E7.25	E725_Blood_progenitors	Blood_progenitors	-5.95	-0.13	2.5	0	2.9	2.5	2.9	0	1.9	1.9	2.5	0	0	1.9	0	0	0	1.9	0	0	2.9
E7.25	E725_Hematoendothelial_progenitors	Hematoendothelial_progenitors	-2.32	-1.87	0	2.2	2.9	0	0	0	2.2	0	0	0	0	0	0	0	3.5	0	2.2	2.2	2.9
E7.25	E725_Hematoendothelial_progenitors	Hematoendothelial_progenitors	4.34	-1.44	0	0	0	0	0	0	0	0	0	0	0	0	0	0	5.9	3.3	0	0	4.2
E7.25	E725_Hematoendothelial_progenitors	Hematoendothelial_progenitors	-2.12	1.67	0	0	2.9	3.4	0	0	2.5	1.9	0	0	2.5	0	0	0	3.2	3.4	2.9	0	2.9
E7.25	E725_Blood_progenitors	Blood_progenitors	-4.65	1.24	2.4	4.1	3	3	0	2.4	2.4	0	2.4	2.4	0	0	0	0	0	0	0	0	0
