day	Anno	celltype	UMAP_1	UMAP_2	marker:Hlx	marker:Bmp2	marker:Krt8	marker:Col1a1	marker:Nrp1	up:Lrrfip1	up:Klf6	up:Hoxb2	up:Hoxb6	up:Foxf1	up:Hic2	down:Mesp1	down:Eomes	down:Mixl1	down:Pou5f1	down:Id1	down:T	down:Smad1	down:Etv2	down:Evx1	down:Snai1
E7	E7_Mixed_mesoderm	Mixed_mesoderm	2.85	0.51	0	0	5.1	0	0	0	0	2.9	0	3.9	0	0	0	0	0	0	0	0	0	0	0
E7	E7_Mixed_mesoderm	Mixed_mesoderm	0.68	2.73	0	0	2.9	0	2.9	2.9	0	0	0	0	0	0	3.5	2.9	0	2.9	2.9	0	2.9	0	0
E7	E7_Mixed_mesoderm	Mixed_mesoderm	1.53	1.42	0	0	0	0	2.7	2.7	0	3.8	0	4.3	2.7	0	0	0	0	2.7	0	2.7	3.8	0	0
E7	E7_Mixed_mesoderm	Mixed_mesoderm	-3.15	-0.46	0	0	0	0	0	0	0	0	0	2.6	0	3.2	3.2	3.2	3.6	3.2	0	2.6	0	0	0
E7	E7_Mixed_mesoderm	Mixed_mesoderm	4.46	0.62	0	0	3.6	0	0	2.5	2.5	0	0	3.9	0	0	0	0	3.2	0	2.5	0	0	2.5	0
E7	E7_Mixed_mesoderm	Mixed_mesoderm	0.84	-1.85	0	0	2.9	0	0	0	0	0	0	4	0	2.9	0	0	0	3.6	2.9	0	0	0	0
E7	E7_Mixed_mesoderm	Mixed_mesoderm	0.72	-3.92	0	0	0	0	0	0	0	2.9	0	2.9	0	2.9	0	3.6	2.9	3.6	2.9	0	0	3.6	0
E7	E7_Mixed_mesoderm	Mixed_mesoderm	-0.7	4.54	2.6	0	0	0	0	0	2.6	2.6	0	3.3	0	0	3.7	3.7	0	0	2.6	0	4	0	0
E7	E7_Mixed_mesoderm	Mixed_mesoderm	-4.01	2.62	0	0	3.7	0	0	0	0	0	0	2.6	0	0	2.6	0	0	3.3	0	2.6	5.3	0	2.6
E7	E7_Mixed_mesoderm	Mixed_mesoderm	1.87	2.06	2.9	0	4	0	0	0	2.9	0	0	2.9	0	0	0	0	0	2.9	0	0	2.9	0	0
E7	E7_Mixed_mesoderm	Mixed_mesoderm	-2.28	-2.09	0	0	3.8	0	0	0	3.2	0	0	3.2	0	3.2	0	0	3.4	2.1	2.8	2.8	0	0	0
E7	E7_Mixed_mesoderm	Mixed_mesoderm	3.05	1.31	0	0	4.5	0	2.9	2.9	2.9	2.9	0	2.9	2.9	0	0	0	0	0	0	0	0	0	0
E7	E7_Mixed_mesoderm	Mixed_mesoderm	-0.18	2	0	0	2.8	0	0	0	0	2.8	0	2.8	0	3.4	2.8	0	0	3.4	2.8	2.8	3.8	0	0
E7	E7_Mixed_mesoderm	Mixed_mesoderm	-0.08	0.25	0	0	3.8	0	0	0	0	0	0	0	0	0	0	0	0	0	0	0	0	0	2.8
E7	E7_Mixed_mesoderm	Mixed_mesoderm	-0.08	-4.36	0	0	3.3	0	0	0	2.6	0	0	3.7	0	4.2	4.2	0	4.6	4	2.6	2.6	0	0	2.6
E7	E7_Mixed_mesoderm	Mixed_mesoderm	0.7	-4.56	0	0	0	0	0	0	0	0	0	0	0	4.2	0	3.9	3.5	2.9	4.2	2.9	0	0	0
E7	E7_Mixed_mesoderm	Mixed_mesoderm	-3.05	3.38	0	2.7	3.4	0	0	0	0	0	0	3.8	2.7	3.8	0	2.7	0	0	0	0	4	0	0
E7	E7_Mixed_mesoderm	Mixed_mesoderm	3.67	1.24	0	0	4.6	0	0	2.8	4.6	0	2.8	2.8	0	0	0	0	0	0	0	2.8	0	0	0
E7	E7_Mixed_mesoderm	Mixed_mesoderm	2.98	0.13	0	0	3.9	0	0	0	0	0	0	0	0	0	0	0	0	0	0	0	0	0	0
E7	E7_Mixed_mesoderm	Mixed_mesoderm	0.11	3.01	0	0	3	0	0	0	3	0	0	3.7	0	3	0	0	0	0	0	0	3	0	0
E7	E7_Mixed_mesoderm	Mixed_mesoderm	0.54	-2.28	0	0	4.1	0	0	2.5	3.2	0	0	4.4	0	2.5	0	0	2.5	2.5	0	0	0	2.5	2.5
E7	E7_Mixed_mesoderm	Mixed_mesoderm	3.5	2.01	0	0	2.7	0	2.7	2.7	2.7	0	0	4	2.7	0	0	2.7	0	2.7	0	0	2.7	0	0
E7	E7_Mixed_mesoderm	Mixed_mesoderm	3.26	0.74	0	3.1	4	0	0	0	3.1	0	2.4	3.7	0	0	0	0	0	2.4	0	0	0	0	0
E7	E7_Mixed_mesoderm	Mixed_mesoderm	2.06	-1.11	2.6	0	4.3	2.6	2.6	2.6	0	2.6	0	3.9	0	0	0	0	0	2.6	0	0	0	0	2.6
E7	E7_Mixed_mesoderm	Mixed_mesoderm	1.64	-0.71	0	2.4	3.9	0	0	3.4	3	2.4	0	3.4	2.4	0	0	0	3.4	3.4	0	0	0	0	0
E7	E7_Mixed_mesoderm	Mixed_mesoderm	-2.76	-0.08	0	0	2.7	0	2.7	0	0	0	0	3.7	0	2.7	0	2.7	3.3	0	0	0	0	0	0
E7	E7_Mixed_mesoderm	Mixed_mesoderm	3.04	1.62	0	2.5	4.5	0	0	2.5	3.2	2.5	0	3.9	2.5	0	0	0	0	3.6	0	0	0	0	0
E7	E7_Mixed_mesoderm	Mixed_mesoderm	2.89	-0.45	0	2.5	4.5	2.5	0	0	2.5	0	0	4.2	0	0	0	0	0	0	0	0	0	0	0
E7	E7_Mixed_mesoderm	Mixed_mesoderm	0.32	-0.01	0	0	3.6	0	0	0	2.5	2.5	0	3.8	0	2.5	0	0	2.5	3.2	0	2.5	0	0	0
E7	E7_Mixed_mesoderm	Mixed_mesoderm	-2.11	1.05	0	0	3.4	0	2.1	0	3.4	2.7	0	3.6	2.1	2.1	2.7	0	3.4	2.7	0	2.1	0	0	2.1
E7	E7_Mixed_mesoderm	Mixed_mesoderm	2.59	-0.12	2.4	0	4.1	0	0	3	0	2.4	0	3.9	0	0	0	0	2.4	0	0	0	0	0	0
E7	E7_Mixed_mesoderm	Mixed_mesoderm	1.09	1.14	0	0	3.3	0	0	2	2.6	0	0	3	2	4.3	3.5	0	3.7	3	4.1	0	0	0	2
E7	E7_Mixed_mesoderm	Mixed_mesoderm	3.5	2.31	0	3.6	3.2	0	0	2.6	0	3.2	0	3.2	0	0	0	0	3.6	0	2.6	2.6	3.2	0	0
E7	E7_Mixed_mesoderm	Mixed_mesoderm	-4.03	-0.34	0	0	3.2	0	0	0	0	0	0	0	0	2.6	0	3.2	3.6	3.9	2.6	0	4.1	2.6	0
E7	E7_Mixed_mesoderm	Mixed_mesoderm	-0.2	-4.09	0	2.7	0	0	0	0	0	0	0	4	0	5.2	0	0	4	4.2	4.2	2.7	0	0	0
E7	E7_Mixed_mesoderm	Mixed_mesoderm	3.78	0	0	2.5	4.3	3.2	0	2.5	4.1	2.5	3.2	4.5	0	0	0	0	0	2.5	0	2.5	2.5	0	0
E7	E7_Mixed_mesoderm	Mixed_mesoderm	1.7	3.08	0	0	2.6	0	0	0	2.6	3.2	0	3.6	0	3.2	2.6	0	3.2	0	0	3.2	0	0	2.6
E7	E7_Mixed_mesoderm	Mixed_mesoderm	1.82	-3.74	0	0	2.9	0	0	0	2.9	2.9	0	2.9	0	4.4	3.5	0	3.9	3.5	3.5	2.9	0	2.9	0
E7	E7_Mixed_mesoderm	Mixed_mesoderm	1.98	0.47	0	0	4.1	0	0	3	3.9	0	0	4.6	0	2.4	0	0	2.4	4.8	2.4	2.4	0	0	0
E7	E7_Mixed_mesoderm	Mixed_mesoderm	-3.75	-0.19	0	0	2.8	0	0	0	2.1	0	0	3.2	0	2.8	2.1	3.4	2.8	4	2.8	2.1	5.1	0	0
E7	E7_Mixed_mesoderm	Mixed_mesoderm	4.25	-0.09	0	0	4.1	0	0	2.6	0	0	2.6	4.6	2.6	0	0	0	3.2	2.6	0	0	0	0	0
E7	E7_Mixed_mesoderm	Mixed_mesoderm	0.23	1.7	0	0	2.6	0	2.6	2.6	2.6	0	2.6	3.9	0	0	2.6	2.6	0	0	0	0	0	2.6	2.6
E7	E7_Mixed_mesoderm	Mixed_mesoderm	-3.61	-1.01	0	0	0	0	0	3.1	0	0	0	3.1	2.5	3.5	0	0	2.5	3.5	0	2.5	3.1	0	2.5
E7	E7_Mixed_mesoderm	Mixed_mesoderm	-1.11	0	0	0	3.2	0	0	2.5	2.5	0	0	3.8	2.5	0	3.6	2.5	0	3.2	0	0	3.2	0	0
E7	E7_Mixed_mesoderm	Mixed_mesoderm	-2.3	2.04	0	0	0	0	0	0	0	0	0	0	0	2.6	2.6	2.6	3.7	2.6	0	0	5	0	2.6
E7	E7_Mixed_mesoderm	Mixed_mesoderm	3.89	1.84	0	2.6	4	0	0	3.3	3.3	0	0	4.8	0	0	0	0	0	0	0	0	0	0	0
E7	E7_Mixed_mesoderm	Mixed_mesoderm	-0.9	-0.61	0	0	3.8	0	0	0	0	0	0	4	2.5	3.1	3.1	0	4	3.8	0	2.5	0	0	0
E7	E7_Mixed_mesoderm	Mixed_mesoderm	2.52	-0.89	2.4	0	4.5	3	0	3.4	0	2.4	2.4	3.7	0	2.4	0	0	3.4	3.4	0	0	0	0	0
E7	E7_Mixed_mesoderm	Mixed_mesoderm	-1.97	3.88	0	0	0	0	0	0	0	2.3	0	0	0	4.2	0	4	3.8	3.3	3	2.3	4.2	3	0
E7	E7_Mixed_mesoderm	Mixed_mesoderm	-2.59	3.53	0	0	2.3	0	0	0	0	0	0	2.9	0	3.3	2.9	4.7	3.3	3.6	0	2.3	5.4	0	2.9
E7	E7_Mixed_mesoderm	Mixed_mesoderm	1.05	-0.92	0	2.2	3.9	0	0	2.2	0	2.2	0	4.6	0	0	2.2	2.2	2.9	2.2	0	2.2	2.2	0	0
E7	E7_Mixed_mesoderm	Mixed_mesoderm	2.03	-0.1	0	0	4.4	0	0	0	0	4	0	3.4	0	0	0	0	0	0	0	0	0	0	0
E7	E7_Mixed_mesoderm	Mixed_mesoderm	1.71	-1.89	0	0	4.4	0	0	0	2.8	0	0	2.8	2.8	0	0	0	3.9	2.8	0	2.8	2.8	2.8	0
E7.25	E725_Mixed_mesoderm	Mixed_mesoderm	-2.36	-1.49	0	0	3.2	0	0	0	2.5	0	0	3.7	1.9	0	2.5	1.9	3.2	2.9	2.5	2.9	2.9	1.9	0
E7.25	E725_Mixed_mesoderm	Mixed_mesoderm	1.76	-2.01	0	0	4.5	0	0	0	0	1.8	0	2.7	0	3	0	0	2.7	3.4	1.8	1.8	0	0	0
E7.25	E725_Mixed_mesoderm	Mixed_mesoderm	-4.19	-1.21	0	2.2	2.6	0	0	0	2.2	1.6	0	1.6	0	4.4	2.6	3.2	4.3	0	2.2	0	3.4	2.2	1.6
E7.25	E725_Amniochorionic_mesoderm	Amniochorionic_mesoderm	1.19	-0.07	0	0	4.5	2.3	0	0	2.3	2.9	0	3.8	2.3	0	0	0	2.9	2.3	0	0	0	0	0
E7.25	E725_Amniochorionic_mesoderm	Amniochorionic_mesoderm	1.23	-0.43	0	0	4.5	0	0	0	3.4	0	0	2.8	0	0	0	0	0	2.8	2.8	0	0	0	0
E7.25	E725_Mixed_mesoderm	Mixed_mesoderm	-3.1	2.46	0	0	2.7	0	0	0	2.7	0	0	2.1	0	4.2	2.7	0	3.3	0	0	0	4.4	2.1	0
E7.25	E725_Amniochorionic_mesoderm	Amniochorionic_mesoderm	1.87	0.21	0	0	3.5	0	0	0	0	2.9	0	5	0	0	0	0	0	2.9	0	0	2.9	0	0
E7.25	E725_Mixed_mesoderm	Mixed_mesoderm	-2.64	4.33	0	0	3.1	0	1.9	0	0	0	0	2.5	0	2.9	2.9	3.8	2.9	0	3.1	1.9	5	0	1.9
E7.25	E725_Mixed_mesoderm	Mixed_mesoderm	-3.61	1.06	0	0	2.4	0	0	0	1.8	0	0	2.4	1.8	1.8	2.8	2.4	3.3	3.1	0	1.8	2.8	2.8	0
E7.25	E725_Mixed_mesoderm	Mixed_mesoderm	-2.22	-1.78	0	0	2.2	0	0	0	0	0	0	2.9	0	2.9	2.2	2.9	3.3	3.3	0	2.9	2.2	0	0
E7.25	E725_Mixed_mesoderm	Mixed_mesoderm	-0.63	1.87	0	0	3.2	0	0	2.3	1.7	2.7	0	2.3	1.7	3.6	0	1.7	2.9	0	0	0	1.7	0	1.7
E7.25	E725_Mixed_mesoderm	Mixed_mesoderm	-1.81	-0.83	0	1.8	3.8	0	0	2.4	0	3.1	0	3.8	0	3.9	0	0	2.8	2.4	0	2.4	1.8	0	2.4
E7.25	E725_Mixed_mesoderm	Mixed_mesoderm	3.51	3.07	0	0	2.7	0	0	0	2.1	0	0	3.6	0	3.1	0	0	3.1	2.1	0	0	0	0	2.1
E7.25	E725_Mixed_mesoderm	Mixed_mesoderm	-3.08	-1.74	0	1.9	3.5	0	1.9	0	2.8	2.5	0	2.5	1.9	2.8	3.1	2.5	3.3	3.5	0	1.9	4.3	1.9	1.9
E7.25	E725_Mixed_mesoderm	Mixed_mesoderm	0.26	-1.56	0	0	4.4	0	0	0	3	2.4	0	3	1.8	0	0	1.8	3.6	3	0	0	0	0	0
E7.25	E725_Mixed_mesoderm	Mixed_mesoderm	-1.83	-3.31	0	0	3.8	0	0	2.1	2.1	0	0	3.4	0	0	2.1	0	2.7	4.2	2.1	0	0	0	0
E7.25	E725_Mixed_mesoderm	Mixed_mesoderm	-1.78	1.12	0	0	3.2	0	0	0	0	0	0	0	0	3.4	1.9	1.9	2.9	3.2	0	1.9	2.5	0	1.9
E7.25	E725_Mixed_mesoderm	Mixed_mesoderm	-1.84	1.49	0	0	4	0	0	1.5	3	1.5	0	1.5	0	3.8	2.5	2.5	4	2.7	2.1	2.1	0	0	2.1
E7.25	E725_Amniochorionic_mesoderm	Amniochorionic_mesoderm	1.35	0.61	0	0	4.2	0	0	0	3.4	2.3	0	3	0	0	0	0	3	0	0	0	2.3	0	0
E7.25	E725_Amniochorionic_mesoderm	Amniochorionic_mesoderm	3.49	0.55	0	3.3	3.8	0	2.3	0	2.3	2.9	0	2.9	2.3	0	0	0	2.9	0	0	0	0	0	0
E7.25	E725_Mixed_mesoderm	Mixed_mesoderm	-3.01	-0.46	0	1.9	1.9	0	2.6	2.6	1.9	0	0	3.2	1.9	3.9	3.4	1.9	3.2	1.9	0	3.4	4.4	2.6	0
E7.25	E725_Amniochorionic_mesoderm	Amniochorionic_mesoderm	2.04	1.53	0	0	3.3	0	2	0	2.7	3	0	2.7	2	0	0	0	0	2.7	0	0	0	0	0
E7.25	E725_Mixed_mesoderm	Mixed_mesoderm	-0.41	-1.6	0	0	4.7	0	0	1.7	3.4	1.7	0	4	0	2.7	0	0	3.4	4.2	0	1.7	0	1.7	1.7
E7.25	E725_Amniochorionic_mesoderm	Amniochorionic_mesoderm	2.31	1.22	0	0	4.4	0	3.2	2.2	2.2	0	0	4.3	2.9	0	0	0	0	2.2	0	0	0	0	0
E7.25	E725_Mixed_mesoderm	Mixed_mesoderm	-2.22	-2.71	0	0	3.1	0	0	0	0	2.5	0	3.1	0	1.9	0	3.3	3.3	2.5	0	2.5	4.1	3.1	1.9
E7.25	E725_Mixed_mesoderm	Mixed_mesoderm	3.71	-2.85	0	0	0	0	0	0	0	0	0	4.2	0	3.9	0	0	3.8	3.8	2.9	2.2	0	0	0
E7.25	E725_Mixed_mesoderm	Mixed_mesoderm	1.72	3.63	0	0	3.2	0	0	0	3.2	2.2	0	4.1	0	2.2	2.8	3.5	2.8	0	0	2.2	2.2	0	0
E7.25	E725_Amniochorionic_mesoderm	Amniochorionic_mesoderm	0.99	-0.02	0	0	4.4	0	3.1	2.1	3.4	2.1	0	3.4	0	0	0	0	0	2.7	0	2.7	2.7	0	2.7
E7.25	E725_Mixed_mesoderm	Mixed_mesoderm	3.02	-2.46	0	0	2.4	0	0	0	0	2.4	0	3.7	0	0	0	0	0	2.4	3	0	0	2.4	0
E7.25	E725_Mixed_mesoderm	Mixed_mesoderm	-1.33	-1.45	0	1.9	3.7	0	1.9	1.9	3.5	3.3	0	1.9	0	3.3	2.5	0	3.5	2.5	0	1.9	2.8	1.9	1.9
E7.25	E725_Mixed_mesoderm	Mixed_mesoderm	1.86	-4.55	0	0	3	0	0	0	0	0	0	3	0	3.7	0	0	4.2	4.1	3.4	2.4	0	0	0
E7.25	E725_Mixed_mesoderm	Mixed_mesoderm	-4.21	0.02	0	0	3.9	0	0	0	1.9	0	0	2.5	0	2.9	3.2	3.8	1.9	3.7	2.9	2.5	4.6	2.5	2.5
E7.25	E725_Mixed_mesoderm	Mixed_mesoderm	-1.88	2.1	0	0	3.4	0	0	2.1	0	0	0	2.8	2.1	3.7	2.8	2.8	3.4	2.1	2.1	0	4.1	0	0
E7.25	E725_Mixed_mesoderm	Mixed_mesoderm	-2.13	-1.71	1.8	0	4.1	1.8	0	1.8	1.8	0	0	3.7	1.8	3.2	2.4	1.8	3.2	2.4	0	2.7	2.4	1.8	0
E7.25	E725_Mixed_mesoderm	Mixed_mesoderm	0.75	2.44	0	0	2.8	0	0	0	3.2	0	0	4.2	2.1	3.2	2.1	3.2	3.8	4.1	0	0	0	2.1	2.1
E7.25	E725_Mixed_mesoderm	Mixed_mesoderm	3.92	-1.6	0	0	3.8	0	0	0	0	2.7	2.7	0	0	4	0	0	0	2.7	2.7	0	0	0	3.4
E7.25	E725_Mixed_mesoderm	Mixed_mesoderm	0.43	4.23	0	0	2.9	0	0	0	1.9	2.5	0	2.9	2.5	2.9	2.5	0	2.5	3.6	1.9	1.9	4.4	0	2.5
E7.25	E725_Mixed_mesoderm	Mixed_mesoderm	-1.22	3.08	0	0	2.6	0	0	0	0	2	0	3	0	4.3	2	0	2.6	0	3.3	2	4.1	0	0
E7.25	E725_Mixed_mesoderm	Mixed_mesoderm	-1.43	2.8	0	0	2.5	0	0	1.9	2.5	2.5	0	1.9	0	1.9	3.3	0	3.5	1.9	3.3	2.5	2.5	0	0
E7.25	E725_Mixed_mesoderm	Mixed_mesoderm	3.15	-4.48	0	0	2	0	0	0	0	0	0	0	2	5	0	2.6	4.7	3.5	3.9	0	0	3	0
E7.25	E725_Mixed_mesoderm	Mixed_mesoderm	-0.61	0.48	0	0	3.1	0	0	0	2.5	0	0	3.1	2.5	0	2.5	0	3.5	0	0	0	0	0	0
E7.25	E725_Mixed_mesoderm	Mixed_mesoderm	-2.21	3.23	2.1	0	3.1	0	0	0	3.1	0	0	2.7	0	3.6	2.7	0	4.1	2.1	0	0	4.5	0	2.7
E7.25	E725_Mixed_mesoderm	Mixed_mesoderm	-1.12	1.04	0	0	1.9	0	0	1.9	2.5	0	0	3.4	1.9	3.9	3.7	3.4	3.2	2.9	0	1.9	1.9	1.9	0
E7.25	E725_Mixed_mesoderm	Mixed_mesoderm	1	-1.34	0	0	3.6	0	0	2.6	1.9	1.9	0	3.2	0	0	0	0	3.6	3.6	0	0	0	0	0
E7.25	E725_Amniochorionic_mesoderm	Amniochorionic_mesoderm	2.81	1.35	0	0	3.7	0	0	3.7	2.4	0	0	4	0	0	0	0	2.4	0	0	0	0	0	0
E7.25	E725_Mixed_mesoderm	Mixed_mesoderm	-2.81	-0.74	0	0	3.6	0	2.4	1.8	1.8	0	0	3.6	0	3.6	3.1	0	3.3	0	0	2.4	2.8	1.8	0
E7.25	E725_Amniochorionic_mesoderm	Amniochorionic_mesoderm	2.29	-0.26	0	0	4.3	0	0	2.1	3.4	0	0	2.1	0	0	0	0	3.8	3.1	0	0	0	0	0
E7.25	E725_Mixed_mesoderm	Mixed_mesoderm	3.27	-1.96	0	0	3.3	2.9	0	0	0	2.9	0	2.9	0	2.3	0	0	2.9	4.4	0	0	2.3	0	2.9
E7.25	E725_Mixed_mesoderm	Mixed_mesoderm	-0.02	-1.33	0	0	3.4	0	0	0	3	0	0	3	0	2.4	0	0	2.7	2.4	2.7	0	0	0	2.7
E7.25	E725_Mixed_mesoderm	Mixed_mesoderm	-2.61	0.2	0	1.8	3.9	0	0	2.4	2.8	0	0	3.1	1.8	0	2.4	0	3.5	3.6	0	0	4.3	2.8	2.4
E7.25	E725_Amniochorionic_mesoderm	Amniochorionic_mesoderm	3.97	1.18	0	0	4.6	0	2.9	2.2	3.3	0	0	2.9	0	0	0	2.2	2.2	0	0	2.2	0	0	0
E7.25	E725_Mixed_mesoderm	Mixed_mesoderm	-0.81	-1.26	2.1	0	4.1	0	2.1	0	3.4	0	0	2.8	2.8	0	2.1	0	2.8	2.8	0	2.8	2.8	0	2.1
E7.25	E725_Mixed_mesoderm	Mixed_mesoderm	-3.25	-1.97	0	0	3.2	0	1.8	0	3.6	0	0	2.7	1.8	2.7	2.4	2.7	2.7	0	3	2.7	4.2	2.7	0
E7.25	E725_Mixed_mesoderm	Mixed_mesoderm	-2.35	-1.28	0	0	3.8	0	2.1	2.7	2.7	0	0	3.4	0	0	2.1	3.1	3.4	2.7	0	2.1	3.8	2.7	0
E7.25	E725_Mixed_mesoderm	Mixed_mesoderm	-0.08	-4.11	0	0	0	0	0	2.3	0	0	0	3.3	0	3.6	2.3	2.3	4.5	4.7	3.6	0	0	3.3	0
E7.25	E725_Mixed_mesoderm	Mixed_mesoderm	1.7	-3.07	0	1.8	3	0	1.8	1.8	1.8	2.8	0	3.4	1.8	4.3	0	0	3.3	2.4	1.8	1.8	1.8	1.8	1.8
E7.25	E725_Mixed_mesoderm	Mixed_mesoderm	-2.89	-2.05	0	0	4	0	0	0	0	0	0	1.9	0	4	0	2.5	3.2	3.6	3.4	2.5	4	2.5	0
E7.25	E725_Mixed_mesoderm	Mixed_mesoderm	-0.98	-2.21	0	0	4.2	0	0	2.3	2.7	0	0	3.1	0	3.5	1.7	0	4	4.5	0	2.7	4.2	2.7	2.9
E7.25	E725_Amniochorionic_mesoderm	Amniochorionic_mesoderm	4.06	1.27	0	0	3.7	2.8	0	0	2.8	0	2.2	3.2	0	0	0	0	3.2	3.5	0	0	0	0	0
E7.25	E725_Mixed_mesoderm	Mixed_mesoderm	-2.36	-0.98	0	0	2.6	0	0	2	2	2	0	2	0	4.7	3.5	0	3.5	0	0	2.6	0	0	2
E7.25	E725_Mixed_mesoderm	Mixed_mesoderm	-3.85	0.82	0	0	2.1	0	0	0	2.7	0	0	2.1	0	4.1	3.3	2.1	3.6	3.1	0	0	4.5	2.7	2.1
E7.25	E725_Amniochorionic_mesoderm	Amniochorionic_mesoderm	2.94	0.49	0	0	5.2	0	2.4	2.4	3.8	0	2.4	4	0	0	0	0	3.1	3.1	0	0	0	2.4	0
E7.25	E725_Mixed_mesoderm	Mixed_mesoderm	2.26	-3.51	0	0	2.2	0	0	0	2.2	0	2.2	3.5	0	5	2.2	2.9	2.9	4.1	3.2	3.2	0	2.2	3.2
E7.25	E725_Mixed_mesoderm	Mixed_mesoderm	0.06	-0.58	0	0	4.5	0	0	2.2	3.2	2.2	0	4.1	0	0	0	0	2.2	0	0	0	0	0	0
E7.25	E725_Mixed_mesoderm	Mixed_mesoderm	-1.38	-3	0	0	2.1	0	0	0	2.1	3.1	0	3.9	2.1	4.8	2.1	2.1	2.7	3.7	2.7	3.1	0	3.3	0
E7.25	E725_Amniochorionic_mesoderm	Amniochorionic_mesoderm	1.2	-0.9	0	0	4.3	0	0	0	0	2	2	3	2	0	0	0	2	0	0	2	2	0	0
E7.25	E725_Mixed_mesoderm	Mixed_mesoderm	-0.42	-3.07	0	0	3	0	0	1.6	1.6	0	0	3	0	4.6	2.8	1.6	4	3.4	1.6	2.8	1.6	2.8	2.2
E7.25	E725_Amniochorionic_mesoderm	Amniochorionic_mesoderm	3.57	-0.8	0	0	3.9	0	0	0	0	2.4	0	4.4	2.4	2.4	0	0	3.7	3.4	0	2.4	0	2.4	0
E7.25	E725_Mixed_mesoderm	Mixed_mesoderm	-1.6	-1.03	0	0	3.6	0	0	0	2.3	2.3	0	2.9	0	2.3	2.3	0	2.3	2.3	0	2.9	0	2.3	2.3
E7.25	E725_Mixed_mesoderm	Mixed_mesoderm	-2.63	1.08	2	0	0	0	0	0	2	0	0	3.5	0	4.3	2.6	2.6	2.6	3.5	0	3	4.7	0	0
E7.25	E725_Mixed_mesoderm	Mixed_mesoderm	1.78	-1.59	0	0	4.3	0	0	0	3.3	2	2.7	3.1	2.7	0	0	2	3.5	3.5	0	0	0	2.7	0
E7.25	E725_Mixed_mesoderm	Mixed_mesoderm	-1.43	1.78	0	0	3	0	0	0	0	3	0	3.3	0	3.8	2.3	0	3.3	3.6	0	2.3	2.3	0	3
E7.25	E725_Mixed_mesoderm	Mixed_mesoderm	-0.16	-2.85	0	0	2.3	0	2.3	0	0	2.3	0	3.3	2.3	3.8	0	0	3.3	2.3	2.3	0	0	2.3	0
E7.25	E725_Mixed_mesoderm	Mixed_mesoderm	0.32	-0.68	0	0	3.7	0	1.5	0	1.5	1.5	0	2.5	1.5	0	0	0	2.5	0	3.1	0	0	0	0
E7.25	E725_Amniochorionic_mesoderm	Amniochorionic_mesoderm	2.4	1.05	0	2.2	3.9	0	0	2.2	3.2	3.5	2.2	3.5	2.2	0	0	0	2.2	0	0	0	0	0	0
E7.25	E725_Mixed_mesoderm	Mixed_mesoderm	0.13	2.42	0	0	3.2	0	0	0	0	2.1	0	2.8	0	0	3.7	2.8	0	0	2.8	0	0	0	0
E7.25	E725_Mixed_mesoderm	Mixed_mesoderm	-0.5	4.79	0	2.1	2.7	0	0	0	0	0	0	0	0	0	2.1	2.7	3.6	3.7	2.7	2.1	5.2	3.1	2.7
E7.25	E725_Amniochorionic_mesoderm	Amniochorionic_mesoderm	1.71	2.87	0	0	3.5	2.2	2.2	0	3.2	0	0	3.2	0	2.2	2.2	3.2	3.5	2.8	0	0	3.2	2.2	0
E7.25	E725_Mixed_mesoderm	Mixed_mesoderm	2.73	-3.04	0	0	3.5	0	0	0	0	3.1	0	3.8	0	4.2	0	0	3.8	2.5	4.2	0	0	3.1	3.1
E7.25	E725_Mixed_mesoderm	Mixed_mesoderm	-2.36	-0.72	0	0	3	0	0	0	1.7	0	0	1.7	0	3.5	1.7	0	2.3	3	0	3	0	1.7	0
E7.25	E725_Mixed_mesoderm	Mixed_mesoderm	0.92	1.66	0	0	3.4	0	0	0	2.4	2.4	0	2.4	0	2.4	3	2.4	3	2.4	0	0	2.4	0	0
E7.25	E725_Mixed_mesoderm	Mixed_mesoderm	-0.59	0.17	0	0	3.7	0	0	0	0	2.2	0	3.5	2.2	2.2	2.2	0	2.2	2.8	0	0	0	0	0
E7.25	E725_Amniochorionic_mesoderm	Amniochorionic_mesoderm	3.02	1.76	0	0	2.9	0	2.2	0	2.9	3.3	2.2	2.2	0	0	0	0	2.2	2.2	0	0	0	0	0
E7.25	E725_Amniochorionic_mesoderm	Amniochorionic_mesoderm	1.98	2.55	0	0	3.6	0	0	2	3.8	2	0	4.1	0	3	0	0	2.6	3.5	0	0	3	0	0
E7.25	E725_Mixed_mesoderm	Mixed_mesoderm	3.39	-4.28	0	0	0	0	0	0	0	0	0	3.6	0	4.7	0	2.5	0	4.3	3.6	0	0	0	0
E7.25	E725_Mixed_mesoderm	Mixed_mesoderm	-1.48	0.17	0	0	2.1	0	0	0	0	2.1	0	2.7	0	2.1	2.7	2.1	2.1	3.4	0	3.1	2.1	0	0
E7.25	E725_Mixed_mesoderm	Mixed_mesoderm	-1.24	1.5	0	0	2.4	0	0	0	3	2.4	0	3	0	4.4	2.4	0	2.4	0	0	3	2.4	0	0
E7.25	E725_Mixed_mesoderm	Mixed_mesoderm	-3.05	0.42	0	3.7	3	0	0	0	2.4	1.8	0	3.6	1.8	5.3	3	2.8	3	0	1.8	2.4	2.8	0	0
E7.25	E725_Mixed_mesoderm	Mixed_mesoderm	-0.62	2.68	2	2	2.6	0	0	0	2.6	2	0	3.3	0	3.7	0	3.3	2	0	2	2.6	3.7	2	0
E7.25	E725_Mixed_mesoderm	Mixed_mesoderm	-2.65	-1.45	0	0	3.3	0	0	0	3	0	0	3.7	0	4.4	2.6	2	2	3	0	2	0	2.6	0
E7.25	E725_Mixed_mesoderm	Mixed_mesoderm	2.46	-4.66	2.3	0	3.3	0	0	0	0	0	0	2.9	0	4	0	0	4	4.2	3.8	2.9	0	0	0
E7.25	E725_Mixed_mesoderm	Mixed_mesoderm	-0.39	-3.25	0	0	3.2	0	0	2.2	0	2.2	0	3.5	0	4.8	0	0	3.2	3.2	2.2	3.2	0	2.2	0
E7.25	E725_Mixed_mesoderm	Mixed_mesoderm	-3.35	1.53	0	1.9	2.9	0	1.9	0	1.9	0	0	0	1.9	1.9	1.9	0	2.5	3.8	0	0	4.5	0	0
E7.25	E725_Mixed_mesoderm	Mixed_mesoderm	-2.42	2.74	0	0	0	0	0	0	2.9	0	0	0	0	0	2.9	0	2.9	0	0	0	4	0	0
E7.25	E725_Mixed_mesoderm	Mixed_mesoderm	-0.32	-2.59	0	2.1	2.7	0	0	0	2.1	0	0	3.4	0	2.1	0	0	4.3	3.6	0	2.7	2.7	0	2.1
E7.25	E725_Mixed_mesoderm	Mixed_mesoderm	-3.13	-2.45	0	0	3.7	0	0	1.6	3	0	0	3	0	3.6	2.5	1.6	3.8	3	2.2	1.6	3.3	1.6	2.5
E7.25	E725_Amniochorionic_mesoderm	Amniochorionic_mesoderm	1.41	1.68	0	0	4.4	0	0	0	3	0	0	3	2.4	0	0	0	2.4	3.4	0	2.4	2.4	0	0
E7.25	E725_Mixed_mesoderm	Mixed_mesoderm	0.22	2.86	0	0	2.2	0	0	0	3.2	0	0	2.2	0	4.1	3.5	2.8	0	0	2.2	0	2.8	2.8	2.2
E7.25	E725_Mixed_mesoderm	Mixed_mesoderm	-1.07	-0.93	0	0	4.1	0	1.6	2.2	2.2	1.6	0	3.5	1.6	2.5	0	0	3.3	2.2	0	1.6	0	0	0
E7.25	E725_Mixed_mesoderm	Mixed_mesoderm	-1.27	-4.1	0	0	2.5	0	0	1.9	0	1.9	0	1.9	0	5.2	2.5	3.9	4.3	4	2.5	1.9	0	3.6	1.9
E7.25	E725_Mixed_mesoderm	Mixed_mesoderm	2.31	1.59	0	0	3.4	0	2.4	0	3	2.4	0	4.1	0	2.4	3	0	2.4	3	0	0	0	2.4	2.4
E7.25	E725_Mixed_mesoderm	Mixed_mesoderm	-1.16	1.28	0	0	0	0	0	0	2.4	0	0	3.4	0	3	3	3	3.4	3	3	3	2.4	0	0
E7.25	E725_Mixed_mesoderm	Mixed_mesoderm	3.79	-1.84	0	0	3.4	0	0	2.3	3	3	0	3.9	0	3.7	0	0	3.4	2.3	0	0	2.3	0	0
E7.25	E725_Amniochorionic_mesoderm	Amniochorionic_mesoderm	-0.3	-0.95	0	1.7	4.1	0	1.7	1.7	2.9	2.3	1.7	3.5	1.7	2.9	1.7	1.7	2.3	2.9	0	0	1.7	0	0
E7.25	E725_Mixed_mesoderm	Mixed_mesoderm	-1.2	0.76	0	0	0	0	0	0	2.3	0	0	0	2.3	4.9	2.9	0	3.3	4.1	0	0	3.8	2.3	0
E7.25	E725_Mixed_mesoderm	Mixed_mesoderm	-1.15	-3.9	0	0	2.4	0	0	0	1.5	2	0	3	1.5	4.6	2.4	2.4	3.8	3.4	3.6	2.4	0	2.7	2.4
E7.25	E725_Mixed_mesoderm	Mixed_mesoderm	-1.08	-1.42	0	0	3.6	0	0	1.7	2.3	2.3	0	3.5	1.7	3.2	0	0	2.3	2.7	0	2.3	3.3	0	1.7
E7.25	E725_Amniochorionic_mesoderm	Amniochorionic_mesoderm	0.97	0.53	0	0	2.8	0	2.2	2.2	3.2	3.5	0	3.7	0	0	0	0	0	3.2	0	0	0	2.2	0
E7.25	E725_Mixed_mesoderm	Mixed_mesoderm	-2.01	0.21	0	1.9	2.5	0	1.9	1.9	0	2.5	0	3.7	1.9	4.2	1.9	0	1.9	3.2	0	0	2.5	0	0
E7.25	E725_Mixed_mesoderm	Mixed_mesoderm	0.69	4.17	0	0	0	0	2.7	0	2.7	0	0	3.4	0	3.8	2.1	2.1	4.2	0	0	2.1	0	0	2.1
E7.25	E725_Mixed_mesoderm	Mixed_mesoderm	-0.51	1.04	0	0	2.6	0	2	2	2	0	0	3.5	0	3.8	3.3	0	3.8	0	0	3.5	2	2	0
E7.25	E725_Mixed_mesoderm	Mixed_mesoderm	0.24	4.55	0	0	0	0	0	0	0	0	0	0	2.2	3.2	2.8	2.2	2.8	2.8	0	2.8	4.2	2.2	0
E7.25	E725_Mixed_mesoderm	Mixed_mesoderm	-1.21	0.46	0	0	2.1	0	0	2.1	2.1	0	0	3.6	3.1	3.6	2.7	2.7	3.6	3.1	2.1	2.1	2.7	0	0
E7.25	E725_Mixed_mesoderm	Mixed_mesoderm	4.06	-1.1	0	0	3.1	0	0	0	0	2.5	0	4	0	5	0	0	4	4.2	2.5	2.5	4.6	0	0
E7.25	E725_Amniochorionic_mesoderm	Amniochorionic_mesoderm	2.32	-0.79	0	0	4.4	0	0	0	2.6	0	2	3.9	0	0	0	0	3.5	2.6	0	0	0	0	2
E7.25	E725_Mixed_mesoderm	Mixed_mesoderm	-2.43	1.24	0	0	0	0	0	0	0	2.8	0	0	0	3.8	0	0	3.5	0	0	0	0	0	2.8
E7.25	E725_Mixed_mesoderm	Mixed_mesoderm	0.87	3.12	0	2.1	2.1	0	0	0	2.1	2.1	0	2.1	2.1	2.7	0	0	3.8	2.7	0	2.7	0	0	0
E7.25	E725_Mixed_mesoderm	Mixed_mesoderm	0.07	1.89	0	0	2.8	0	0	2.2	2.8	0	0	2.8	0	0	0	0	0	0	0	2.2	0	0	0
E7.25	E725_Mixed_mesoderm	Mixed_mesoderm	-1.7	-0.35	0	0	3.2	0	0	2.6	2.6	2	0	3	0	2	2	0	2	0	0	2	0	0	0
E7.25	E725_Mixed_mesoderm	Mixed_mesoderm	0.26	3.73	0	0	2.1	0	0	2.1	2.8	0	0	0	2.1	3.2	0	0	3.2	3.2	2.8	0	4.4	0	0
E7.25	E725_Mixed_mesoderm	Mixed_mesoderm	-1.36	4.55	0	0	0	0	0	0	0	2.9	0	2.2	0	3.3	2.9	4.2	3.3	3.3	3.5	3.3	5.3	0	2.9
E7.25	E725_Mixed_mesoderm	Mixed_mesoderm	-3.34	2.09	0	0	2.6	0	2	0	0	0	0	2	2	4	2	3.3	2	2	3.3	2	4.2	3	2
E7.25	E725_Mixed_mesoderm	Mixed_mesoderm	-0.2	-0.61	1.8	1.8	3.3	0	2.4	0	3.1	0	0	3.7	2.4	2.8	1.8	0	2.4	2.4	3.1	0	3.1	0	0
E7.25	E725_Mixed_mesoderm	Mixed_mesoderm	-2.15	-0.92	0	0	3.6	0	0	0	2.7	0	0	2.7	1.7	1.7	2.3	0	3	0	0	1.7	2.7	0	0
E7.25	E725_Mixed_mesoderm	Mixed_mesoderm	-1.79	-2.97	0	0	2.8	0	0	0	3	0	0	3	0	3.7	0	2.4	3.4	3.9	1.8	1.8	1.8	0	1.8
E7.25	E725_Mixed_mesoderm	Mixed_mesoderm	-3.47	2.65	0	2	2.6	0	0	0	0	0	0	0	0	2	2.6	0	3	2.6	3	2	5	2	2.6
E7.25	E725_Mixed_mesoderm	Mixed_mesoderm	2.43	-1.64	0	0	5	0	0	2	0	0	0	3.9	0	3	0	0	2	3	2	0	2	0	0
E7.25	E725_Mixed_mesoderm	Mixed_mesoderm	4.01	-1.27	0	0	4.4	0	0	0	2.2	0	0	3.9	0	2.9	0	0	3.5	3.3	0	2.2	0	2.9	0
E7.25	E725_Mixed_mesoderm	Mixed_mesoderm	2.22	-3.79	0	2.3	2.9	0	0	0	2.3	2.3	0	3.3	2.9	4.1	2.3	3.3	3.3	0	3.3	0	4.4	0	2.3
E7.25	E725_Mixed_mesoderm	Mixed_mesoderm	-3.33	2.98	0	0	0	0	0	0	0	0	0	0	0	0	0	3.8	4.1	2.8	2.8	2.8	4.5	2.8	2.8
E7.25	E725_Amniochorionic_mesoderm	Amniochorionic_mesoderm	3.87	-1.35	2.1	2.1	3.4	2.1	0	2.1	3.2	3.2	0	3.8	2.8	0	0	0	3.4	0	0	0	0	0	0
E7.25	E725_Mixed_mesoderm	Mixed_mesoderm	3.7	2.78	0	0	3.9	0	0	0	3	0	0	2.4	0	2.4	0	0	3.9	2.4	0	0	0	0	2.4
E7.25	E725_Mixed_mesoderm	Mixed_mesoderm	-0.69	-0.23	0	0	3.7	0	0	2.2	3.2	3.2	0	3.5	0	2.2	0	0	2.8	0	0	2.2	0	0	0
E7.25	E725_Mixed_mesoderm	Mixed_mesoderm	-3.02	2.35	0	0	0	0	1.9	0	2.9	0	0	0	0	3.4	2.9	3.2	3.2	2.6	1.9	0	4.4	2.6	1.9
E7.25	E725_Mixed_mesoderm	Mixed_mesoderm	1.02	3	0	2.6	2.6	0	0	0	0	0	0	2.6	0	2	0	0	0	3	0	0	3.9	0	2
E7.25	E725_Mixed_mesoderm	Mixed_mesoderm	-0.12	-0.74	0	0	3.8	0	1.9	0	1.9	2.9	0	1.9	1.9	0	2.6	0	0	3.6	0	1.9	0	1.9	1.9
E7.25	E725_Mixed_mesoderm	Mixed_mesoderm	2.1	-4.35	0	0	0	0	0	2.5	0	0	0	2.5	0	3.5	2.5	2.5	4	2.5	2.5	3.1	0	0	2.5
E7.25	E725_Mixed_mesoderm	Mixed_mesoderm	-1.83	-0.53	0	0	3.9	0	0	0	1.9	1.9	0	3.9	0	2.9	0	0	2.9	1.9	0	0	0	0	0
E7.25	E725_Mixed_mesoderm	Mixed_mesoderm	3.96	-1.35	0	0	3.9	0	0	0	2.8	2.2	3.2	3.9	2.2	0	0	0	3.7	3.5	2.2	0	2.2	2.8	2.8
E7.25	E725_Mixed_mesoderm	Mixed_mesoderm	-3.18	-0.78	0	0	2.8	0	1.8	1.8	1.8	1.8	0	2.8	0	4	3.1	1.8	3.1	2.5	0	2.5	3.1	0	0
E7.25	E725_Mixed_mesoderm	Mixed_mesoderm	0.96	3.5	0	0	2.6	0	0	0	2	2	0	3.3	0	3.5	2.6	0	3.7	0	0	2	0	3	2.6
E7.25	E725_Mixed_mesoderm	Mixed_mesoderm	-0.44	1.85	0	0	2.2	0	0	0	0	0	0	2.2	0	2.2	0	2.9	2.2	3.5	2.9	0	4.1	2.9	0
E7.25	E725_Mixed_mesoderm	Mixed_mesoderm	3.91	-2.85	0	0	2.8	0	0	0	0	0	0	2.8	0	3.5	0	2.2	3.9	0	4.2	0	0	0	2.2
E7.25	E725_Mixed_mesoderm	Mixed_mesoderm	-3.51	-1.96	0	1.5	4	0	1.5	0	2.1	0	0	2.1	0	4.7	3.1	2.9	3.8	2.7	1.5	2.1	3.6	2.9	2.1
E7.25	E725_Mixed_mesoderm	Mixed_mesoderm	1.96	3.56	0	0	3.4	0	0	2.3	2.3	0	0	3.7	0	0	2.3	0	3.9	0	2.3	0	2.3	2.3	0
E7.25	E725_Amniochorionic_mesoderm	Amniochorionic_mesoderm	3.31	2.59	2.2	0	4.1	0	2.2	2.9	3.8	3.3	0	3.3	2.2	0	0	0	2.2	2.2	0	0	0	0	2.2
E7.25	E725_Mixed_mesoderm	Mixed_mesoderm	-0.73	3.55	0	2.1	3.1	0	0	2.1	2.1	0	0	2.7	0	2.7	2.7	0	3.7	2.1	0	0	4.7	0	2.1
E7.25	E725_Mixed_mesoderm	Mixed_mesoderm	-1.91	0.38	0	0	2.1	0	2.1	0	2.7	0	0	3.1	0	3.7	2.1	0	2.7	2.7	0	0	0	0	2.1
E7.25	E725_Mixed_mesoderm	Mixed_mesoderm	-1.71	-1.12	0	1.7	3.9	0	0	0	2.3	1.7	0	2.7	0	2.7	0	0	2.3	2.3	3.3	2.7	1.7	1.7	2.7
E7.25	E725_Amniochorionic_mesoderm	Amniochorionic_mesoderm	2.73	0.61	0	2.1	4.3	0	0	0	2.1	0	0	3.9	2.1	0	0	0	2.1	0	2.1	2.1	3.4	0	0
E7.25	E725_Mixed_mesoderm	Mixed_mesoderm	2.61	-3.76	0	0	3.7	0	0	0	0	0	0	0	0	3.7	0	0	2.8	4	0	2.2	0	0	2.2
E7.25	E725_Amniochorionic_mesoderm	Amniochorionic_mesoderm	3.17	0.78	2.2	0	4.4	2.2	2.2	0	3.9	2.8	3.5	3.2	2.8	0	0	0	2.2	2.2	0	2.8	0	0	2.8
E7.25	E725_Mixed_mesoderm	Mixed_mesoderm	-0.9	-3.4	0	0	2.6	0	0	0	0	3	0	2	2	4.4	0	3	3	3.5	3.7	2.6	0	3.3	2.6
E7.25	E725_Mixed_mesoderm	Mixed_mesoderm	-1.02	4.09	0	0	3.2	0	0	1.8	2.7	0	0	2.7	0	2.7	2.4	2.7	3.2	3	0	2.7	3.8	2.4	2.4
E7.25	E725_Mixed_mesoderm	Mixed_mesoderm	-2.51	3.21	2.1	0	0	0	2.1	0	0	0	0	2.1	0	3.6	2.1	2.1	3.4	3.1	0	2.1	5.7	0	2.8
E7.25	E725_Mixed_mesoderm	Mixed_mesoderm	-1.13	-0.2	0	0	2.3	0	2.3	0	0	0	0	0	2.3	4.1	2.3	0	2.3	0	0	0	2.3	0	0
E7.25	E725_Mixed_mesoderm	Mixed_mesoderm	0.71	1.61	0	0	0	0	0	0	4	3.6	0	4	0	0	3.6	0	3.6	0	0	0	0	0	0
E7.25	E725_Mixed_mesoderm	Mixed_mesoderm	-0.45	2.26	0	2.7	2.7	0	0	0	2.1	3.8	0	2.7	0	4.6	2.1	0	2.7	0	0	0	3.1	0	0
E7.25	E725_Mixed_mesoderm	Mixed_mesoderm	-1.54	3.8	0	0	0	0	0	0	2	0	0	2.6	0	4.6	2.6	4.4	3.5	0	0	2	2.6	2.6	2.6
E7.25	E725_Amniochorionic_mesoderm	Amniochorionic_mesoderm	3.36	0.9	1.9	0	4.3	2.5	1.9	2.5	3.2	1.9	0	3.6	1.9	1.9	0	0	1.9	3.4	0	0	0	0	1.9
E7.25	E725_Mixed_mesoderm	Mixed_mesoderm	-2.2	1.74	0	1.7	0	0	0	0	2.3	1.7	0	3.5	0	4.8	3.4	1.7	2.3	2.7	0	3	1.7	1.7	2.3
E7.25	E725_Mixed_mesoderm	Mixed_mesoderm	-3.87	3.29	0	0	3.8	0	2.3	2.3	2.9	0	0	2.3	0	0	0	2.9	2.9	2.9	2.9	0	4.8	0	0
E7.25	E725_Mixed_mesoderm	Mixed_mesoderm	-0.71	-0.66	0	1.5	4.4	0	1.5	0	2.1	0	0	3.1	0	1.5	2.1	1.5	2.5	3.1	0	1.5	2.5	0	0
E7.25	E725_Mixed_mesoderm	Mixed_mesoderm	0.88	-1.89	0	0	4.4	0	0	0	0	2.5	0	3.3	0	0	0	0	3.5	3.1	1.9	1.9	0	2.9	0
E7.25	E725_Mixed_mesoderm	Mixed_mesoderm	-0.1	0.19	0	0	3.9	0	2.4	0	2.8	1.8	0	3	1.8	3.8	0	0	3	1.8	0	1.8	0	1.8	0
E7.25	E725_Amniochorionic_mesoderm	Amniochorionic_mesoderm	2.41	3.43	0	0	3.4	0	2.2	2.2	3.2	0	2.2	3.8	2.2	0	0	2.2	0	0	0	2.2	2.2	2.2	0
E7.25	E725_Mixed_mesoderm	Mixed_mesoderm	-1.8	-1.73	0	0	2.5	0	0	0	2.9	1.9	0	4	1.9	2.9	2.5	0	3.5	2.5	0	2.9	0	1.9	0
E7.25	E725_Mixed_mesoderm	Mixed_mesoderm	0.96	-3.21	0	0	0	0	0	2.5	2.5	2.5	0	3.5	2.5	5	2.5	0	3.5	3.5	2.5	2.5	0	0	0
E7.25	E725_Amniochorionic_mesoderm	Amniochorionic_mesoderm	2.93	1.1	0	0	3.9	0	0	0	0	3.6	2.6	3.9	0	0	0	0	0	2.6	0	0	0	2.6	0
E7.25	E725_Mixed_mesoderm	Mixed_mesoderm	-0.29	4.11	0	2.3	2.9	0	0	2.3	3.3	0	0	0	0	3.8	0	2.3	2.3	3.8	0	2.3	3.3	2.9	3.3
E7.25	E725_Mixed_mesoderm	Mixed_mesoderm	-2.63	2.58	0	0	2.2	0	0	1.6	2.2	0	0	0	0	4.2	0	0	3.1	0	2.2	0	2.9	0	2.6
E7.25	E725_Mixed_mesoderm	Mixed_mesoderm	-2.2	2.37	0	1.7	1.7	0	0	1.7	0	2.3	0	2.3	1.7	4.7	3.3	0	3.7	2.3	2.3	2.3	2.7	1.7	0
E7.25	E725_Mixed_mesoderm	Mixed_mesoderm	-0.84	3.27	0	0	0	0	0	0	0	0	0	0	0	3.3	0	2.6	2.6	0	0	0	5	3.3	0
E7.25	E725_Mixed_mesoderm	Mixed_mesoderm	-1.67	2.11	0	0	1.8	0	0	1.8	0	1.8	0	3.1	0	4.2	0	0	3.3	3.1	3.1	0	3.1	0	1.8
E7.25	E725_Mixed_mesoderm	Mixed_mesoderm	1.61	1.88	0	0	4.2	0	0	0	3.3	0	0	3.7	0	3.3	0	2.2	0	2.9	0	0	0	2.9	2.9
E7.25	E725_Mixed_mesoderm	Mixed_mesoderm	-3.73	-1.86	1.7	0	3.4	0	0	0	2.7	2.3	0	2.7	0	3.4	2.3	2.7	4	3.2	1.7	0	4	0	0
E7.25	E725_Mixed_mesoderm	Mixed_mesoderm	-1.34	0.67	0	0	0	0	0	0	0	0	0	2.6	0	4.1	2.6	0	3.2	2.6	0	0	0	0	0
E7.25	E725_Mixed_mesoderm	Mixed_mesoderm	0.99	3.78	0	0	3.1	0	0	0	3.1	0	0	3.5	0	4.1	3.7	0	2.4	3.7	2.4	0	3.1	2.4	0
E7.25	E725_Mixed_mesoderm	Mixed_mesoderm	-2.18	-3.47	0	0	2.4	0	0	1.8	3	0	0	2.8	0	4.6	1.8	3.2	3.8	3.8	1.8	1.8	3	1.8	2.4
E7.25	E725_Mixed_mesoderm	Mixed_mesoderm	-1.58	1.41	0	2.2	0	0	0	0	0	3.7	0	0	0	4.4	0	0	3.9	2.2	2.2	2.2	0	0	0
E7.25	E725_Mixed_mesoderm	Mixed_mesoderm	-0.49	4.3	0	0	0	0	2.9	0	0	0	0	0	0	3.3	2.9	0	3.3	2.3	2.3	3.3	2.9	2.3	0
E7.25	E725_Mixed_mesoderm	Mixed_mesoderm	0.68	0.73	0	1.9	2.9	0	0	0	0	0	0	3.8	0	3.6	0	0	3.2	2.9	3.4	2.5	0	1.9	1.9
E7.25	E725_Mixed_mesoderm	Mixed_mesoderm	-1.72	3.92	0	0	0	0	0	0	0	0	0	0	0	4.2	3.7	4.2	3.7	4	2.7	0	4	0	0
E7.25	E725_Amniochorionic_mesoderm	Amniochorionic_mesoderm	4.44	0.52	0	0	3.7	0	0	3.3	2.2	2.2	0	3.3	0	2.2	0	0	2.2	2.9	0	0	0	0	0
E7.25	E725_Mixed_mesoderm	Mixed_mesoderm	2.99	-3.6	0	0	4.5	0	0	2.5	0	2.5	0	3.1	0	3.8	0	0	4	4.4	2.5	0	3.1	0	2.5
E7.25	E725_Mixed_mesoderm	Mixed_mesoderm	-0.84	1.07	0	2.1	2.1	0	0	0	0	0	0	2.1	2.1	4.3	0	0	2.1	0	3.1	0	3.7	2.1	2.7
E7.25	E725_Mixed_mesoderm	Mixed_mesoderm	-2.59	-2.89	0	0	1.8	0	0	1.8	1.8	0	0	0	0	4.8	3.1	1.8	4	3.7	2.4	3.1	1.8	3.1	3.1
E7.25	E725_Mixed_mesoderm	Mixed_mesoderm	-0.3	3.38	0	0	2.5	0	0	0	0	0	0	0	2.5	2.5	3.1	2.5	3.8	2.5	0	2.5	2.5	2.5	0
E7.25	E725_Mixed_mesoderm	Mixed_mesoderm	2.12	3.33	0	0	3.4	0	0	0	3.4	0	0	3.9	0	2.9	2	3.4	3.6	4.2	2.6	2.6	2.6	0	0
E7.25	E725_Amniochorionic_mesoderm	Amniochorionic_mesoderm	3.8	0.47	0	0	4.4	2.3	0	2.3	0	3.8	3.3	4.6	0	0	0	0	3.6	2.9	0	2.3	2.3	0	0
E7.25	E725_Mixed_mesoderm	Mixed_mesoderm	2.73	-3.28	0	0	0	0	0	0	2.7	0	0	3.1	0	3.9	0	0	4.1	3.8	3.4	2.1	0	0	0
E7.25	E725_Mixed_mesoderm	Mixed_mesoderm	-0.25	4.22	0	0	0	0	0	0	0	0	0	0	0	3.3	3.1	2.7	3.1	0	2.1	3.1	4.1	0	0
E7.25	E725_Amniochorionic_mesoderm	Amniochorionic_mesoderm	3.62	0.32	0	0	3.9	0	0	3.4	2.4	0	0	3	0	0	0	0	3	0	0	0	2.4	0	0
E7.25	E725_Mixed_mesoderm	Mixed_mesoderm	-1.47	-0.33	0	0	2	0	0	0	2	0	0	3.3	0	3	0	0	2.7	3.5	2	0	0	2	0
E7.25	E725_Mixed_mesoderm	Mixed_mesoderm	-2.34	-3.66	0	0	2.8	0	0	0	1.6	1.6	0	3.2	0	4.5	2.5	2.5	3.9	4.3	3	1.6	0	2.5	1.6
E7.25	E725_Mixed_mesoderm	Mixed_mesoderm	0.89	2.42	0	0	0	0	0	0	2.1	2.1	0	3.8	2.1	3.4	2.7	2.1	3.6	4.2	0	2.7	0	2.1	2.1
E7.25	E725_Mixed_mesoderm	Mixed_mesoderm	-3.36	0.79	0	1.8	3.3	0	0	0	1.8	1.8	0	2.4	0	3	3.6	2.8	2.4	2.4	0	0	3.6	0	0
E7.25	E725_Amniochorionic_mesoderm	Amniochorionic_mesoderm	1.8	-0.93	0	0	4.8	1.6	0	2.5	3.3	0	0	3.2	2.1	1.6	0	0	3.3	0	0	0	0	1.6	1.6
E7.25	E725_Mixed_mesoderm	Mixed_mesoderm	-0.89	4.02	0	3.9	2.8	0	0	0	2.8	0	0	0	0	4.7	3.5	4.8	2.8	3.5	3.5	2.8	4.1	3.5	0
E7.25	E725_Mixed_mesoderm	Mixed_mesoderm	2.69	-4.76	0	0	2.4	0	0	0	2.4	0	0	3.9	0	4.6	0	0	3.7	3.4	2.4	2.4	0	0	2.4
E7.25	E725_Mixed_mesoderm	Mixed_mesoderm	-1.85	-0.23	0	0	3.9	0	2.1	2.1	3.4	2.1	0	3.4	0	3.4	2.1	0	3.1	0	2.1	0	2.1	0	0
E7.25	E725_Mixed_mesoderm	Mixed_mesoderm	-0.58	-4.4	0	0	0	0	0	0	0	2	0	2	2	5.4	2.6	3	3.8	4.7	3	2	0	3	3
E7.25	E725_Mixed_mesoderm	Mixed_mesoderm	-0.08	1.37	0	0	4.1	0	0	0	3.7	3.7	0	4.1	0	3	0	0	0	3.7	0	3	0	0	3
E7.25	E725_Mixed_mesoderm	Mixed_mesoderm	4.37	1.44	0	0	3.7	2	0	0	3.8	2	0	4.5	2	3.3	0	0	2.6	3.5	0	2	0	2	2.6
E7.25	E725_Amniochorionic_mesoderm	Amniochorionic_mesoderm	1.33	-1.09	0	0	4.2	0	0	2	0	3	0	3.5	0	0	0	0	2	2.6	0	0	0	0	2.6
E7.25	E725_Mixed_mesoderm	Mixed_mesoderm	-1.67	2.23	0	0	3.1	0	0	0	3.1	3.6	0	0	0	4.5	2.7	0	0	2.7	0	2.7	4.1	2.1	2.7
E7.25	E725_Mixed_mesoderm	Mixed_mesoderm	1.34	0.44	0	0	4.3	0	0	0	2.1	2.7	0	3.4	0	0	2.1	0	0	2.1	0	2.7	0	2.1	0
E7.25	E725_Mixed_mesoderm	Mixed_mesoderm	0.5	-1.36	0	0	4.4	0	1.8	2.4	2.4	3	0	2.7	0	3.4	0	0	0	0	1.8	0	0	1.8	1.8
E7.25	E725_Amniochorionic_mesoderm	Amniochorionic_mesoderm	1.05	-0.37	0	0	4.9	0	0	2.4	0	3.1	0	3.4	0	0	0	0	2.4	0	0	2.4	0	0	0
E7.25	E725_Mixed_mesoderm	Mixed_mesoderm	-0.21	2.18	0	2.4	0	0	0	0	3.7	2.4	0	4.1	0	3	2.4	2.4	3	3	0	3.4	3	0	0
E7.25	E725_Mixed_mesoderm	Mixed_mesoderm	-2.38	0.08	0	0	1.8	0	0	0	3	2.4	0	3.2	1.8	3.7	1.8	0	3	1.8	0	3	0	1.8	0
E7.25	E725_Mixed_mesoderm	Mixed_mesoderm	-1.17	-1.81	0	2.1	2.8	0	0	0	0	0	0	3.8	0	3.6	2.1	0	2.8	2.8	2.1	2.8	4.5	2.1	0
E7.25	E725_Amniochorionic_mesoderm	Amniochorionic_mesoderm	2.17	0.44	0	2	4.4	0	2.6	2.6	2.6	2.6	0	3.8	2.6	0	0	0	2	2	0	0	0	2	0
E7.25	E725_Mixed_mesoderm	Mixed_mesoderm	-0.98	-3.29	0	0	0	0	0	0	0	2.1	0	2.8	0	3.2	2.1	2.8	4.7	4.2	3.8	2.1	0	3.4	2.1
E7.25	E725_Mixed_mesoderm	Mixed_mesoderm	3.31	-3.19	0	3	3.4	0	0	2.4	2.4	0	0	3	0	4.1	0	0	3.9	3.9	3.4	0	2.4	2.4	0
E7.25	E725_Mixed_mesoderm	Mixed_mesoderm	-2.68	-0.19	0	0	2.3	0	1.7	2.3	0	0	0	3	0	3	2.7	3.2	3	1.7	0	2.3	1.7	2.3	0
E7.25	E725_Mixed_mesoderm	Mixed_mesoderm	2.74	2.1	0	0	2.7	0	0	0	2.7	3.3	0	4.2	0	0	0	0	2.7	3.3	0	2.7	0	3.3	0
E7.25	E725_Amniochorionic_mesoderm	Amniochorionic_mesoderm	2.27	1.27	0	0	3.8	0	0	2.9	2.9	0	0	3.5	2.9	0	0	0	2.9	0	0	2.2	0	0	0
E7.25	E725_Amniochorionic_mesoderm	Amniochorionic_mesoderm	4.53	0.4	0	0	4.2	0	0	3.2	2.5	3.2	0	3.2	0	2.5	0	0	4.1	0	2.5	0	0	0	0
E7.25	E725_Mixed_mesoderm	Mixed_mesoderm	2.91	-4.33	0	0	0	0	0	0	0	0	0	0	0	3.8	0	0	4.5	3.1	0	2.4	0	3.1	0
E7.25	E725_Mixed_mesoderm	Mixed_mesoderm	0.67	-1.17	0	0	3.8	0	0	2	2.6	2	0	3.6	0	0	0	0	3.6	3.8	0	0	0	2	0
E7.25	E725_Mixed_mesoderm	Mixed_mesoderm	-1.36	2.46	0	0	2.5	0	0	2.5	0	0	0	0	2.5	3.6	0	0	2.5	0	0	0	4.3	3.2	2.5
E7.25	E725_Mixed_mesoderm	Mixed_mesoderm	-2.45	0.33	0	0	3.4	0	0	2.9	1.9	1.9	0	3.6	0	2.5	0	0	2.5	0	0	2.9	0	0	0
E7.25	E725_Mixed_mesoderm	Mixed_mesoderm	0.19	-0.42	0	0	4.1	0	1.6	1.6	3.4	3	1.6	3	2.2	0	0	0	2.2	2.2	1.6	0	0	1.6	1.6
E7.25	E725_Amniochorionic_mesoderm	Amniochorionic_mesoderm	4.02	1.26	0	0	4.1	0	0	3	3	2.4	0	3.9	0	0	0	0	3	3	0	0	0	0	2.4
E7.25	E725_Mixed_mesoderm	Mixed_mesoderm	1.6	3.97	0	0	2	0	0	0	2	2.6	0	3.7	0	3.7	2	2.6	3.5	3	2.6	2	3.5	2.6	0
E7.25	E725_Amniochorionic_mesoderm	Amniochorionic_mesoderm	1.8	-0.41	0	0	4.6	0	1.5	0	2.8	0	0	1.5	0	1.5	0	0	1.5	0	2.8	0	2.5	1.5	1.5
E7.25	E725_Amniochorionic_mesoderm	Amniochorionic_mesoderm	3.07	1.56	0	0	3.9	0	0	0	2.9	0	0	3.2	2.9	0	0	0	0	2.2	0	2.2	0	0	0
E7.25	E725_Amniochorionic_mesoderm	Amniochorionic_mesoderm	2.28	-0.26	0	1.9	4.1	0	1.9	1.9	0	3.1	0	3.1	2.9	0	0	0	2.5	0	0	0	0	1.9	0
E7.25	E725_Mixed_mesoderm	Mixed_mesoderm	-2.68	-2	0	0	3.5	0	0	1.9	2.5	1.9	0	3.7	0	0	3.1	2.5	1.9	3.8	2.5	2.9	0	1.9	0
E7.25	E725_Mixed_mesoderm	Mixed_mesoderm	1.59	-3.31	0	0	3.1	0	1.5	0	2.1	1.5	0	3.1	0	4.4	2.1	0	3.9	3.5	3.9	2.1	1.5	1.5	1.5
E7.25	E725_Mixed_mesoderm	Mixed_mesoderm	-0.45	-2.52	1.9	1.9	2.9	0	0	0	1.9	2.5	0	2.5	0	3.4	0	0	3.7	3.4	0	0	0	1.9	1.9
E7.25	E725_Amniochorionic_mesoderm	Amniochorionic_mesoderm	0.81	0.18	0	0	4.1	0	2.4	0	2.4	2.4	0	4.1	0	0	0	0	0	0	0	0	0	0	0
E7.25	E725_Mixed_mesoderm	Mixed_mesoderm	-0.93	-3.11	2.3	0	2.3	0	2.3	0	0	0	0	3.3	0	4.2	2.9	2.9	3.6	3.3	0	2.3	0	2.3	2.3
E7.25	E725_Mixed_mesoderm	Mixed_mesoderm	1.75	3.14	0	0	2.3	0	0	2.3	4	2.3	0	3.6	2.3	0	2.3	0	3.6	3.3	0	2.3	2.9	0	0
E7.25	E725_Mixed_mesoderm	Mixed_mesoderm	-3.72	1.95	0	2.8	0	0	0	0	0	0	0	0	0	3.4	3.1	0	0	2.8	0	3.1	5.3	0	2.1
E7.25	E725_Mixed_mesoderm	Mixed_mesoderm	1.28	-2.47	0	0	4	0	0	0	0	2	2	2.6	0	2	0	0	3.2	4.8	3	0	0	3	2
E7.25	E725_Amniochorionic_mesoderm	Amniochorionic_mesoderm	2.71	1.29	0	0	4.2	0	0	0	2.1	2.1	0	3.6	2.1	0	0	0	2.7	2.1	2.1	0	0	0	0
E7.25	E725_Mixed_mesoderm	Mixed_mesoderm	-0.34	1.67	0	0	3.8	0	0	0	0	2.1	0	2.8	0	2.8	2.8	0	2.8	0	0	2.8	4.5	0	0
E7.25	E725_Mixed_mesoderm	Mixed_mesoderm	1.9	2.14	0	0	3.7	0	2.4	0	3.5	3.1	0	3.5	0	0	3.1	0	2.4	0	0	0	0	0	0
E7.25	E725_Mixed_mesoderm	Mixed_mesoderm	2.1	3.78	0	0	2.8	0	2.2	0	0	0	0	3.9	2.2	0	0	0	3.5	2.2	0	0	2.2	2.2	0
E7.25	E725_Mixed_mesoderm	Mixed_mesoderm	-0.92	2.72	0	2.2	0	0	0	2.2	0	0	0	3.2	0	4.2	3.2	0	3.2	3.2	0	2.2	2.8	2.2	2.8
E7.25	E725_Mixed_mesoderm	Mixed_mesoderm	1.47	1.08	0	0	3.8	0	0	2.2	0	2.8	0	0	0	0	2.2	0	3.4	0	0	2.2	0	0	0
E7.25	E725_Mixed_mesoderm	Mixed_mesoderm	0.63	3.76	0	0	3.3	0	0	0	3	0	0	2.7	0	0	2.7	0	2.7	2	0	0	2	0	2
E7.25	E725_Mixed_mesoderm	Mixed_mesoderm	1.81	-2.32	0	0	3.7	0	0	2.2	0	0	0	3.9	0	3.2	0	0	3.7	0	0	0	0	0	0
E7.25	E725_Mixed_mesoderm	Mixed_mesoderm	-0.69	4.64	0	0	2.8	0	0	0	2.2	0	0	3.2	0	2.8	2.8	3.4	2.8	2.2	2.2	0	5	2.2	0
E7.25	E725_Mixed_mesoderm	Mixed_mesoderm	-1.61	1.43	0	0	0	0	0	2.5	0	0	0	0	0	4.4	3.2	2.5	4.1	2.5	0	3.2	2.5	0	2.5
E7.25	E725_Mixed_mesoderm	Mixed_mesoderm	-1.69	-0.62	0	0	3.8	0	0	0	0	2.7	0	3.8	0	0	2.7	0	3.3	0	0	1.7	2.3	0	0
E7.25	E725_Mixed_mesoderm	Mixed_mesoderm	-1.51	-2	0	0	2.9	0	0	0	1.9	2.6	1.9	1.9	0	3.6	2.6	2.9	0	2.9	1.9	0	3.2	2.6	1.9
E7.25	E725_Mixed_mesoderm	Mixed_mesoderm	4.15	0.9	0	0	4	2.9	0	0	2.3	0	0	4	2.9	0	2.3	0	0	0	0	0	0	0	2.3
E7.25	E725_Mixed_mesoderm	Mixed_mesoderm	-3.12	0.12	0	0	2.5	0	0	0	0	0	0	3.2	0	3.8	1.9	0	1.9	1.9	0	0	3.4	0	0
E7.25	E725_Mixed_mesoderm	Mixed_mesoderm	0.15	-2.98	0	0	2.6	0	0	2.6	2.6	0	0	0	0	3.7	0	0	0	3.3	2.6	3.3	0	2.6	0
E7.25	E725_Mixed_mesoderm	Mixed_mesoderm	-3.5	3.12	1.9	0	0	0	0	0	2.9	0	0	0	1.9	2.9	3.2	2.9	3.5	3.2	1.9	2.9	5	1.9	2.5
E7.25	E725_Mixed_mesoderm	Mixed_mesoderm	0.46	-3.35	0	2.1	3.1	0	0	0	0	3.1	0	2.8	0	4.6	0	0	2.8	2.1	3.1	0	0	2.1	0
E7.25	E725_Mixed_mesoderm	Mixed_mesoderm	3.18	-4.39	0	0	3.5	0	0	0	0	2.4	0	3.7	0	3.7	0	2.4	3.7	3.5	3.7	2.4	0	2.4	0
E7.25	E725_Amniochorionic_mesoderm	Amniochorionic_mesoderm	3.59	-0.2	0	0	4.3	0	0	0	2.3	2.9	2.9	3.3	0	0	0	0	2.9	0	0	0	2.3	2.3	0
E7.25	E725_Mixed_mesoderm	Mixed_mesoderm	-1.78	-2.69	0	0	2.2	0	0	0	2.5	0	0	2.5	0	5.2	0	2.5	3.9	2.2	3.2	1.6	0	2.5	3.2
E7.25	E725_Mixed_mesoderm	Mixed_mesoderm	-0.65	-1.32	0	0	3.6	0	0	1.8	0	0	0	3.1	1.8	3.1	1.8	2.4	2.8	2.8	0	0	3.1	1.8	2.4
E7.25	E725_Amniochorionic_mesoderm	Amniochorionic_mesoderm	2.22	0.82	0	0	4.3	2.1	0	0	2.7	3.6	3.1	3.4	2.1	0	0	0	3.4	2.7	2.1	0	0	0	2.1
E7.25	E725_Mixed_mesoderm	Mixed_mesoderm	-1.5	-3.99	0	0	0	0	0	2.1	2.1	0	0	0	2.1	5	3.1	2.1	3.6	4.4	2.1	0	4.8	3.4	3.1
E7.25	E725_Amniochorionic_mesoderm	Amniochorionic_mesoderm	3.52	-0.07	0	2	4.3	0	0	3.3	2	2	3	4	2.6	2.6	0	0	0	2	2	0	0	0	2
E7.25	E725_Mixed_mesoderm	Mixed_mesoderm	3.35	-4.1	0	0	2.2	0	0	0	2.2	0	0	0	0	3.5	0	0	4.4	3.5	2.9	0	0	2.2	0
E7.25	E725_Mixed_mesoderm	Mixed_mesoderm	3.26	-1.63	0	0	4.6	0	0	2.2	3.3	0	0	2.2	0	0	0	0	0	2.9	0	2.2	0	2.2	0
E7.25	E725_Mixed_mesoderm	Mixed_mesoderm	-2.96	-1.22	1.6	0	3.6	0	0	0	0	0	0	4.3	0	3.3	1.6	2.9	3.7	2.2	0	1.6	0	2.2	0
E7.25	E725_Mixed_mesoderm	Mixed_mesoderm	3	-4.41	2	0	3	0	0	0	3.6	0	0	2.6	0	2.6	0	0	3.6	3.9	3.5	0	0	0	0
E7.25	E725_Mixed_mesoderm	Mixed_mesoderm	-2.75	2.9	0	0	2.5	0	0	1.9	2.5	0	0	1.9	2.5	3.3	2.9	0	1.9	2.9	0	1.9	4.5	1.9	2.5
E7.25	E725_Mixed_mesoderm	Mixed_mesoderm	-1.84	0.53	0	0	0	0	0	0	2.6	3	0	2.6	0	4.8	0	0	3	3.3	0	0	0	0	2
E7.25	E725_Mixed_mesoderm	Mixed_mesoderm	-0.64	-2.63	0	0	3	0	0	0	3.3	0	0	3.5	0	3.5	0	0	3.5	2.6	2.6	2	0	2.6	0
E7.25	E725_Mixed_mesoderm	Mixed_mesoderm	-1.34	3.84	0	0	2.4	0	0	0	0	0	0	0	0	2.4	2.4	0	3	0	2.4	2.4	4.2	0	2.4
E7.25	E725_Amniochorionic_mesoderm	Amniochorionic_mesoderm	1.4	0.13	0	0	4.5	0	0	0	2.6	0	0	3.8	2.6	0	0	2	2	2	0	2	2.6	0	2
E7.25	E725_Mixed_mesoderm	Mixed_mesoderm	-2.38	0.41	0	0	4	0	0	0	3.6	0	0	2.9	0	2.9	2.9	0	3.4	2.5	0	2.5	1.9	0	0
E7.25	E725_Mixed_mesoderm	Mixed_mesoderm	2.07	2.7	0	0	0	0	0	0	2.1	2.7	0	3.4	3.1	0	0	0	3.1	4.3	0	0	0	0	0
E7.25	E725_Mixed_mesoderm	Mixed_mesoderm	-0.48	1.71	0	0	2.8	0	2.1	0	0	0	0	3.1	0	3.1	2.8	3.4	2.1	2.1	0	2.1	3.8	2.8	0
E7.25	E725_Mixed_mesoderm	Mixed_mesoderm	-3.33	-1.04	0	1.4	3	0	0	2	2	1.4	0	3.1	1.4	3.8	2.8	0	3	2.3	0	2.6	2.3	2.3	1.4
E7.25	E725_Mixed_mesoderm	Mixed_mesoderm	0.64	-1.21	0	1.7	4.2	0	0	0	1.7	1.7	0	3.8	1.7	2.3	0	0	2.3	2.3	2.7	0	1.7	1.7	1.7
E7.25	E725_Amniochorionic_mesoderm	Amniochorionic_mesoderm	3.63	-0.37	0	0	4.7	0	0	2.6	3.3	3	0	3	2.6	0	0	0	0	0	0	2.6	0	0	0
E7.25	E725_Mixed_mesoderm	Mixed_mesoderm	2.01	3.32	0	0	2.9	0	0	0	3.8	2.2	0	4.1	2.2	2.2	2.2	0	3.3	0	0	0	3.8	2.2	2.2
E7.25	E725_Mixed_mesoderm	Mixed_mesoderm	-1.33	-1.92	0	0	3.2	0	0	0	2.5	0	0	3.4	1.9	2.9	0	0	2.9	1.9	0	1.9	0	1.9	0
E7.25	E725_Mixed_mesoderm	Mixed_mesoderm	3.53	-4.35	0	0	2.9	0	0	0	0	0	0	0	0	4.4	0	2.3	3.3	2.9	3.8	2.3	2.3	0	0
E7.25	E725_Mixed_mesoderm	Mixed_mesoderm	-1.48	-2.34	0	0	2	0	0	2	3	2	0	3.3	0	2.6	0	0	3.7	2.6	2	0	0	2	0
E7.25	E725_Amniochorionic_mesoderm	Amniochorionic_mesoderm	2.76	2.96	0	0	4.2	0	0	2.7	3.4	0	0	2.1	0	0	0	0	3.4	2.7	0	0	2.1	2.1	0
E7.25	E725_Mixed_mesoderm	Mixed_mesoderm	2.97	2.78	0	0	3.5	0	2.6	0	2.6	2.6	0	3	0	2	0	0	3	3	0	2	2	0	0
E7.25	E725_Mixed_mesoderm	Mixed_mesoderm	-1.53	-4.84	0	0	2	0	0	2	2	0	0	0	2	4.2	3.5	4.2	3.9	3.6	0	3	4.6	2	2
E7.25	E725_Mixed_mesoderm	Mixed_mesoderm	-3.64	3.47	0	1.9	1.9	0	0	0	0	0	0	0	0	2.9	1.9	0	1.9	2.9	0	0	4.5	0	0
E7.25	E725_Amniochorionic_mesoderm	Amniochorionic_mesoderm	2.24	0.24	0	0	4.1	0	0	2.5	3.4	3.4	0	3.7	1.9	0	1.9	0	2.9	2.5	0	0	0	0	0
E7.25	E725_Mixed_mesoderm	Mixed_mesoderm	-2.2	-1.43	0	0	2.2	0	2.2	0	0	0	0	4.3	0	3.3	2.9	3.5	2.2	0	0	0	2.2	0	2.2
E7.25	E725_Amniochorionic_mesoderm	Amniochorionic_mesoderm	2.98	0.65	0	2.2	4.5	0	0	0	3.7	2.2	0	2.2	2.2	0	0	0	2.8	2.8	0	2.2	0	0	0
E7.25	E725_Mixed_mesoderm	Mixed_mesoderm	0.54	1.34	0	0	3.4	0	1.9	1.9	2.5	0	0	1.9	0	3.8	1.9	1.9	2.5	1.9	1.9	2.5	1.9	0	1.9
E7.25	E725_Mixed_mesoderm	Mixed_mesoderm	-0.86	-2.03	0	0	2.9	0	0	0	0	2.2	0	3.5	0	0	0	2.2	3.5	2.2	0	0	2.2	0	0
E7.25	E725_Mixed_mesoderm	Mixed_mesoderm	1.7	2.96	0	2.6	3	0	0	0	3	2	0	3.2	0	2.6	0	0	2.6	0	0	0	0	0	0
E7.25	E725_Mixed_mesoderm	Mixed_mesoderm	2.71	-4.9	0	0	0	0	0	0	0	0	0	0	0	4.3	0	2.3	4.1	5.2	4.3	0	0	2.3	3.3
E7.25	E725_Mixed_mesoderm	Mixed_mesoderm	2.17	3.58	0	0	3.5	0	2.2	2.8	2.2	0	2.2	3.5	2.8	2.2	2.8	2.2	3.2	3.5	0	2.2	3.2	3.2	0
E7.25	E725_Mixed_mesoderm	Mixed_mesoderm	-2.75	2.23	0	0	2	0	2	0	0	0	0	0	2.7	3.5	3.3	0	2.7	3.5	2.7	2	4	0	2
E7.25	E725_Mixed_mesoderm	Mixed_mesoderm	-1.4	-1.2	0	0	3.7	0	2	0	2	3.1	0	3.5	0	4.3	2	0	3.1	0	2	0	0	0	0
E7.25	E725_Mixed_mesoderm	Mixed_mesoderm	-4.29	0.38	2.4	0	3.1	0	1.8	0	1.8	0	0	1.8	0	0	1.8	0	3.1	0	2.4	2.4	4	1.8	0
E7.25	E725_Mixed_mesoderm	Mixed_mesoderm	-2.07	0.76	0	0	2.8	0	0	2.1	3.1	2.1	0	4.4	2.8	4.5	2.1	0	0	2.1	0	2.1	2.1	0	2.8
E7.25	E725_Mixed_mesoderm	Mixed_mesoderm	-0.75	4.54	0	1.7	0	0	0	0	0	1.7	0	0	1.7	3.6	2.3	1.7	1.7	0	2.3	0	3.6	0	1.7
E7.25	E725_Mixed_mesoderm	Mixed_mesoderm	0.82	-3	0	0	3.1	0	0	0	0	2.2	0	3.7	0	3.7	0	0	3.8	3.9	2.2	2.2	1.7	1.7	1.7
E7.25	E725_Amniochorionic_mesoderm	Amniochorionic_mesoderm	0.69	-1	0	0	4.7	0	0	2.6	1.9	0	0	2.6	1.9	0	1.9	0	1.9	3.2	0	1.9	0	0	0
E7.25	E725_Mixed_mesoderm	Mixed_mesoderm	2.05	2.55	0	0	4	0	2.9	2.9	0	0	0	2.9	0	2.9	0	0	0	2.9	0	0	2.9	0	0
E7.25	E725_Mixed_mesoderm	Mixed_mesoderm	-0.96	3.66	0	0	0	0	0	0	2.6	0	0	0	0	4.4	2.6	0	4	4.4	0	0	4.2	0	0
E7.25	E725_Mixed_mesoderm	Mixed_mesoderm	2.36	-2.67	0	1.7	3.5	0	0	2.3	0	2.7	1.7	2.9	0	4.6	0	0	3.3	3.6	3.2	1.7	0	2.3	1.7
E7.25	E725_Mixed_mesoderm	Mixed_mesoderm	-1.89	-2.97	0	0	3.2	0	0	0	2	0	0	0	0	3.4	0	0	4	3.6	2	2	0	0	0
E7.25	E725_Mixed_mesoderm	Mixed_mesoderm	-3.95	2.46	0	1.9	3.2	0	0	0	0	0	0	1.9	0	2.6	3.2	2.6	1.9	1.9	0	0	5.1	0	2.6
E7.25	E725_Mixed_mesoderm	Mixed_mesoderm	-2.57	-1.19	0	0	3.4	0	2.5	0	2.9	0	0	0	1.9	3.2	2.5	0	3.2	3.4	0	1.9	2.5	1.9	0
E7.25	E725_Mixed_mesoderm	Mixed_mesoderm	-3.09	1.57	0	2	3	0	0	0	2	0	0	2.6	2	3.3	2.6	0	3.5	2	0	2.6	4.7	2	2
E7.25	E725_Mixed_mesoderm	Mixed_mesoderm	-2.78	1.5	0	2.3	2.9	0	2.3	0	0	1.7	0	2.3	1.7	4.6	3.1	2.7	1.7	3.8	0	1.7	5.2	0	3.1
E7.25	E725_Amniochorionic_mesoderm	Amniochorionic_mesoderm	2.65	3.19	0	0	3.6	0	0	2.3	2.3	0	0	3.6	0	0	3	2.3	2.3	0	0	0	3.6	0	0
E7.25	E725_Mixed_mesoderm	Mixed_mesoderm	-0.36	-1.62	0	0	2.7	2.1	0	0	0	0	0	3.1	2.1	0	2.1	0	3.1	3.1	0	2.1	2.1	0	0
E7.25	E725_Mixed_mesoderm	Mixed_mesoderm	-1.61	-1.46	0	0	4.1	0	0	2.1	2.1	3.2	0	2.1	0	0	2.1	0	2.8	3.4	0	0	0	0	2.1
E7.25	E725_Mixed_mesoderm	Mixed_mesoderm	3.47	-3.67	0	2.3	0	0	0	0	0	0	0	0	0	4	2.3	2.3	3	3	3.6	0	0	0	0
E7.25	E725_Amniochorionic_mesoderm	Amniochorionic_mesoderm	2.28	0.25	0	2	4.6	0	2.7	0	2.7	2.7	0	4.1	0	0	0	0	0	2.7	0	0	0	0	0
E7.25	E725_Mixed_mesoderm	Mixed_mesoderm	-2.43	1.38	0	3.1	0	0	0	0	3.1	0	0	3.1	0	3.5	0	0	3.1	3.1	0	0	0	0	2.5
E7.25	E725_Mixed_mesoderm	Mixed_mesoderm	-1.54	-4.46	0	2	3	0	0	2	0	2	0	0	0	5.2	0	3.3	4.7	2.7	4.2	2.7	4.4	3	3
E7.25	E725_Amniochorionic_mesoderm	Amniochorionic_mesoderm	2.96	2.61	0	0	4.1	1.8	0	0	0	2.8	0	3.6	0	2.4	0	0	4	0	1.8	1.8	1.8	0	0
E7.25	E725_Mixed_mesoderm	Mixed_mesoderm	-1.56	2.67	0	2	2	0	0	0	0	0	0	3	0	4	2	0	3	2	2	2	3	0	0
E7.25	E725_Mixed_mesoderm	Mixed_mesoderm	3.59	-3.32	0	2.1	2.1	0	0	0	0	0	0	3.4	0	3.4	2.1	0	3.1	4	3.1	3.4	2.1	0	0
E7.25	E725_Mixed_mesoderm	Mixed_mesoderm	0.16	-1.7	0	0	3.9	0	0	0	3	3.4	0	3.7	0	3.4	2.3	2.3	3.4	3.9	0	0	0	0	0
E7.25	E725_Mixed_mesoderm	Mixed_mesoderm	-1.8	-2.1	0	2	2	0	0	0	0	2	0	3.7	0	4	0	2	3	3.8	0	0	0	0	2
E7.25	E725_Mixed_mesoderm	Mixed_mesoderm	-2.28	0.23	0	0	3.7	0	0	0	2.2	0	0	3.2	0	2.8	3.2	0	2.8	0	0	2.2	3.2	0	0
E7.25	E725_Amniochorionic_mesoderm	Amniochorionic_mesoderm	3.65	0.73	0	2.9	4.7	0	0	0	4	0	0	3.8	2.9	0	0	0	0	0	0	0	0	0	0
E7.25	E725_Mixed_mesoderm	Mixed_mesoderm	2.44	-1.34	2.4	2.4	4	0	0	0	2.4	0	0	3.1	0	2.4	0	0	3.5	0	0	0	0	0	0
E7.25	E725_Mixed_mesoderm	Mixed_mesoderm	-1.06	3.5	0	0	2.4	0	0	0	0	0	0	0	0	4.2	0	0	3.6	2.4	3.6	2.8	1.8	0	1.8
E7.25	E725_Mixed_mesoderm	Mixed_mesoderm	-0.6	-2.53	0	0	3.3	0	0	0	2	2	0	2.7	2	4.5	0	0	3.5	3.5	3.3	0	0	2	2
E7.25	E725_Mixed_mesoderm	Mixed_mesoderm	-1.04	-3.98	0	0	0	0	0	0	0	2.2	0	2.2	0	5	2.2	2.2	4.1	4.2	0	2.8	3.2	0	2.2
E7.25	E725_Amniochorionic_mesoderm	Amniochorionic_mesoderm	3.23	0.37	2.6	0	4	0	1.9	2.6	3.9	3.2	1.9	3.4	2.6	0	0	0	3.2	2.9	0	0	1.9	0	1.9
E7.25	E725_Mixed_mesoderm	Mixed_mesoderm	0.24	3.26	0	0	0	0	0	0	2.5	2.5	0	3.1	0	3.1	0	0	2.5	2.5	0	0	4	0	0
E7.25	E725_Mixed_mesoderm	Mixed_mesoderm	-2.26	-2.69	0	0	3.3	0	0	0	2.3	0	0	3.3	0	2.9	0	2.3	3.3	3.6	2.9	2.9	0	2.9	0
E7.25	E725_Amniochorionic_mesoderm	Amniochorionic_mesoderm	4	1.45	0	0	4.2	0	0	0	2.7	2.7	0	4	2.1	0	0	0	3.1	3.1	0	0	2.1	0	2.1
E7.25	E725_Mixed_mesoderm	Mixed_mesoderm	0.09	1.67	0	0	0	0	0	2.8	3.4	3.4	0	3.4	0	3.4	3.4	2.8	4.1	3.4	2.8	0	0	2.8	0
E7.25	E725_Mixed_mesoderm	Mixed_mesoderm	-3.44	1.09	0	0	2.9	0	2.6	1.9	0	1.9	0	0	1.9	4.4	1.9	0	1.9	3.4	1.9	2.9	4.9	1.9	2.6
E7.25	E725_Amniochorionic_mesoderm	Amniochorionic_mesoderm	4.18	0.18	0	0	3.9	2.6	0	3.2	2.6	0	3.2	3.6	0	0	2.6	0	2.6	2.6	0	0	2.6	0	0
E7.25	E725_Amniochorionic_mesoderm	Amniochorionic_mesoderm	2.3	1.9	0	0	3.8	0	1.8	2.4	2.4	2.8	0	3.7	0	2.8	1.8	0	0	0	0	0	1.8	0	0
E7.25	E725_Mixed_mesoderm	Mixed_mesoderm	-4.19	0.57	0	1.9	1.9	0	1.9	2.5	2.9	0	0	0	1.9	3.2	3.4	3.9	3.6	0	1.9	2.5	3.9	2.5	1.9
E7.25	E725_Mixed_mesoderm	Mixed_mesoderm	-3.61	3.86	0	2.3	3.1	0	0	0	0	1.7	0	0	1.7	2.9	2.6	3.1	3.6	1.7	0	1.7	4.7	0	1.7
E7.25	E725_Mixed_mesoderm	Mixed_mesoderm	-1.9	-0.85	1.5	2.1	4.5	0	0	1.5	2.9	0	1.5	3.3	1.5	0	1.5	2.1	3.3	2.7	3.2	1.5	4.9	0	0
E7.25	E725_Mixed_mesoderm	Mixed_mesoderm	-2.12	1.24	0	0	2.1	0	0	2.1	0	0	0	2.8	0	2.1	3.1	2.1	2.1	4.1	0	0	3.8	0	3.1
E7.25	E725_Mixed_mesoderm	Mixed_mesoderm	-0.76	1.26	0	0	3.5	0	0	0	3.9	2.2	0	3.2	2.2	2.8	2.2	0	2.2	0	0	2.8	0	2.8	0
E7.25	E725_Mixed_mesoderm	Mixed_mesoderm	-1.18	0.29	0	0	0	0	0	2.1	2.7	2.7	0	3.1	0	3.8	2.1	0	3.4	2.1	0	0	2.7	0	0
E7.25	E725_Mixed_mesoderm	Mixed_mesoderm	-2.72	-2.63	0	0	2.6	0	0	0	2.6	0	0	3.9	0	4.7	2	2	2.6	4.4	2	2	0	0	0
E7.25	E725_Amniochorionic_mesoderm	Amniochorionic_mesoderm	-0.97	-0.69	0	0	4	2.2	0	2.2	3.5	2.2	0	3.5	0	0	0	0	2.8	3.2	0	0	3.2	0	2.2
E7.25	E725_Mixed_mesoderm	Mixed_mesoderm	-2.52	-0.31	0	0	4.5	0	0	0	2.8	1.8	0	3.3	0	4.3	2.8	0	3.1	3.3	0	1.8	0	0	0
E7.25	E725_Mixed_mesoderm	Mixed_mesoderm	-0.82	2.72	0	2.2	3.2	0	0	0	0	2.2	0	2.2	0	4.6	2.2	2.2	2.9	2.2	3.2	0	4.8	0	2.9
E7.25	E725_Mixed_mesoderm	Mixed_mesoderm	-3.42	-0.93	0	1.7	2.3	0	1.7	0	3.8	0	0	3.2	0	4.9	3.2	2.7	2.7	3.5	0	1.7	2.7	0	0
E7.25	E725_Amniochorionic_mesoderm	Amniochorionic_mesoderm	2.46	1.18	0	0	4.4	0	2	2.7	0	3.5	0	3.7	0	0	0	0	3.1	0	0	0	2	2	0
E7.25	E725_Mixed_mesoderm	Mixed_mesoderm	-3.17	-0.19	0	1.6	3.6	0	2.6	2.6	1.6	0	0	3.1	0	3.9	2.2	0	3.1	3.1	0	2.6	1.6	0	2.6
E7.25	E725_Mixed_mesoderm	Mixed_mesoderm	-0.44	4.24	0	0	0	0	3	0	0	0	0	0	2.4	3	3.7	2.4	3	4.1	2.4	2.4	5.7	0	3.4
E7.25	E725_Mixed_mesoderm	Mixed_mesoderm	-2.14	-3.82	0	2.1	2.7	0	0	0	0	0	0	2.7	0	4.3	2.1	0	3.6	4.2	2.1	0	2.1	2.1	2.1
E7.25	E725_Mixed_mesoderm	Mixed_mesoderm	3.01	-3.62	0	0	2.8	0	0	0	2.2	2.2	0	2.2	0	4.6	0	2.2	3.9	3.7	3.9	2.2	0	0	0
E7.25	E725_Mixed_mesoderm	Mixed_mesoderm	2.21	-2.4	0	0	3.8	0	0	0	0	0	0	2.3	0	4	0	0	2.3	3.8	2.3	0	0	2.9	0
E7.25	E725_Mixed_mesoderm	Mixed_mesoderm	1.45	3.5	0	0	2.4	0	2.4	0	3.7	2.4	0	3.9	3	2.4	3.4	2.4	3.9	0	0	3	2.4	0	0
E7.25	E725_Mixed_mesoderm	Mixed_mesoderm	-1.58	-3.5	0	0	0	0	0	0	0	0	0	3.6	0	4.4	2.5	2.5	2.5	4.1	3.2	0	0	0	2.5
E7.25	E725_Mixed_mesoderm	Mixed_mesoderm	-2.94	3.63	1.9	2.5	1.9	0	0	1.9	3.1	0	0	0	1.9	1.9	2.5	2.5	1.9	2.9	0	1.9	5.5	2.5	2.9
E7.25	E725_Mixed_mesoderm	Mixed_mesoderm	-2.86	0.3	0	0	3.7	0	0	1.8	3.3	0	0	3.6	0	4	0	0	2.8	1.8	0	1.8	2.4	1.8	1.8
E7.25	E725_Mixed_mesoderm	Mixed_mesoderm	-1.33	-1.93	0	0	3.2	0	0	0	2.8	0	0	2.8	0	4.3	2.8	0	3.9	2.8	2.8	2.8	3.2	0	2.2
E7.25	E725_Mixed_mesoderm	Mixed_mesoderm	4.33	-0.76	0	0	3.7	0	0	1.9	2.5	0	0	3.8	0	3.4	1.9	2.5	3.7	4.4	3.4	1.9	3.4	0	2.5
E7.25	E725_Amniochorionic_mesoderm	Amniochorionic_mesoderm	1.73	-0.06	1.8	0	4.8	0	2.4	1.8	1.8	2.8	0	3.3	1.8	1.8	0	0	1.8	2.4	0	0	0	0	0
E7.25	E725_Mixed_mesoderm	Mixed_mesoderm	-3.78	2.05	0	0	3.5	0	1.8	0	1.8	0	0	0	2.4	0	1.8	0	1.8	2.4	0	0	4.3	0	2.4
E7.25	E725_Amniochorionic_mesoderm	Amniochorionic_mesoderm	1.91	0.23	0	0	4	0	2	0	2	3.5	0	3	0	0	0	2	2	3.3	0	0	2.7	2	0
E7.25	E725_Mixed_mesoderm	Mixed_mesoderm	3.43	-4.59	0	0	0	0	0	0	0	0	0	2.2	0	3.9	0	0	3.9	4.6	2.8	0	0	2.2	0
E7.25	E725_Mixed_mesoderm	Mixed_mesoderm	-3.07	-1.39	0	1.9	2.5	0	0	0	2.9	0	0	3.6	1.9	4.5	3.6	1.9	2.5	2.5	0	0	4.5	0	1.9
E7.25	E725_Mixed_mesoderm	Mixed_mesoderm	2.97	-2.8	0	0	3.8	1.8	0	0	0	0	0	3.4	0	3.8	0	0	3.1	4.4	0	1.8	0	0	2.4
E7.25	E725_Mixed_mesoderm	Mixed_mesoderm	-2.69	-1.34	1.8	0	3.3	0	0	0	2.4	1.8	0	3.4	1.8	2.8	2.4	0	3.7	2.8	0	0	2.8	0	0
E7.25	E725_Mixed_mesoderm	Mixed_mesoderm	-3.7	-0.65	0	0	3.2	0	1.6	1.6	2.2	0	0	2.6	0	3.4	3.4	2.6	2.2	0	2.2	1.6	5.5	0	2.2
E7.25	E725_Mixed_mesoderm	Mixed_mesoderm	-1.08	0.72	0	0	2.3	0	2.3	0	0	0	0	3.6	2.3	4.7	0	2.9	0	0	2.3	0	2.3	0	2.3
E7.25	E725_Amniochorionic_mesoderm	Amniochorionic_mesoderm	3.03	-0.76	0	0	4.4	0	0	3.1	0	3.8	0	3.6	2.7	2.1	0	0	3.8	2.7	0	0	2.1	0	0
E7.25	E725_Mixed_mesoderm	Mixed_mesoderm	0.12	-3.31	0	0	0	0	0	0	0	3.7	0	0	0	2.4	0	3.4	4.4	3.9	3	2.4	2.4	0	3.4
E7.25	E725_Mixed_mesoderm	Mixed_mesoderm	-1.14	-1.37	0	0	2.6	0	0	2.6	0	0	0	3	2	2	0	0	2	0	0	0	0	0	0
E7.25	E725_Mixed_mesoderm	Mixed_mesoderm	-1.41	-2.85	0	0	3	0	0	0	2.6	2	0	4	0	5.4	2.6	2.6	3.6	2	2	3	2	2.6	2.6
E7.25	E725_Mixed_mesoderm	Mixed_mesoderm	-2.84	-3.3	0	0	1.8	0	1.8	0	1.8	0	0	2.8	0	3.6	3.5	2.8	2.8	1.8	2.4	0	1.8	0	0
E7.25	E725_Mixed_mesoderm	Mixed_mesoderm	0.09	-3.49	0	0	2.2	0	0	0	2.2	2.8	0	2.2	0	4	0	0	3.5	3.9	3.9	0	0	2.2	0
E7.25	E725_Mixed_mesoderm	Mixed_mesoderm	3.56	-3.85	0	0	0	0	0	0	0	0	0	3	0	4.5	0	2.3	3.6	4.6	3.3	3	2.3	2.3	2.3
E7.25	E725_Mixed_mesoderm	Mixed_mesoderm	-4.44	0.98	0	0	1.9	0	1.9	0	0	0	0	2.6	0	4.4	0	0	2.6	1.9	1.9	0	1.9	2.6	0
E7.25	E725_Amniochorionic_mesoderm	Amniochorionic_mesoderm	2.42	-0.35	0	0	4	0	1.9	2.9	2.5	0	0	2.9	1.9	0	0	0	2.5	0	2.5	1.9	0	0	1.9
E7.25	E725_Mixed_mesoderm	Mixed_mesoderm	-3.99	1.77	0	0	1.9	0	0	0	1.9	0	0	2.5	0	3.4	1.9	3.4	2.5	3.4	0	1.9	4.6	0	2.5
E7.25	E725_Mixed_mesoderm	Mixed_mesoderm	-2.14	3.79	0	2	2	0	0	0	0	0	0	2	2	3.1	3.1	2.7	2	3.3	0	3.1	4.6	2	0
E7.25	E725_Mixed_mesoderm	Mixed_mesoderm	-2.15	2.69	0	2.3	3	0	2.3	0	0	0	0	3	0	3	2.3	0	3	0	2.3	0	5.2	0	0
E7.25	E725_Mixed_mesoderm	Mixed_mesoderm	-2.08	0.28	0	0	3.6	0	0	2.1	3.4	0	0	3.4	2.1	4.5	2.7	0	2.1	2.7	0	0	3.1	0	2.1
E7.25	E725_Amniochorionic_mesoderm	Amniochorionic_mesoderm	1.9	0.03	0	0	4.5	0	2.2	0	0	2.2	0	3.5	2.2	0	0	2.8	0	2.8	0	0	4.3	0	0
E7.25	E725_Mixed_mesoderm	Mixed_mesoderm	-1.8	-2.12	0	0	4.4	0	0	0	0	0	0	4.1	0	4.3	0	0	2.1	2.8	2.1	0	2.1	0	0
E7.25	E725_Amniochorionic_mesoderm	Amniochorionic_mesoderm	2.93	1.72	0	0	4	0	2.1	2.8	3.4	2.1	2.1	4.5	0	0	0	0	0	0	0	0	0	0	0
E7.25	E725_Mixed_mesoderm	Mixed_mesoderm	-1.76	1.31	0	0	0	0	0	2.3	0	0	0	2.9	0	2.9	3.6	0	2.3	0	0	2.3	3.3	0	0
E7.25	E725_Mixed_mesoderm	Mixed_mesoderm	-1.95	3.07	0	0	2	0	0	0	2	0	0	3	0	5.5	0	2.6	4.4	2.6	2.6	2.6	0	2	3
E7.25	E725_Mixed_mesoderm	Mixed_mesoderm	-0.83	1.24	0	0	0	0	0	0	2.7	0	0	2.7	0	2.7	3.7	3.3	2.7	0	0	2.7	3.3	0	0
E7.25	E725_Mixed_mesoderm	Mixed_mesoderm	0.56	-1.13	0	2.8	4.6	0	0	1.8	2.4	2.4	0	2.4	0	1.8	1.8	0	3	3	0	0	1.8	0	0
E7.25	E725_Amniochorionic_mesoderm	Amniochorionic_mesoderm	3.42	1.25	0	1.9	3.5	1.9	1.9	3.5	4	3.8	0	3.8	2.5	0	0	0	0	1.9	0	0	1.9	0	1.9
E7.25	E725_Mixed_mesoderm	Mixed_mesoderm	-1.08	2.51	0	0	2.3	0	0	0	2.9	2.3	0	2.3	0	3.3	3.6	2.3	2.3	0	0	2.9	0	2.3	0
E7.25	E725_Mixed_mesoderm	Mixed_mesoderm	3.74	1.02	0	0	4.1	2.4	0	0	3	0	0	3	2.4	0	3	2.4	2.4	2.4	0	3	0	0	0
E7.25	E725_Amniochorionic_mesoderm	Amniochorionic_mesoderm	1.6	-0.49	0	0	4.1	0	2	2	2.6	2	0	3	0	0	0	0	0	0	2	0	0	0	0
E7.25	E725_Mixed_mesoderm	Mixed_mesoderm	1.68	2.28	0	0	4.1	0	0	0	2.4	0	0	3.7	0	0	2.4	0	3	0	0	2.4	3	0	2.4
E7.25	E725_Amniochorionic_mesoderm	Amniochorionic_mesoderm	3.65	1.31	0	0	4	0	0	2.2	3.2	2.2	0	2.8	2.2	2.2	0	0	2.8	2.8	0	0	0	0	0
E7.25	E725_Mixed_mesoderm	Mixed_mesoderm	-0.96	-1.26	0	0	3.6	0	2.3	2.9	1.7	2.3	0	3.7	1.7	1.7	1.7	0	3.4	2.3	0	0	1.7	0	1.7
E7.25	E725_Mixed_mesoderm	Mixed_mesoderm	-1.33	-4.12	0	0	3.6	2	0	0	3	2	0	3.2	2	5	0	2	3.6	3.6	2	0	2.6	0	0
E7.25	E725_Mixed_mesoderm	Mixed_mesoderm	-2.99	-2.21	0	0	2.9	0	0	0	2.9	0	0	2.5	0	2.9	2.5	0	2.5	2.5	1.9	0	3.5	1.9	1.9
E7.25	E725_Mixed_mesoderm	Mixed_mesoderm	-1.37	-3.45	0	0	0	0	2	0	0	3	0	2.6	0	4.6	0	2.6	3.8	4	2	2	0	3.3	2
E7.25	E725_Mixed_mesoderm	Mixed_mesoderm	-4.44	0.2	0	0	4.1	0	1.6	0	0	0	0	2.2	0	0	3	3.9	3.5	3	0	1.6	4.7	2.6	0
E7.25	E725_Mixed_mesoderm	Mixed_mesoderm	2.44	2.52	0	0	2.3	0	0	0	2.9	2.9	0	4	0	0	0	0	2.3	3.6	0	2.3	0	0	0
E7.25	E725_Amniochorionic_mesoderm	Amniochorionic_mesoderm	3.2	2.91	0	2	4	0	0	2.6	2.6	2.6	0	3.3	2.6	0	0	0	3.3	3	2	0	2.6	0	0
E7.25	E725_Mixed_mesoderm	Mixed_mesoderm	1.98	-3.47	0	0	2.4	0	0	0	2.4	3	0	3	0	4.5	0	0	0	3.9	2.4	2.4	2.4	2.4	0
E7.25	E725_Mixed_mesoderm	Mixed_mesoderm	2.3	2.22	0	0	3.6	0	0	3.6	2.9	2.9	0	4	2.9	2.9	0	0	0	0	0	0	0	0	0
E7.25	E725_Amniochorionic_mesoderm	Amniochorionic_mesoderm	4.18	0.22	0	0	3.9	2.3	0	2.3	3.4	2.3	2.3	4.6	0	0	0	0	2.3	3.7	0	2.3	0	0	0
E7.25	E725_Mixed_mesoderm	Mixed_mesoderm	-1.43	4.59	0	1.9	0	0	0	0	0	0	0	1.9	0	4.1	0	4.4	3.9	3.1	2.9	0	4.8	2.9	1.9
E7.25	E725_Mixed_mesoderm	Mixed_mesoderm	-4.32	1.64	0	0	0	0	0	0	2.4	0	0	0	0	3.7	2.4	0	3	0	3	0	4.1	0	2.4
E7.25	E725_Amniochorionic_mesoderm	Amniochorionic_mesoderm	0.66	-0.24	0	0	4.2	0	2	2	2.6	2	0	3	0	0	0	2	2	0	0	0	0	0	0
E7.25	E725_Mixed_mesoderm	Mixed_mesoderm	1.43	-2.39	0	0	2.8	0	2.2	2.2	2.2	0	0	3.2	2.2	4.4	0	2.2	3.7	2.2	2.2	0	0	0	0
E7.25	E725_Amniochorionic_mesoderm	Amniochorionic_mesoderm	2.78	-0.16	0	0	4.6	0	0	3.1	3.1	3.9	0	4	2.7	0	0	0	2.7	0	0	2.1	0	0	2.7
E7.25	E725_Amniochorionic_mesoderm	Amniochorionic_mesoderm	2.87	0.96	0	2.2	4.3	0	0	0	3.7	2.2	0	2.8	2.2	2.2	0	0	3.2	2.8	0	0	2.2	0	0
E7.25	E725_Amniochorionic_mesoderm	Amniochorionic_mesoderm	1.94	1.15	0	0	4.6	0	0	3.3	2.6	2.6	0	2	0	0	0	0	2	3.5	0	0	2	0	0
E7.25	E725_Mixed_mesoderm	Mixed_mesoderm	1.95	-3.68	0	0	2.3	0	0	0	3	2.3	0	3.3	0	4.9	0	2.3	4.4	4.3	3.6	3	0	2.3	0
E7.25	E725_Amniochorionic_mesoderm	Amniochorionic_mesoderm	2.39	2.77	0	0	3.5	0	0	0	3.9	2	0	3.9	0	2	0	0	2.7	3.5	2	0	2	0	0
E7.25	E725_Mixed_mesoderm	Mixed_mesoderm	2.98	-1.48	0	0	4.2	0	0	3.2	0	2.2	2.8	4.1	2.2	2.2	0	0	2.2	2.2	0	2.2	0	0	2.2
E7.25	E725_Mixed_mesoderm	Mixed_mesoderm	-1.84	-1.62	0	0	2.1	0	0	0	2.1	2.1	0	3.4	0	4.4	0	0	3.7	2.1	2.1	2.7	0	2.1	2.1
E7.25	E725_Mixed_mesoderm	Mixed_mesoderm	-3.17	-0.34	0	0	3.1	0	0	0	1.9	3.1	0	3.5	0	0	0	0	3.1	2.9	0	3.1	0	0	0
E7.25	E725_Mixed_mesoderm	Mixed_mesoderm	-4.37	2.21	0	0	2.5	0	0	1.9	0	0	0	2.5	0	0	0	3.2	2.9	1.9	1.9	0	5.1	0	0
E7.25	E725_Mixed_mesoderm	Mixed_mesoderm	-0.18	-1.95	0	0	3.2	0	0	0	2.8	3.4	0	2.8	0	3.4	0	0	3.2	3.4	0	0	0	3.6	0
E7.25	E725_Mixed_mesoderm	Mixed_mesoderm	2.07	-2.9	0	0	2.8	0	0	0	0	0	0	3.4	2.1	3.6	0	0	3.6	4.4	2.8	0	0	2.8	2.8
E7.25	E725_Amniochorionic_mesoderm	Amniochorionic_mesoderm	-0.31	-0.92	0	0	4	0	1.8	1.8	3	1.8	0	1.8	1.8	1.8	0	0	2.4	0	0	0	0	0	1.8
E7.25	E725_Mixed_mesoderm	Mixed_mesoderm	-1.22	1.43	0	0	1.6	0	0	0	1.6	1.6	0	3.1	0	3.6	2.2	1.6	2.8	3.4	0	1.6	4	0	2.8
E7.25	E725_Mixed_mesoderm	Mixed_mesoderm	-0.95	4.93	0	0	2.2	2.2	2.8	2.2	2.2	0	0	2.8	0	0	2.8	2.8	3.5	4.3	0	0	5.4	2.2	0
E7.25	E725_Mixed_mesoderm	Mixed_mesoderm	3.06	-4.78	0	0	0	0	0	0	0	0	0	0	2.4	4.8	0	0	4.1	3.7	3.4	2.4	2.4	0	3.9
E7.25	E725_Mixed_mesoderm	Mixed_mesoderm	2.27	2.17	0	0	3.7	0	2.7	0	2.7	0	0	4	2.7	0	0	0	2.7	2.7	0	0	0	0	3.3
E7.25	E725_Mixed_mesoderm	Mixed_mesoderm	-1.54	1.39	0	0	3.1	0	0	0	2.1	0	0	4.1	0	3.8	0	0	2.7	2.1	0	2.7	2.1	0	0
E7.25	E725_Mixed_mesoderm	Mixed_mesoderm	-3.06	-0.02	0	0	3.8	0	0	0	2.6	2	0	3	0	3	0	2	3	3.7	0	0	2.6	0	0
E7.25	E725_Mixed_mesoderm	Mixed_mesoderm	-2.48	-3.23	0	0	3.6	0	0	0	1.8	0	0	1.8	0	4	0	3.8	3.5	2.8	1.8	1.8	5.3	1.8	0
E7.25	E725_Mixed_mesoderm	Mixed_mesoderm	0.18	-2.9	0	0	2.8	0	0	0	0	0	0	3.5	0	4.6	2.8	2.8	3.9	2.8	0	2.8	0	2.8	0
E7.25	E725_Mixed_mesoderm	Mixed_mesoderm	4.07	-1.41	0	2.1	2.7	3.1	0	2.1	2.1	0	0	2.7	0	3.6	0	0	3.6	2.1	2.7	0	2.1	2.7	0
E7.25	E725_Mixed_mesoderm	Mixed_mesoderm	-2.8	-2.49	0	0	3.2	0	1.8	0	0	1.8	0	2.4	0	3.6	2.4	1.8	3	2.4	0	0	0	0	0
E7.25	E725_Mixed_mesoderm	Mixed_mesoderm	-1.49	-1.54	0	0	3.7	0	0	0	2.7	2.7	0	3.8	0	4.1	0	0	3.4	1.7	1.7	2.3	2.7	0	0
E7.25	E725_Amniochorionic_mesoderm	Amniochorionic_mesoderm	2.05	-0.53	0	0	4.8	0	0	2.9	2.9	2.2	0	3.8	2.2	0	0	0	2.2	2.9	0	2.2	2.2	0	0
E7.25	E725_Mixed_mesoderm	Mixed_mesoderm	-4.58	0.88	0	0	2.3	0	0	2.3	0	2.3	0	0	0	4.7	2.3	4.7	3.6	3	2.3	2.3	4.9	3	0
E7.25	E725_Mixed_mesoderm	Mixed_mesoderm	-3.53	-1.41	0	0	4	0	0	1.8	0	2.4	0	2.4	1.8	4.4	3.2	2.7	3	2.4	0	1.8	2.7	1.8	1.8
E7.25	E725_Mixed_mesoderm	Mixed_mesoderm	-2.25	3.78	2.1	2.1	2.1	0	0	2.1	0	0	0	0	0	4	0	0	3.1	2.7	3.1	0	3.9	0	0
E7.25	E725_Mixed_mesoderm	Mixed_mesoderm	1.13	2.84	0	0	3.6	0	0	0	2.3	2.3	2.3	3.6	0	0	2.3	2.3	2.9	4	0	0	3.6	0	2.9
E7.25	E725_Mixed_mesoderm	Mixed_mesoderm	1.19	-4.77	0	0	0	0	0	0	0	2.5	0	2.5	0	4.8	0	0	4	3.1	2.5	3.1	0	3.1	2.5
E7.25	E725_Mixed_mesoderm	Mixed_mesoderm	-2.97	-0.31	0	0	2.1	0	0	0	2.7	0	0	2.7	2.1	0	3.7	2.1	3.1	3.1	2.1	2.1	3.9	0	0
E7.25	E725_Mixed_mesoderm	Mixed_mesoderm	-0.43	0.96	0	0	2.7	0	0	0	2.7	0	0	2.7	2.7	0	2.7	3.4	2.7	2.7	0	2.7	0	0	0
E7.25	E725_Mixed_mesoderm	Mixed_mesoderm	-0.48	3.61	0	0	3.3	0	2.3	0	0	2.3	0	3.3	0	3.6	2.9	2.9	3.3	0	0	2.3	4	0	0
E7.25	E725_Mixed_mesoderm	Mixed_mesoderm	-3.11	1.82	0	0	2.5	0	0	1.9	2.5	0	0	3.1	1.9	3.1	3.3	0	3.3	3.3	0	0	4.8	0	1.9
E7.25	E725_Amniochorionic_mesoderm	Amniochorionic_mesoderm	3.49	0.44	0	2.2	4.1	0	0	2.2	2.2	2.2	2.9	4.1	2.2	0	0	0	0	0	0	0	2.9	0	0
E7.25	E725_Mixed_mesoderm	Mixed_mesoderm	-3.92	1.15	0	0	3.2	0	1.9	2.9	2.5	0	0	0	1.9	2.9	2.5	0	3.2	0	2.9	0	4.8	0	1.9
E7.25	E725_Mixed_mesoderm	Mixed_mesoderm	-2.21	-2.6	0	0	2.5	0	1.9	0	1.9	2.5	0	3.3	1.9	5.8	2.9	3.3	3.1	2.5	2.9	1.9	0	2.9	1.9
E7.25	E725_Amniochorionic_mesoderm	Amniochorionic_mesoderm	3.36	2.02	0	0	3.8	0	2.5	1.9	2.9	1.9	0	3.6	1.9	1.9	1.9	0	2.5	1.9	0	1.9	1.9	0	1.9
E7.25	E725_Mixed_mesoderm	Mixed_mesoderm	-4.07	3	2.5	1.9	2.5	0	0	1.9	0	0	0	1.9	0	3.3	1.9	3.3	3.5	2.5	2.9	1.9	4.7	1.9	1.9
E7.25	E725_Mixed_mesoderm	Mixed_mesoderm	-2.39	-1.65	0	0	0	0	0	0	2.6	2.6	0	2	2	4.4	3	0	2.6	0	0	2.6	2	0	0
E7.25	E725_Mixed_mesoderm	Mixed_mesoderm	-2.34	1.59	0	0	2.7	0	2.1	0	0	0	0	2.1	0	3.3	3.7	0	3.1	3.7	0	2.7	5	2.1	2.1
E7.25	E725_Amniochorionic_mesoderm	Amniochorionic_mesoderm	1.56	-1	2.2	1.6	5.1	1.6	0	2.8	3.7	2.2	2.8	3	0	0	1.6	0	3.2	2.2	0	0	0	0	1.6
E7.25	E725_Mixed_mesoderm	Mixed_mesoderm	-3.76	0.73	0	2.3	4	0	0	2.3	0	1.7	0	1.7	1.7	1.7	0	0	2.3	2.7	3.3	1.7	3.2	1.7	0
E7.25	E725_Mixed_mesoderm	Mixed_mesoderm	-3.21	3.96	0	0	1.8	0	0	0	1.8	0	0	0	0	3.9	2.8	3.9	3.8	3	2.8	1.8	5.2	1.8	1.8
E7.25	E725_Mixed_mesoderm	Mixed_mesoderm	-0.63	3.01	0	0	2.7	0	0	2.7	2.1	2.1	0	2.7	0	3.4	3.4	2.7	3.4	3.1	0	0	2.1	2.7	2.1
E7.25	E725_Mixed_mesoderm	Mixed_mesoderm	-1.09	1.79	0	0	3.2	0	0	2.1	0	0	0	0	0	3.4	2.1	3.8	3.2	3.2	2.8	2.1	4	2.8	2.1
E7.25	E725_Mixed_mesoderm	Mixed_mesoderm	-2.55	4.48	0	0	2.7	0	0	2.1	0	0	0	0	0	3.6	2.7	3.9	3.4	0	3.1	2.1	5.2	0	0
E7.25	E725_Amniochorionic_mesoderm	Amniochorionic_mesoderm	1.36	2.53	0	0	3.9	0	0	2.2	3.5	2.2	0	2.2	0	0	2.2	0	0	0	2.2	0	0	0	0
E7.25	E725_Mixed_mesoderm	Mixed_mesoderm	-4.05	-0.9	0	1.5	2	1.5	1.5	1.5	3.1	2	0	2	1.5	4.8	2	3.1	3.9	3.1	2	2	3.9	2.7	2.9
E7.25	E725_Mixed_mesoderm	Mixed_mesoderm	-1.56	4.7	0	2	2.6	0	0	0	2.6	0	0	0	2.6	0	0	0	3.3	2	0	0	2	0	0
E7.25	E725_Mixed_mesoderm	Mixed_mesoderm	2.4	-3.22	0	2.2	2.8	0	0	0	2.2	0	0	2.2	0	4	0	0	3.5	4.1	3.9	0	0	0	0
E7.25	E725_Amniochorionic_mesoderm	Amniochorionic_mesoderm	0.91	-0.48	0	0	4.7	0	2.8	1.8	3.5	1.8	1.8	2.5	0	0	0	0	1.8	0	0	0	1.8	0	0
E7.25	E725_Mixed_mesoderm	Mixed_mesoderm	-3.09	2.98	0	0	3.9	0	0	0	0	0	0	0	0	0	0	2.7	3.3	3.1	2	2	4.6	2	2.7
E7.25	E725_Mixed_mesoderm	Mixed_mesoderm	-1.02	0.68	0	0	2.7	0	2.1	0	2.7	2.7	0	2.7	2.1	4.5	3.6	2.1	2.7	2.1	2.1	2.1	0	2.7	2.7
E7.25	E725_Mixed_mesoderm	Mixed_mesoderm	3.73	-4.03	0	0	0	0	0	0	0	0	0	0	0	4.9	0	0	3.8	0	4.2	0	0	0	0
E7.25	E725_Amniochorionic_mesoderm	Amniochorionic_mesoderm	2.64	0.04	1.9	0	4.2	0	0	0	0	0	0	3.9	2.9	2.5	0	0	2.5	2.9	1.9	0	0	1.9	1.9
E7.25	E725_Mixed_mesoderm	Mixed_mesoderm	-1.49	-4.61	0	0	2	0	0	0	2	2	0	2.6	0	4.2	2.6	2.6	3.9	4.9	4	0	0	2.6	2.6
E7.25	E725_Mixed_mesoderm	Mixed_mesoderm	-4.73	0.47	0	0	4	0	0	0	3.2	0	0	3.5	2	0	3	3	2.6	2.6	2	0	5.4	0	0
E7.25	E725_Mixed_mesoderm	Mixed_mesoderm	-4.33	1.33	1.9	0	3.2	0	0	0	0	0	0	0	1.9	1.9	1.9	1.9	1.9	1.9	0	0	5	1.9	0
E7.25	E725_Amniochorionic_mesoderm	Amniochorionic_mesoderm	3.17	0.05	0	0	3.9	0	2.6	0	0	0	0	3.9	3.3	0	0	0	3.3	0	0	0	0	0	0
E7.25	E725_Amniochorionic_mesoderm	Amniochorionic_mesoderm	2.53	-0.58	0	0	5	0	0	0	2.4	2.4	0	4.1	0	0	0	0	2.4	3.4	0	2.4	0	0	0
E7.25	E725_Amniochorionic_mesoderm	Amniochorionic_mesoderm	1.56	0.3	0	2.1	3.6	0	2.1	0	2.7	0	0	4.2	2.1	2.1	0	0	2.7	0	0	0	0	0	0
E7.25	E725_Mixed_mesoderm	Mixed_mesoderm	-1.71	-1.56	0	0	3.7	0	0	0	1.9	1.9	1.9	2.5	1.9	4.4	0	0	3.4	0	0	0	2.9	0	1.9
E7.25	E725_Mixed_mesoderm	Mixed_mesoderm	3.46	-3.01	0	0	3.2	0	0	0	0	0	0	0	1.9	3.7	1.9	2.5	3.7	4	2.9	0	0	1.9	0
E7.25	E725_Amniochorionic_mesoderm	Amniochorionic_mesoderm	3.9	-0.32	0	0	4.8	2.5	0	2.5	4	2.5	2.5	2.5	0	0	0	0	3.5	0	0	0	0	0	0
E7.25	E725_Mixed_mesoderm	Mixed_mesoderm	0.31	3.01	0	0	2.9	0	2.2	2.2	2.2	2.9	0	2.2	0	2.9	2.2	2.2	3.3	2.9	3.3	0	0	0	0
E7.25	E725_Mixed_mesoderm	Mixed_mesoderm	-0.42	-3.03	0	0	0	0	0	0	0	0	0	3.3	2	4.2	0	3.1	3.5	3.7	2	0	2	0	2
E7.25	E725_Mixed_mesoderm	Mixed_mesoderm	-1.59	-3.7	0	2	0	0	2	0	2	0	0	3.8	0	4.9	2	2	4	3.6	2	0	0	2	3
E7.25	E725_Mixed_mesoderm	Mixed_mesoderm	-1.9	3.53	0	0	2.7	0	0	2.7	2.1	2.1	0	0	0	2.1	3.8	2.1	3.4	3.4	0	0	4.9	0	2.7
E7.25	E725_Mixed_mesoderm	Mixed_mesoderm	-3.87	1.41	0	0	3.7	0	0	0	2.9	0	0	1.9	0	3.2	2.5	2.9	3.2	2.9	0	2.5	4.6	2.5	3.4
E7.25	E725_Amniochorionic_mesoderm	Amniochorionic_mesoderm	2.09	1.45	0	0	4.6	0	0	3.4	0	2.7	0	4.3	0	0	0	0	2.7	0	0	0	0	0	0
E7.25	E725_Mixed_mesoderm	Mixed_mesoderm	-1.42	-3.77	0	0	0	0	0	0	2.1	2.8	0	0	0	4.2	0	2.1	4.2	2.8	3.6	2.1	0	2.8	2.1
E7.25	E725_Mixed_mesoderm	Mixed_mesoderm	3.77	-2.28	0	0	3.6	2.1	0	0	0	2.7	0	3.4	0	3.4	0	0	2.7	3.6	2.1	0	0	0	0
E7.25	E725_Amniochorionic_mesoderm	Amniochorionic_mesoderm	3.06	1.91	0	2.7	3.8	0	0	0	2.7	2.7	0	3.6	0	0	0	0	3.1	3.1	0	0	0	0	0
E7.25	E725_Mixed_mesoderm	Mixed_mesoderm	-1.49	1.51	0	0	2.7	0	0	2.1	2.1	2.7	2.1	3.1	2.1	4.5	3.8	3.6	3.8	2.7	2.1	2.1	0	3.4	2.7
E7.25	E725_Mixed_mesoderm	Mixed_mesoderm	-0.9	-0.33	1.7	1.7	4.2	0	0	1.7	3.4	3	0	3	3	0	0	0	2.3	2.7	2.7	0	2.7	0	0
E7.25	E725_Mixed_mesoderm	Mixed_mesoderm	-2.99	2.46	0	0	3.1	0	0	0	2.1	0	0	0	0	2.1	2.7	2.1	3.1	3.1	2.1	2.1	5.1	0	2.7
E7.25	E725_Amniochorionic_mesoderm	Amniochorionic_mesoderm	3.61	2.08	0	0	3.8	0	0	2.1	0	0	0	3.1	2.1	0	0	0	0	2.7	0	2.1	2.7	0	2.7
E7.25	E725_Mixed_mesoderm	Mixed_mesoderm	3.26	-3.88	0	0	4	0	0	0	2.6	1.9	0	1.9	0	0	0	0	3.9	3.4	2.9	0	1.9	1.9	0
E7.25	E725_Mixed_mesoderm	Mixed_mesoderm	0.95	2.19	0	0	3.4	0	0	0	2.7	3.1	0	2.1	0	4.6	2.1	0	4	4.5	0	2.1	0	0	2.7
E7.25	E725_Mixed_mesoderm	Mixed_mesoderm	3.74	2.34	0	0	2.8	0	0	0	2.8	0	0	3.2	0	0	0	0	3.2	2.8	0	3.2	0	0	2.2
E7.25	E725_Mixed_mesoderm	Mixed_mesoderm	-4.23	1.97	0	3	2.7	0	0	0	0	0	0	0	0	2.4	1.8	0	3.5	3	0	2.4	4.5	0	1.8
E7.25	E725_Mixed_mesoderm	Mixed_mesoderm	-3.1	2.43	0	2.1	0	0	0	0	2.1	0	0	0	0	4.3	3.1	0	2.7	2.1	0	0	4	2.1	3.1
E7.25	E725_Mixed_mesoderm	Mixed_mesoderm	1.13	2.73	2.5	0	0	0	0	2.5	3.5	0	0	3.5	0	3.1	3.1	2.5	3.1	2.5	0	0	4	0	0
E7.25	E725_Mixed_mesoderm	Mixed_mesoderm	1.33	-1.07	0	0	3.3	0	0	2	0	0	0	3	0	3.9	0	0	3	3.3	3	0	2	0	2
E7.25	E725_Mixed_mesoderm	Mixed_mesoderm	3.33	1.71	0	0	3.2	0	0	1.9	3.2	0	0	3.9	0	0	2.6	1.9	2.6	3.2	0	1.9	1.9	2.6	0
E7.25	E725_Mixed_mesoderm	Mixed_mesoderm	1.56	-0.05	0	0	3.9	0	0	2.3	3	0	0	3.9	2.3	0	0	2.3	3	3.6	0	3.4	0	2.3	0
E7.25	E725_Mixed_mesoderm	Mixed_mesoderm	-0.29	-2.24	0	0	4.4	0	0	1.8	2.8	0	0	2.8	0	4.2	0	0	4.2	4.6	0	0	1.8	0	0
E7.25	E725_Mixed_mesoderm	Mixed_mesoderm	-2.76	1.13	0	0	4	0	2	0	2	0	0	2	2	2	3	0	2	2	2	0	3.5	0	2
E7.25	E725_Mixed_mesoderm	Mixed_mesoderm	1.24	3.17	0	0	0	0	2.2	0	2.8	3.2	0	3.7	0	3.2	0	2.2	3.5	3.2	0	3.2	0	2.2	0
E7.25	E725_Amniochorionic_mesoderm	Amniochorionic_mesoderm	1.86	-0.77	0	0	4.7	1.7	0	2.7	2.7	1.7	1.7	2.7	0	0	0	0	1.7	2.7	0	0	2.3	2.7	2.3
E7.25	E725_Mixed_mesoderm	Mixed_mesoderm	-4.22	2.52	0	0	0	0	0	0	2	0	0	0	2.6	2	2.6	2	3.8	2.6	3.6	0	5.2	0	0
E7.25	E725_Mixed_mesoderm	Mixed_mesoderm	2.14	-1.37	0	0	5	0	0	0	2.9	2.3	2.3	2.3	0	0	0	2.3	0	2.3	2.9	2.3	0	2.3	2.9
E7.25	E725_Mixed_mesoderm	Mixed_mesoderm	3.58	-2.29	0	0	2.6	0	0	2.6	3.2	2.6	0	3.2	2.6	3.9	0	0	2.6	3.2	0	0	0	0	0
E7.25	E725_Mixed_mesoderm	Mixed_mesoderm	-0.08	1.23	0	0	2.2	0	0	2.2	2.2	2.2	0	3.7	0	2.2	2.2	2.2	3.2	3.7	0	0	0	2.2	0
E7.25	E725_Mixed_mesoderm	Mixed_mesoderm	3.27	-3.35	0	0	3.3	0	0	2.6	0	0	0	3	0	3.3	0	0	3.8	3.8	3	0	0	2.6	2.6
E7.25	E725_Mixed_mesoderm	Mixed_mesoderm	-1.95	-4.05	0	0	0	0	0	0	1.8	1.8	0	3.1	0	4.7	2.4	3.1	3.8	2.8	3.3	0	0	3.4	1.8
E7.25	E725_Amniochorionic_mesoderm	Amniochorionic_mesoderm	3.82	1.48	0	2.1	4.3	2.7	0	2.7	3.1	3.9	2.1	3.1	0	0	0	0	3.1	0	0	0	0	0	0
E7.25	E725_Amniochorionic_mesoderm	Amniochorionic_mesoderm	0.95	-0.18	0	0	3.6	0	2.8	1.8	2.8	0	0	3.1	0	0	0	0	3.1	1.8	2.8	0	1.8	0	0
E7.25	E725_Mixed_mesoderm	Mixed_mesoderm	1.44	-3.6	0	0	2.5	0	0	1.9	0	0	0	2.9	1.9	5	0	3.7	3.4	3.4	3.2	0	2.9	2.5	3.2
E7.25	E725_Mixed_mesoderm	Mixed_mesoderm	-1.16	-3.22	0	0	2	0	0	2	2	2	0	3.8	2	4.6	2	2	4.4	4.2	0	0	0	2.6	2
E7.25	E725_Mixed_mesoderm	Mixed_mesoderm	2.28	-4.74	0	0	2.3	0	0	0	2.3	0	0	2.9	0	4.9	2.3	3.3	3.6	3.6	3.3	2.3	2.3	2.3	2.9
E7.25	E725_Mixed_mesoderm	Mixed_mesoderm	1.9	-1.83	0	0	4.1	0	0	0	2.7	3	2.7	2.7	0	3.5	2	2	3.5	3.5	0	0	2.7	2.7	2.7
E7.25	E725_Mixed_mesoderm	Mixed_mesoderm	2.88	-2.16	0	0	2.6	0	0	0	0	0	1.9	3.2	0	1.9	0	0	3.2	2.9	0	0	0	0	1.9
E7.25	E725_Mixed_mesoderm	Mixed_mesoderm	-2.03	-2.85	0	0	2.3	0	0	0	1.7	2.9	0	0	0	4.7	1.7	0	4.4	1.7	2.9	1.7	2.3	2.3	0
E7.25	E725_Amniochorionic_mesoderm	Amniochorionic_mesoderm	2.68	0.44	0	0	4	0	0	1.9	2.9	1.9	0	4	1.9	0	1.9	0	3.6	2.9	0	2.5	0	0	1.9
E7.25	E725_Mixed_mesoderm	Mixed_mesoderm	2.43	3.2	2.7	0	3.7	0	0	0	2.7	0	0	3.3	2.7	0	0	0	0	0	0	3.3	0	0	0
E7.25	E725_Mixed_mesoderm	Mixed_mesoderm	-1.57	3.86	0	0	2.4	0	0	0	0	0	0	2.4	0	2.4	2.4	3.4	0	0	2.4	0	4.1	0	2.4
E7.25	E725_Mixed_mesoderm	Mixed_mesoderm	2.57	-3.65	0	0	3.1	0	0	2	0	0	0	3.1	2	3.7	0	0	4	4.3	3.5	2	2	0	2
E7.25	E725_Amniochorionic_mesoderm	Amniochorionic_mesoderm	4.15	0.78	0	0	3.4	0	0	2.4	3.7	3.4	2.4	3	3	0	0	0	2.4	0	0	3	0	0	0
E7.25	E725_Mixed_mesoderm	Mixed_mesoderm	-0.15	1.5	0	0	2.3	0	0	0	2.3	0	0	2.3	0	2.3	2.3	3.4	3.4	0	0	0	5	0	0
E7.25	E725_Mixed_mesoderm	Mixed_mesoderm	-1.52	-3.14	0	0	2.6	0	0	0	0	1.9	0	3.8	1.9	4.3	0	1.9	3.6	2.6	3.6	2.6	0	1.9	1.9
E7.25	E725_Amniochorionic_mesoderm	Amniochorionic_mesoderm	3.65	2.34	0	0	3	0	0	3	0	0	0	3.6	3	0	0	0	0	0	0	0	0	0	0
E7.25	E725_Mixed_mesoderm	Mixed_mesoderm	1.75	-4.39	0	0	2.3	0	0	0	0	3	0	3	0	5.1	0	0	4.5	4.3	3.7	2.3	2.3	3	2.3
E7.25	E725_Mixed_mesoderm	Mixed_mesoderm	-2.9	-0.88	0	1.5	2.1	0	2.5	1.5	3	2.1	0	3.4	0	4	2.8	0	3.1	2.5	0	2.1	0	0	0
E7.25	E725_Mixed_mesoderm	Mixed_mesoderm	0.47	-4.1	0	0	2	0	0	0	3.1	0	0	0	0	4.7	0	3.1	3.5	2.7	2.7	0	3.7	2	2.7
E7.25	E725_Mixed_mesoderm	Mixed_mesoderm	2.74	2.34	0	0	3	0	0	2.3	2.3	3	0	2.3	2.3	0	0	0	2.3	2.3	0	0	3.9	2.3	2.3
E7.25	E725_Amniochorionic_mesoderm	Amniochorionic_mesoderm	0.86	-0.47	0	0	4.4	0	1.9	2.5	2.5	1.9	0	3.4	0	2.5	0	0	2.9	1.9	0	0	0	0	0
E7.25	E725_Amniochorionic_mesoderm	Amniochorionic_mesoderm	2.29	-0.63	0	1.9	4.9	0	0	2.9	2.5	0	2.9	3.9	1.9	0	0	0	2.9	2.9	0	0	0	0	0
E7.25	E725_Mixed_mesoderm	Mixed_mesoderm	-0.85	-2.89	0	0	2	0	0	0	3	0	0	3.6	0	3.9	2	2	4.2	3.5	2.6	0	3.6	0	0
E7.25	E725_Amniochorionic_mesoderm	Amniochorionic_mesoderm	2.71	2.89	0	0	3.8	0	0	0	3.3	2.3	0	4.3	0	0	2.3	0	3.6	2.9	0	0	3.3	0	0
E7.25	E725_Mixed_mesoderm	Mixed_mesoderm	-1.27	3.68	0	2.7	0	0	0	0	0	0	0	0	0	4.3	3.1	3.1	2.1	3.6	2.7	0	5.1	0	2.1
E7.25	E725_Mixed_mesoderm	Mixed_mesoderm	-2.28	2.95	0	0	2.8	0	0	0	1.8	0	0	1.8	1.8	4.6	3.4	3	3.4	3.9	0	3.3	1.8	0	3
E7.25	E725_Amniochorionic_mesoderm	Amniochorionic_mesoderm	4.42	0.56	0	0	3.3	2.2	0	2.9	2.2	0	2.9	3.3	0	2.2	0	0	3.5	0	0	0	2.9	2.9	0
E7.25	E725_Mixed_mesoderm	Mixed_mesoderm	3.41	3.09	0	2	3.7	0	2	2	0	2	0	2	2	3	0	0	3.3	0	2.7	0	3	0	2
E7.25	E725_Mixed_mesoderm	Mixed_mesoderm	-3.25	-1.46	0	0	3.5	0	0	0	2.2	0	0	3.9	0	3.9	0	2.2	3.5	2.9	0	2.2	0	0	2.2
E7.25	E725_Mixed_mesoderm	Mixed_mesoderm	-1.13	1.9	0	0	0	0	0	0	0	3.3	0	3.3	0	4	0	0	3.3	2.3	0	3.3	2.9	0	0
E7.25	E725_Mixed_mesoderm	Mixed_mesoderm	-3.06	-1.19	0	0	3.4	0	0	1.6	0	1.6	0	2.5	0	1.6	2.5	1.6	3.4	3.3	0	0	2.2	0	0
E7.25	E725_Mixed_mesoderm	Mixed_mesoderm	-0.23	0.97	0	0	4.5	0	0	0	3	0	0	3	0	3	0	0	3	3	0	3	0	0	0
E7.25	E725_Mixed_mesoderm	Mixed_mesoderm	-0.77	0.09	0	0	2.4	0	1.8	2.4	2.4	0	0	3.3	2.8	3.7	1.8	0	2.8	2.4	1.8	2.4	0	0	2.4
E7.25	E725_Mixed_mesoderm	Mixed_mesoderm	-1.87	-2.36	0	0	0	0	0	0	0	0	0	4.1	0	4.3	3.2	0	3.6	2.9	0	1.9	0	1.9	1.9
E7.25	E725_Mixed_mesoderm	Mixed_mesoderm	-0.09	-4.15	0	0	3.3	0	0	2	0	3.5	0	0	0	4.9	3.5	0	4	4.2	3.5	2	0	0	3.3
E7.25	E725_Mixed_mesoderm	Mixed_mesoderm	-2.31	-0.49	0	0	4.4	0	2	0	2	0	0	3	2	0	2	0	3.3	0	0	0	0	0	0
E7.25	E725_Mixed_mesoderm	Mixed_mesoderm	2.6	-4.89	0	0	0	0	0	0	2.5	0	0	2.5	0	4.7	3.2	0	4.1	3.2	0	3.6	0	0	0
E7.25	E725_Amniochorionic_mesoderm	Amniochorionic_mesoderm	1.06	1.14	0	0	3.8	1.7	1.7	0	3	0	0	3.5	1.7	1.7	2.7	1.7	3.5	3.4	0	1.7	0	1.7	0
E7.25	E725_Mixed_mesoderm	Mixed_mesoderm	-1.03	-2.59	0	0	2	0	2.6	2	3.5	2	0	3.7	0	4.2	2.6	0	3.8	3.3	2.6	2	0	2	0
E7.25	E725_Mixed_mesoderm	Mixed_mesoderm	-2.58	-2.51	0	0	2.5	0	0	1.9	0	0	0	3.2	0	4.8	1.9	0	4.1	3.4	2.5	0	1.9	2.5	1.9
E7.25	E725_Mixed_mesoderm	Mixed_mesoderm	-0.7	-4.15	0	0	2.1	0	0	0	0	2.1	0	3.8	0	4.8	0	0	3.8	0	3.6	0	0	2.8	2.1
E7.25	E725_Mixed_mesoderm	Mixed_mesoderm	-2.09	-3.54	0	0	2.7	0	0	0	2.7	0	0	3.1	0	4.5	0	2.1	3.4	4.1	2.1	2.7	0	2.7	3.1
E7.25	E725_Mixed_mesoderm	Mixed_mesoderm	1.25	0.76	0	0	4.1	0	0	0	0	0	0	2.9	0	3.8	0	0	2.9	2.9	2.3	2.3	2.3	0	0
E7.25	E725_Mixed_mesoderm	Mixed_mesoderm	0.72	3.03	0	2.2	2.2	0	0	2.2	2.2	0	0	2.9	0	2.2	0	0	3.2	0	3.9	2.2	2.2	0	0
E7	E7_Mixed_mesoderm	Mixed_mesoderm	2.34	2.37	0	0	4.4	0	2.3	1.4	2	0	0	3.7	1.4	2.6	3.1	2.8	3.4	3.1	0	1.4	3	0	1.4
E7	E7_Mixed_mesoderm	Mixed_mesoderm	-2.52	1.19	0	2.7	2.1	0	0	0	2.1	2.1	0	4.1	0	3.9	2.7	2.7	2.7	3.6	0	0	3.4	0	0
E7	E7_Mixed_mesoderm	Mixed_mesoderm	-1.43	4.73	0	0	3.4	0	0	0	1.7	0	0	1.7	0	4.6	2.3	3.4	4.1	1.7	1.7	1.7	4.2	2.7	2.3
E7	E7_Mixed_mesoderm	Mixed_mesoderm	-0.03	-1.41	0	0	3.6	0	0	0	1.6	1.6	0	4	0	3.8	2.2	2.2	3.7	3.2	1.6	0	0	2.8	2.2
E7	E7_Mixed_mesoderm	Mixed_mesoderm	-2.88	3.92	0	0	0	0	0	0	0	0	0	0	0	2.7	0	3.1	4.1	3.1	2.1	0	4.9	0	2.1
E7	E7_Mixed_mesoderm	Mixed_mesoderm	0.18	-0.22	0	2.3	4.2	0	0	0	3.3	3.3	0	2.3	0	2.3	0	2.9	2.9	4.1	0	2.3	0	0	2.3
E7	E7_Mixed_mesoderm	Mixed_mesoderm	-0.04	0.37	0	0	0	0	0	0	2.8	0	0	3.4	0	4.3	3.4	0	2.8	3.8	0	0	0	0	2.8
E7	E7_Mixed_mesoderm	Mixed_mesoderm	0.94	1.18	0	0	4.2	0	2.3	0	2.3	0	0	3.4	0	3	3.4	0	3.4	2.3	0	3	3.4	2.3	3
E7	E7_Mixed_mesoderm	Mixed_mesoderm	0.73	-2.18	0	0	3.2	0	0	2.1	2.8	2.8	0	3.8	0	2.8	2.8	0	3.4	3.4	2.1	2.1	0	2.1	0
E7	E7_Mixed_mesoderm	Mixed_mesoderm	2.85	-3.72	0	0	2.5	0	0	0	0	0	0	2.5	0	4.5	0	2.5	3.1	3.8	3.6	2.8	0	1.8	2.8
E7	E7_Mixed_mesoderm	Mixed_mesoderm	-0.77	4.67	0	0	2.4	0	0	0	1.8	0	0	3.6	1.8	4.7	2.8	3.1	2.8	3.1	2.4	3.1	2.8	2.4	1.8
E7	E7_Mixed_mesoderm	Mixed_mesoderm	0.57	2.05	0	0	3	0	0	0	0	0	0	3.7	0	3.7	3	3.7	3	3	0	0	4.1	3	0
E7	E7_Mixed_mesoderm	Mixed_mesoderm	-1.21	-3.82	0	0	0	0	0	0	0	0	0	2.9	0	3.9	1.9	1.9	3.9	4.4	2.9	1.9	0	1.9	0
E7	E7_Mixed_mesoderm	Mixed_mesoderm	-1.66	-3.86	0	0	3.2	0	0	0	0	2.9	0	2.9	1.9	4	2.5	2.5	4.2	4.2	2.5	3.2	1.9	2.5	1.9
E7	E7_Mixed_mesoderm	Mixed_mesoderm	2.39	-2.04	0	0	3.4	0	0	0	1.9	2.6	0	2.9	0	4.1	1.9	3.2	4.5	4.4	2.6	2.9	2.9	0	0
E7	E7_Mixed_mesoderm	Mixed_mesoderm	1.28	-4.84	0	0	3	0	0	2	2.6	2.6	0	4.3	0	4.2	2	2	4.1	4.7	2	2	2	0	2.6
E7	E7_Mixed_mesoderm	Mixed_mesoderm	0.65	-1.15	0	0	3	0	0	0	0	0	0	0	3	4.7	3	4.6	4.3	3	3	3	3	0	0
E7	E7_Mixed_mesoderm	Mixed_mesoderm	0.47	-4.81	0	0	2.5	0	0	1.9	2.8	1.9	0	2.5	0	2.8	2.8	2.5	4	4.7	3.8	3.1	0	2.5	1.9
E7	E7_Mixed_mesoderm	Mixed_mesoderm	0.53	-4.72	0	0	2	0	0	0	2.6	0	0	2.6	0	4.2	2	2.6	3	4	2.6	0	0	2.6	0
E7	E7_Mixed_mesoderm	Mixed_mesoderm	-2.94	1.19	0	0	2.7	0	0	1.7	2.3	1.7	0	2.7	0	4.4	3.5	2.7	3	4	0	2.3	3.7	0	2.3
E7	E7_Mixed_mesoderm	Mixed_mesoderm	-0.09	-3.04	0	1.6	3.2	0	0	1.6	2.2	2.8	0	2.8	0	4.7	3.1	1.6	4.5	3.5	1.6	0	1.6	2.2	0
E7	E7_Mixed_mesoderm	Mixed_mesoderm	1.76	-2.76	0	1.8	3.3	0	0	0	1.8	2.4	0	2.4	0	3.8	2.4	2.8	4.6	3.6	2.8	1.8	3.6	2.4	2.4
E7	E7_Mixed_mesoderm	Mixed_mesoderm	-3.64	0.05	0	0	3.5	1.7	1.7	1.7	2.9	0	0	2.7	1.7	2.7	2.3	3.5	4	3.5	0	2.3	3.9	2.3	2.3
E7	E7_Mixed_mesoderm	Mixed_mesoderm	0.82	-4.22	0	0	0	0	0	0	0	0	0	2.6	0	5	3.3	2.6	4.7	4.7	4.4	3.3	2.6	2.6	3.7
E7	E7_Mixed_mesoderm	Mixed_mesoderm	-4.38	2.39	0	2.3	4.2	0	1.7	1.7	3.2	0	0	2.7	1.7	3.3	3.3	3.6	3.7	1.7	0	0	4.1	1.7	0
E7	E7_Mixed_mesoderm	Mixed_mesoderm	2.47	-2.55	0	0	2.7	0	2.1	0	2.1	2.1	0	3.4	0	4.6	3.4	3.1	4.7	4.7	2.1	3.1	0	2.1	0
E7	E7_Mixed_mesoderm	Mixed_mesoderm	3.65	-0.6	0	0	4.1	0	0	0	2.2	0	0	3.5	0	2.8	0	0	3.5	4.2	2.2	2.8	0	3.5	0
E7	E7_Mixed_mesoderm	Mixed_mesoderm	-1.88	2.57	0	0	3	0	0	2	2.6	0	0	3.5	2	3.5	4.1	2.6	3.5	3	0	2	4.5	0	0
E7	E7_Mixed_mesoderm	Mixed_mesoderm	0.7	1.18	0	0	3	0	0	0	0	0	0	2.3	0	0	3	0	3	0	2.3	0	4.1	0	0
E7	E7_Mixed_mesoderm	Mixed_mesoderm	-0.91	2.22	0	0	2.9	0	0	0	2.9	1.9	0	2.5	1.9	4.8	3.7	3.4	3.2	2.5	0	0	3.5	1.9	2.9
E7	E7_Mixed_mesoderm	Mixed_mesoderm	-0.83	-3.92	0	0	1.9	0	0	1.9	0	2.5	0	3.6	0	4.8	2.9	2.9	3.9	4.8	3.2	1.9	0	3.2	3.2
E7	E7_Mixed_mesoderm	Mixed_mesoderm	-0.33	0.12	0	0	2.6	0	0	0	2.6	2.6	0	3.6	2.6	3.9	3.2	3.6	3.2	3.9	0	0	0	0	0
E7	E7_Mixed_mesoderm	Mixed_mesoderm	-3.31	1.64	0	0	2.7	0	0	1.7	1.7	1.7	0	2.3	0	1.7	2.7	1.7	3.2	3.2	0	2.7	5.1	2.7	2.7
E7	E7_Mixed_mesoderm	Mixed_mesoderm	0.39	3.63	0	0	2.4	0	0	0	3	0	0	2.4	2.4	0	3.4	3	3	2.4	0	0	3.7	2.4	0
E7	E7_Mixed_mesoderm	Mixed_mesoderm	-4.07	1.72	0	0	3.6	0	0	1.9	1.9	0	0	3.2	2.5	3.7	3.7	2.9	3.4	2.5	1.9	2.5	3.7	0	0
E7	E7_Mixed_mesoderm	Mixed_mesoderm	-3.98	-0.13	0	0	2.4	0	0	0	1.8	1.8	0	3.5	0	4.6	3.9	1.8	3.1	3.9	2.4	2.4	3.9	2.4	4.1
E7	E7_Mixed_mesoderm	Mixed_mesoderm	0.98	1.31	0	0	3.2	0	0	0	0	0	0	3.6	0	3.9	2.6	3.9	3.9	4.1	2.6	2.6	4.1	0	2.6
E7	E7_Mixed_mesoderm	Mixed_mesoderm	0.02	2.72	0	0	3	0	0	0	0	0	0	3	0	3.7	3.4	3	3.4	3.7	2.3	0	3	2.3	0
E7	E7_Mixed_mesoderm	Mixed_mesoderm	0.29	-3.64	0	0	1.9	0	0	0	1.9	1.9	0	3.2	1.9	4.9	2.9	1.9	3.7	4.1	1.9	2.5	0	2.5	1.9
E7	E7_Mixed_mesoderm	Mixed_mesoderm	-3.31	0.66	0	0	2.3	0	0	1.7	2.7	0	0	3	0	3	3.5	1.7	3.2	2.3	0	2.3	1.7	0	0
E7	E7_Mixed_mesoderm	Mixed_mesoderm	3.93	-0.66	0	0	1.9	0	0	0	2.9	1.9	0	3.4	0	4.9	1.9	3.2	4	4	1.9	0	1.9	2.5	2.9
E7	E7_Mixed_mesoderm	Mixed_mesoderm	-1.29	-4.3	0	0	2.1	0	0	0	2.7	0	0	3.1	0	4.4	2.7	3.6	3.8	4.9	2.7	0	2.1	0	2.1
E7	E7_Mixed_mesoderm	Mixed_mesoderm	4.01	-0.39	0	0	3.4	0	0	0	1.7	2.3	0	3.2	1.7	4.4	3	3.4	4.2	2.3	3	2.7	4.9	1.7	3.4
E7	E7_Mixed_mesoderm	Mixed_mesoderm	-3.95	0.27	0	2.9	2.5	0	1.9	0	0	0	0	3.4	0	4.4	3.5	4.3	2.5	2.5	2.5	2.9	2.5	0	1.9
E7	E7_Mixed_mesoderm	Mixed_mesoderm	-2.57	0.62	0	0	3.3	0	1.8	1.8	0	0	0	3.1	2.8	4.3	3.6	2.4	3.5	2.4	0	3.1	0	0	3.1
E7	E7_Mixed_mesoderm	Mixed_mesoderm	-1.71	3	0	0	2	0	0	0	2	0	0	2	0	0	2.6	2	3.5	4.6	2.6	2.6	4.6	2	2.6
E7	E7_Mixed_mesoderm	Mixed_mesoderm	2.87	-1.05	0	1.8	4.4	0	0	0	2.8	0	2.4	2.8	0	2.4	0	0	3.9	3.2	2.8	0	1.8	2.4	0
E7	E7_Mixed_mesoderm	Mixed_mesoderm	-1.86	4.26	0	0	3.2	0	0	0	1.8	2.7	0	3	0	4.9	2.7	3.8	4.2	3.4	0	0	4.6	3.2	0
E7	E7_Mixed_mesoderm	Mixed_mesoderm	-3.09	0.3	0	0	3	0	0	0	1.8	0	0	1.8	0	3.5	3.2	0	3.7	3.8	0	2.4	1.8	0	3.7
E7	E7_Mixed_mesoderm	Mixed_mesoderm	-3.98	2.04	0	0	2.6	0	0	0	2.2	0	0	1.6	0	4.4	1.6	3.9	3.4	4.4	2.9	2.2	5.5	2.9	2.2
E7	E7_Mixed_mesoderm	Mixed_mesoderm	0.58	1.34	0	0	3.3	0	2.7	0	3	2	0	0	2	4	3.3	3.5	3.5	3	0	0	2	3	0
E7	E7_Mixed_mesoderm	Mixed_mesoderm	0.51	-4.95	0	0	1.9	0	0	0	0	0	0	2.9	0	4.5	3.6	2.9	3.9	4.4	2.9	1.9	0	2.6	3.2
E7	E7_Mixed_mesoderm	Mixed_mesoderm	-4.53	2.54	0	1.8	1.8	0	0	1.8	0	0	0	0	0	4.4	3.2	3.7	4.2	4.1	1.8	1.8	5.7	1.8	2.4
E7	E7_Mixed_mesoderm	Mixed_mesoderm	1.52	0.9	2.6	0	3.3	0	0	0	0	0	0	2.6	0	0	3.7	2.6	2.6	2.6	3.3	0	2.6	0	0
E7	E7_Mixed_mesoderm	Mixed_mesoderm	-1.56	0.82	0	0	2	0	0	0	0	0	0	3.5	0	3.7	3	2.6	2.6	2.6	0	2.6	0	0	2
E7	E7_Mixed_mesoderm	Mixed_mesoderm	1.25	-4.01	0	0	0	0	0	0	2.3	0	0	2.9	0	4.6	2.3	3.3	4.4	4.9	4.5	2.9	2.3	0	2.3
E7	E7_Mixed_mesoderm	Mixed_mesoderm	0.8	-3.47	0	1.8	0	0	1.8	0	1.8	1.8	0	2.8	1.8	4.9	1.8	3.1	4	4.1	3.1	1.8	0	1.8	3.4
E7	E7_Mixed_mesoderm	Mixed_mesoderm	-1.97	4.77	0	0	2.7	0	0	0	2.4	0	0	2.7	1.8	4.4	2.4	3.8	3.7	3.2	3.7	2.4	4.6	0	2.7
E7	E7_Mixed_mesoderm	Mixed_mesoderm	-3.94	1.13	0	0	3.8	0	0	1.7	3.1	0	0	1.7	0	0	2.3	2.3	3.7	2.6	0	2.9	4.7	0	1.7
E7	E7_Mixed_mesoderm	Mixed_mesoderm	-2.61	2.01	0	0	0	0	0	0	2.3	0	0	0	0	4	2.3	3.3	3.8	4.4	2.3	2.3	2.9	2.3	3.3
E7	E7_Mixed_mesoderm	Mixed_mesoderm	-1.47	-4.41	0	0	0	0	0	0	2.6	2	0	0	0	4.9	2.6	2.6	3.3	4.4	3	2	2	3	2.6
E7	E7_Mixed_mesoderm	Mixed_mesoderm	0.9	2.2	0	0	3.4	0	0	0	3.5	0	0	4.3	2.5	3.2	3.2	1.9	3.2	3.4	1.9	1.9	2.5	0	1.9
E7	E7_Mixed_mesoderm	Mixed_mesoderm	0.88	-0.49	0	2.9	4.2	0	1.6	1.6	3.3	1.6	0	3.3	1.6	2.2	2.2	1.6	3.8	2.9	0	2.2	3.6	1.6	0
E7	E7_Mixed_mesoderm	Mixed_mesoderm	1.89	-1.49	0	0	2.9	0	0	0	0	2.9	0	3.6	0	4.8	0	3.6	2.9	2.9	0	2.9	0	2.9	0
E7	E7_Mixed_mesoderm	Mixed_mesoderm	0.06	-3.87	0	0	3	0	0	0	2	0	0	3.9	0	3.4	3.4	2	4.1	3.9	3.2	3.2	0	0	2
E7	E7_Mixed_mesoderm	Mixed_mesoderm	-2.87	3.14	0	2.2	2.2	0	0	0	3.3	0	0	2.2	0	4.2	3.5	3.5	3.3	4.1	0	2.2	4.3	0	2.9
E7	E7_Mixed_mesoderm	Mixed_mesoderm	0.7	-1.42	0	0	2.8	0	0	0	1.8	1.8	0	3.1	0	0	0	0	4.2	3.9	2.4	1.8	0	1.8	0
E7	E7_Mixed_mesoderm	Mixed_mesoderm	-2.15	-0.27	1.8	0	3.3	0	0	0	0	0	0	3.7	0	3.8	2.8	0	2.8	3.3	0	3	2.4	1.8	0
E7	E7_Mixed_mesoderm	Mixed_mesoderm	-2.47	2.81	0	1.9	2.9	0	0	0	1.9	2.5	0	3.4	0	4.6	3.1	3.1	3.5	2.9	1.9	2.9	4.8	3.4	2.9
E7	E7_Mixed_mesoderm	Mixed_mesoderm	1.4	-0.54	0	0	4.1	0	0	1.7	1.7	0	0	3.5	1.7	1.7	0	1.7	3.6	3.6	0	0	1.7	0	1.7
E7	E7_Mixed_mesoderm	Mixed_mesoderm	-3.71	2.84	0	0	3.1	0	0	1.8	3.4	0	0	1.8	1.8	4.3	2.8	3.7	3.1	3.3	0	1.8	5.4	3.3	1.8
E7	E7_Mixed_mesoderm	Mixed_mesoderm	2.17	-4.9	0	0	2.8	0	0	0	0	0	0	2.1	0	3.8	2.1	3.4	4.6	3.6	3.2	0	0	2.8	2.1
E7	E7_Mixed_mesoderm	Mixed_mesoderm	2.87	-1.47	0	0	4.4	0	0	2.2	0	0	0	2.8	0	3.7	2.2	0	3.9	3.2	3.7	0	3.5	0	0
E7	E7_Mixed_mesoderm	Mixed_mesoderm	-2.59	-0.69	0	0	3.3	0	0	0	3.1	0	0	2.4	1.8	1.8	2.8	2.4	3.1	2.8	0	0	2.8	2.4	0
E7	E7_Mixed_mesoderm	Mixed_mesoderm	0.39	2.6	0	0	3.2	0	0	0	2.8	0	0	3.5	0	2.8	2.8	4.2	3.2	2.2	2.2	0	4.8	2.8	0
E7	E7_Mixed_mesoderm	Mixed_mesoderm	1.58	-1.26	0	0	4.7	0	0	0	2.7	2.7	0	2.7	0	0	2.7	0	3.7	4.4	0	0	2.7	0	4
E7	E7_Mixed_mesoderm	Mixed_mesoderm	3.46	-1.51	0	2.5	4.4	0	0	2.5	0	2.5	0	2.9	1.9	5.1	2.5	3.1	2.5	1.9	2.9	1.9	0	2.5	0
E7	E7_Mixed_mesoderm	Mixed_mesoderm	-3.19	2.79	0	1.6	1.6	0	0	0	0	0	0	2.2	0	4.2	3.6	1.6	3.8	3.2	0	2.6	4.3	0	1.6
E7	E7_Mixed_mesoderm	Mixed_mesoderm	-0.51	-4.16	0	0	3.6	0	0	0	0	0	0	0	0	4	2.7	0	3.6	4.4	3.1	2.1	0	0	0
E7	E7_Mixed_mesoderm	Mixed_mesoderm	-3.8	0.31	0	0	3.3	0	1.7	1.7	0	0	0	2.9	1.7	4.6	3.3	4.3	3.4	2.3	2.6	1.7	4.5	1.7	2.3
E7	E7_Mixed_mesoderm	Mixed_mesoderm	2.71	-2.19	0	0	1.9	0	0	0	0	0	0	2.9	1.9	4.3	0	0	4	4.3	2.5	2.5	1.9	3.2	2.5
E7	E7_Mixed_mesoderm	Mixed_mesoderm	2.66	-0.05	0	0	4.1	0	0	3.2	3.2	2.6	0	3.2	2.6	2.6	0	0	3.6	3.6	0	2.6	2.6	0	2.6
E7	E7_Mixed_mesoderm	Mixed_mesoderm	2.84	-4.65	0	0	0	0	0	0	3.6	0	0	3.2	0	2.5	2.5	2.5	4.1	4.4	2.5	0	2.5	0	0
E7	E7_Mixed_mesoderm	Mixed_mesoderm	-0.1	3.94	0	0	2.1	0	0	0	0	0	0	0	0	2.7	3.1	0	3.8	3.4	0	2.1	4.1	0	0
E7	E7_Mixed_mesoderm	Mixed_mesoderm	3.18	-2.37	0	0	3.5	0	0	0	2.6	0	2	2.6	0	4.7	2.6	2	3.8	3.8	3.3	3	0	2	2
E7	E7_Mixed_mesoderm	Mixed_mesoderm	-2.83	0.83	0	0	2.4	0	0	0	2.8	0	0	4.2	0	4.3	0	0	4.2	3.8	0	2.8	0	1.8	1.8
E7	E7_Mixed_mesoderm	Mixed_mesoderm	-4.14	0.61	0	0	3.3	0	0	0	1.8	0	0	3.6	0	3.9	3.3	4	3.3	3.3	2.8	1.8	4.8	1.8	2.4
E7	E7_Mixed_mesoderm	Mixed_mesoderm	0.89	2.21	0	0	3.5	0	0	0	2.8	0	0	2.8	2.8	2.8	2.8	0	2.8	0	2.8	0	3.9	2.8	0
E7	E7_Mixed_mesoderm	Mixed_mesoderm	-0.65	-4.54	0	0	3.2	0	0	2.2	2.2	0	0	3.2	0	3.2	2.2	0	4.1	4.2	2.8	0	2.8	3.5	2.2
E7	E7_Mixed_mesoderm	Mixed_mesoderm	1.48	-1.11	0	0	3.4	0	0	1.9	0	0	0	3.6	0	3.9	0	0	4	3.9	0	0	2.9	0	0
E7	E7_Mixed_mesoderm	Mixed_mesoderm	2.55	-3.83	0	0	2.8	0	0	0	0	2.1	0	2.1	2.1	4.2	0	0	4.1	4.3	4.4	2.1	2.1	2.8	2.8
E7	E7_Mixed_mesoderm	Mixed_mesoderm	1.45	-0.08	0	0	4.2	0	0	2.3	2.9	0	0	3.3	0	0	0	0	2.3	3.8	0	0	0	0	0
E7	E7_Mixed_mesoderm	Mixed_mesoderm	2.86	-0.83	0	0	4.2	0	0	1.6	1.6	0	0	3.3	2.2	3.7	1.6	0	4.2	3.5	2.6	2.2	2.2	1.6	2.2
E7	E7_Mixed_mesoderm	Mixed_mesoderm	-0.49	0.77	0	2	3.5	0	2.6	0	2.6	3	0	2	0	2.6	3.7	3	3.5	2.6	0	2	2	0	2
E7	E7_Mixed_mesoderm	Mixed_mesoderm	-2	-4.28	0	0	2.8	0	0	0	0	0	1.8	2.4	0	4.4	0	2.8	4	4.3	2.4	2.8	0	1.8	2.8
E7	E7_Mixed_mesoderm	Mixed_mesoderm	-3.5	0.51	0	0	4.3	0	2.4	2.4	2.7	0	0	3.4	2.4	0	2.7	2.4	3.4	2.7	0	0	3	0	1.8
E7	E7_Mixed_mesoderm	Mixed_mesoderm	-2.29	1.9	0	0	3.2	0	0	0	2.9	0	0	2.9	0	3.5	2.5	2.5	3.7	3.5	1.9	3.4	3.2	1.9	1.9
E7	E7_Mixed_mesoderm	Mixed_mesoderm	0.14	2.58	0	0	3.2	0	0	0	2.9	0	0	3.4	0	3.9	2.6	3.7	3.6	1.9	0	1.9	2.9	2.6	0
E7	E7_Mixed_mesoderm	Mixed_mesoderm	-1.06	2.86	0	0	2.6	0	0	0	0	0	0	2.6	0	5.1	3	3.7	3.7	2.6	2	2	3.8	3	2
E7	E7_Mixed_mesoderm	Mixed_mesoderm	-2.56	4.24	0	0	3.2	0	0	0	0	0	0	2.8	0	4.6	2.8	4.5	3.5	3.1	2.8	2.2	5.4	0	0
E7	E7_Mixed_mesoderm	Mixed_mesoderm	-0.76	-3.78	0	0	0	0	0	0	0	0	0	3.5	0	5	2.9	3.4	3.8	3.2	0	3.4	0	3.4	1.9
E7	E7_Mixed_mesoderm	Mixed_mesoderm	1.49	2.91	0	0	3.8	0	0	0	0	0	0	4.2	2.7	3.6	3.1	0	3.6	0	3.4	0	3.4	0	0
E7	E7_Mixed_mesoderm	Mixed_mesoderm	3.54	-1.88	0	1.7	3.9	0	0	0	2.3	1.7	0	3.5	1.7	3.6	0	0	4	3.9	1.7	1.7	1.7	0	2.3
E7	E7_Mixed_mesoderm	Mixed_mesoderm	-1.28	0.9	0	0	0	0	0	1.8	1.8	0	0	3.4	0	4.8	3	3.4	3.7	3.5	1.8	0	3.4	1.8	1.8
E7	E7_Mixed_mesoderm	Mixed_mesoderm	-2.35	4.06	1.7	0	2.9	0	0	0	1.7	0	0	0	0	3.6	2.7	3.8	3.5	3.3	2.9	1.7	5.1	0	2.7
E7	E7_Mixed_mesoderm	Mixed_mesoderm	-3.34	3.12	0	2.1	0	0	0	0	0	0	0	0	0	3.9	3.6	4.4	3.8	3.8	2.7	0	4.8	2.1	0
E7	E7_Mixed_mesoderm	Mixed_mesoderm	-4.18	2.99	0	0	1.9	0	0	0	1.9	0	0	3.1	0	1.9	3.1	3.7	3.4	2.9	0	2.9	4.5	1.9	0
E7	E7_Mixed_mesoderm	Mixed_mesoderm	-3.48	2.45	0	0	2.8	0	0	0	1.9	0	0	3.1	0	4.6	3.3	4	3.5	1.9	0	0	4.8	0	1.9
E7	E7_Mixed_mesoderm	Mixed_mesoderm	3.52	-0.3	0	0	3.5	0	0	2	2	3	0	3.3	2.6	2	0	0	3.7	4.1	3.7	0	3.8	2.6	0
E7	E7_Mixed_mesoderm	Mixed_mesoderm	-2.91	2.53	0	0	0	0	2.2	0	2.2	0	0	0	0	3.7	3.2	0	2.2	0	0	0	4.3	0	2.2
E7	E7_Mixed_mesoderm	Mixed_mesoderm	0.2	3.6	0	0	2.2	0	2.6	0	0	1.6	0	1.6	1.6	4.1	1.6	2.6	2.8	3.9	2.2	0	4.6	3.2	2.6
E7	E7_Mixed_mesoderm	Mixed_mesoderm	-1.81	4.35	0	0	0	0	1.6	0	0	0	0	3.1	0	4.6	3.7	3.8	3.3	3.6	2.2	2.2	4.5	2.9	3.4
E7	E7_Mixed_mesoderm	Mixed_mesoderm	3.39	0.19	0	0	4.4	0	0	0	2.4	0	0	3.3	0	0	2.4	3.1	3.1	2.4	0	1.8	2.4	2.4	0
E7	E7_Mixed_mesoderm	Mixed_mesoderm	0.96	3.42	0	0	1.9	0	0	2.6	0	0	0	3.2	0	4	3.2	3.2	3.4	0	0	2.9	3.2	0	1.9
E7	E7_Mixed_mesoderm	Mixed_mesoderm	0.79	-2.83	0	0	0	0	0	0	0	0	0	3.2	0	4.4	2.5	0	4.1	5.2	4.1	0	0	2.5	3.6
E7	E7_Mixed_mesoderm	Mixed_mesoderm	2.47	0.13	0	0	4	0	2	0	3.2	2	0	3.6	0	0	0	0	3.6	4.2	0	0	0	0	0
E7	E7_Mixed_mesoderm	Mixed_mesoderm	-1.15	-0.16	0	0	3.1	0	0	2.1	2.1	2.1	0	3.9	0	3.6	3.3	3.3	3.3	2.1	0	3.7	2.1	0	0
E7	E7_Mixed_mesoderm	Mixed_mesoderm	-0.33	-4.51	0	0	1.9	0	0	0	2.5	3.2	0	3.2	0	4.6	2.9	4	4.2	3.6	2.5	1.9	0	3.6	1.9
E7	E7_Mixed_mesoderm	Mixed_mesoderm	-3.49	-0.91	0	0	2.7	0	2.4	0	1.8	0	0	3	1.8	3.4	2.7	2.4	3.8	4.1	3.5	2.4	2.4	2.4	0
E7	E7_Mixed_mesoderm	Mixed_mesoderm	0.18	-4.76	0	0	0	0	0	0	0	0	0	2.5	2.5	3.2	0	2.5	2.5	4.4	3.6	3.2	2.5	3.2	0
E7	E7_Mixed_mesoderm	Mixed_mesoderm	-2.69	-1.65	0	0	2.6	0	0	2.2	1.7	0	0	3.8	0	4.2	3.1	3.6	4	3.8	2.2	1.7	3.3	1.7	3.3
E7	E7_Mixed_mesoderm	Mixed_mesoderm	2.8	0.5	0	0	4.4	0	1.9	2.9	2.5	1.9	0	3.5	0	0	0	0	2.9	3.3	0	1.9	1.9	0	0
E7	E7_Mixed_mesoderm	Mixed_mesoderm	-2.33	4.42	0	0	2.6	0	0	0	2	0	0	0	0	4.4	2.6	2.6	3.7	3.5	2	2	5.3	0	2.6
E7	E7_Mixed_mesoderm	Mixed_mesoderm	-3.51	1.88	0	0	2.4	0	1.5	0	2.4	1.5	0	2.7	1.5	4.8	2.9	3.6	3.7	3.3	2.1	2.4	2.4	2.1	3.1
E7	E7_Mixed_mesoderm	Mixed_mesoderm	-3.02	3.88	0	2.1	1.6	0	0	0	1.6	2.1	0	0	0	3.8	3.3	3.8	3.8	2.5	3	3	5.4	0	2.5
E7	E7_Mixed_mesoderm	Mixed_mesoderm	-1.98	-1.02	0	0	3.5	0	1.8	0	0	0	0	1.8	0	4.4	2.8	2.4	3.6	3.8	0	2.4	2.8	0	2.4
E7	E7_Mixed_mesoderm	Mixed_mesoderm	0.96	1.63	0	0	0	0	0	0	0	2.9	0	2.9	0	4.7	0	0	5.3	4	4	0	0	0	2.9
E7	E7_Mixed_mesoderm	Mixed_mesoderm	2.57	-1.79	0	0	3.2	0	2.2	0	2.2	0	0	2.8	0	0	0	0	3.9	3.5	2.8	2.2	4.5	2.2	2.2
E7	E7_Mixed_mesoderm	Mixed_mesoderm	-1.56	2.36	0	0	2.1	0	0	2.1	2.7	0	0	3.4	0	3.6	4.3	2.1	3.6	2.7	0	2.7	2.1	2.7	3.1
E7	E7_Mixed_mesoderm	Mixed_mesoderm	0.56	-0.18	0	0	4	0	0	0	2.5	0	0	1.8	1.8	3.6	1.8	2.5	3.5	3.9	2.8	2.5	5.3	0	0
E7	E7_Mixed_mesoderm	Mixed_mesoderm	3.39	-1.18	0	0	3.7	2.2	0	0	3.4	2.2	0	3.9	0	3.1	1.6	2.2	4.3	4.3	1.6	2.9	3.7	0	0
E7	E7_Mixed_mesoderm	Mixed_mesoderm	-0.37	2.85	0	0	0	0	0	0	0	0	0	2.9	0	0	3.9	2.9	2.9	2.9	0	2.9	4.4	0	0
E7	E7_Mixed_mesoderm	Mixed_mesoderm	-0.47	1.34	0	0	4.3	0	2.8	0	0	0	0	0	2.8	3.8	2.8	2.8	3.8	0	0	2.8	4.5	0	2.8
E7	E7_Mixed_mesoderm	Mixed_mesoderm	0.34	-4.52	0	2.4	0	0	0	0	3.1	3.1	0	2.4	0	4.5	0	2.4	3.4	4.7	3.1	2.4	2.4	2.4	3.1
E7	E7_Mixed_mesoderm	Mixed_mesoderm	0.02	0.64	0	0	3.4	0	2.3	0	2.9	2.3	0	4	0	3.3	3.6	1.7	3.6	3.4	1.7	2.9	1.7	0	3.1
E7	E7_Mixed_mesoderm	Mixed_mesoderm	0.99	1.5	0	0	3.2	0	2.8	1.6	1.6	0	0	3.2	1.6	2.8	3.2	2.8	2.5	2.5	1.6	3	2.5	1.6	1.6
E7	E7_Mixed_mesoderm	Mixed_mesoderm	-3.13	0.56	1.7	0	1.7	0	0	0	2.3	2.3	0	2.3	0	4.2	3	2.7	3.6	2.7	0	3	1.7	1.7	3
E7	E7_Mixed_mesoderm	Mixed_mesoderm	2.21	1.08	0	0	2.1	0	0	0	0	2.1	0	3.6	0	2.7	0	3.6	2.7	2.7	0	3.4	2.1	0	0
E7	E7_Mixed_mesoderm	Mixed_mesoderm	-2.87	1.69	0	0	2.2	0	0	1.6	0	0	0	3.2	0	4.1	2.8	2.8	4.1	2.8	0	2.2	4	2.5	1.6
E7	E7_Mixed_mesoderm	Mixed_mesoderm	1.02	-3.58	0	0	0	0	0	0	0	0	0	3.3	0	4.4	3.3	0	4.1	5.1	4	2	0	3.3	3.3
E7	E7_Mixed_mesoderm	Mixed_mesoderm	3.28	-1.27	0	0	4	0	0	0	1.9	1.9	0	3.7	2.5	3.8	0	0	3.3	3.7	2.9	0	1.9	0	1.9
E7	E7_Mixed_mesoderm	Mixed_mesoderm	2.89	-1.29	2	2	3.9	0	0	0	2	0	0	3.2	0	3	2.6	0	3.8	3.9	3	2	2	2	0
E7	E7_Mixed_mesoderm	Mixed_mesoderm	2.56	-4.37	0	0	0	0	0	0	1.9	0	0	2.5	0	4.7	0	2.5	5	3.8	4.6	2.5	1.9	1.9	2.5
E7	E7_Mixed_mesoderm	Mixed_mesoderm	-0.14	-5.03	0	0	1.9	0	0	0	2.5	0	0	2.9	0	5.1	2.5	3.1	4.3	4.7	2.5	1.9	0	2.9	2.9
E7	E7_Mixed_mesoderm	Mixed_mesoderm	3.14	-0.64	0	0	4	0	0	0	2.4	1.8	0	2.8	0	1.8	0	0	3.6	3.7	0	2.4	1.8	0	2.8
E7	E7_Mixed_mesoderm	Mixed_mesoderm	0.74	-4.17	2.1	0	2.7	0	0	0	0	0	0	2.7	0	4.5	2.7	2.7	4.7	4.7	4.5	2.1	0	0	0
E7	E7_Mixed_mesoderm	Mixed_mesoderm	2.35	-3.99	2.2	2.2	2.2	0	0	0	0	0	0	3.5	0	4.2	2.2	0	4.5	4.9	2.2	0	2.8	0	0
E7	E7_Mixed_mesoderm	Mixed_mesoderm	1.54	-4.2	0	0	0	0	0	0	2	2	0	2.6	0	4.8	2.6	2.6	4.3	4.2	3.7	2.6	0	0	2.6
E7	E7_Mixed_mesoderm	Mixed_mesoderm	1.47	-4.52	0	0	2.8	0	0	0	2.2	0	0	3.9	0	3.5	0	0	4.3	4	2.8	0	0	2.2	0
E7	E7_Mixed_mesoderm	Mixed_mesoderm	-0.66	-3.69	0	0	0	0	2	0	0	0	0	3.8	2	3	2.6	2	4.4	3.8	3.3	2	0	0	2
E7	E7_Mixed_mesoderm	Mixed_mesoderm	-1.22	2.45	0	0	2.7	0	0	0	2.7	0	0	3.5	2	2	0	3.5	3.1	3.1	0	2.7	4.8	3.5	0
E7	E7_Mixed_mesoderm	Mixed_mesoderm	0.13	2.21	0	0	0	0	0	0	0	0	0	3.6	0	3.6	0	0	2.9	0	0	0	0	0	0
E7	E7_Mixed_mesoderm	Mixed_mesoderm	-2.25	1.22	0	0	0	0	0	2.3	0	1.7	0	2.7	0	3.3	3.5	3.3	3.2	3	2.3	2.7	0	0	1.7
E7	E7_Mixed_mesoderm	Mixed_mesoderm	2.91	-0.86	0	0	3.1	1.9	0	0	0	0	0	3.3	0	2.5	1.9	1.9	3.8	3.5	0	1.9	1.9	2.5	0
E7	E7_Mixed_mesoderm	Mixed_mesoderm	-1.1	1.39	0	2.1	2.7	0	2.1	0	0	2.1	0	2.1	0	3.6	2.7	2.1	4.1	0	0	0	2.7	2.1	3.1
E7	E7_Mixed_mesoderm	Mixed_mesoderm	-3.19	3.99	0	0	1.6	0	0	1.6	2.2	0	0	2.5	1.6	4.2	2.5	4.3	4.5	4.2	2.5	2.2	5.5	1.6	3
E7	E7_Mixed_mesoderm	Mixed_mesoderm	-2.58	-1.86	0	0	2.9	0	0	0	2.6	1.9	0	2.6	1.9	3.9	3.6	1.9	4	1.9	1.9	1.9	1.9	0	2.9
E7	E7_Mixed_mesoderm	Mixed_mesoderm	1.15	2.42	0	0	3.1	0	2.7	0	2.7	2.7	0	3.1	0	3.7	2.7	0	3.7	4.1	2.1	2.1	0	2.7	2.7
E7	E7_Mixed_mesoderm	Mixed_mesoderm	1.68	1	0	0	3.6	0	0	1.8	2.8	0	0	3.3	0	0	3.3	1.8	3.1	1.8	0	0	1.8	2.4	0
E7	E7_Mixed_mesoderm	Mixed_mesoderm	2.01	1.73	0	0	4.3	0	0	0	3.1	0	0	3.1	0	3.1	3.1	0	4.4	3.7	0	0	2.4	2.4	2.4
E7	E7_Mixed_mesoderm	Mixed_mesoderm	-0.2	0.53	0	0	3.6	0	0	0	2.5	2.9	0	3.6	0	4.2	3.2	2.9	3.4	4.4	1.9	2.9	0	1.9	1.9
E7	E7_Mixed_mesoderm	Mixed_mesoderm	2.25	1.04	0	0	3.8	0	1.7	1.7	1.7	3.1	0	4	1.7	2.9	0	0	4	3.7	1.7	1.7	2.3	0	2.3
E7	E7_Mixed_mesoderm	Mixed_mesoderm	-1.06	2.33	0	0	3.7	0	0	0	0	0	0	3	0	4.2	4.1	0	2.4	4.4	0	0	5.2	3	0
E7	E7_Mixed_mesoderm	Mixed_mesoderm	-0.06	4.4	0	1.8	3	0	0	0	2.4	0	0	3.2	0	3.4	3.2	3.6	3.6	1.8	0	1.8	3.7	2.4	1.8
E7	E7_Mixed_mesoderm	Mixed_mesoderm	-0.06	2.38	2.3	0	3.8	0	0	0	0	0	0	2.3	0	0	2.9	0	3.3	2.3	0	2.3	2.9	0	2.3
E7	E7_Mixed_mesoderm	Mixed_mesoderm	-4.7	1.67	0	0	3	0	0	1.6	2.1	0	0	3	1.6	4.2	3	3	4.2	2.1	0	2.5	3.6	2.1	2.1
E7	E7_Mixed_mesoderm	Mixed_mesoderm	0.93	1.76	0	0	0	0	0	0	4.1	0	0	4.6	0	0	0	0	3.5	0	0	0	0	2.8	0
E7	E7_Mixed_mesoderm	Mixed_mesoderm	2.63	1.66	0	0	3.4	0	2.4	2.4	2.4	0	0	2.4	0	2.4	3.1	3.1	3.1	3.1	0	3.1	0	3.1	0
E7	E7_Mixed_mesoderm	Mixed_mesoderm	-0.92	-4.59	0	0	0	0	0	0	2	2.7	0	3.3	0	4.6	3	3.3	3.9	4.4	2	0	0	0	2
E7	E7_Mixed_mesoderm	Mixed_mesoderm	-3.23	3.76	0	0	0	0	1.9	0	0	0	0	2.5	0	3.5	3.4	4.1	4.2	4.2	1.9	2.5	5.5	2.9	1.9
E7	E7_Mixed_mesoderm	Mixed_mesoderm	3.08	1.2	0	0	4	0	0	3	3	0	2	3.3	0	0	2	2	3.3	4.5	2	0	2	0	2.7
E7	E7_Mixed_mesoderm	Mixed_mesoderm	3.27	-0.93	0	0	4	0	0	1.7	3.2	2.7	0	3.6	2.3	2.3	0	1.7	3.8	4.5	2.3	2.3	3.3	2.7	0
E7	E7_Mixed_mesoderm	Mixed_mesoderm	2.5	-4.06	0	0	3.1	0	0	0	2.4	1.8	0	3.1	0	3.8	2.8	0	4	3.9	2.4	2.4	2.4	1.8	1.8
E7	E7_Mixed_mesoderm	Mixed_mesoderm	-1.1	-1.55	0	2.1	0	0	2.1	0	0	0	0	3.1	0	4.3	2.7	3.1	4.2	2.1	2.1	2.1	0	2.1	0
E7	E7_Mixed_mesoderm	Mixed_mesoderm	-2.39	-4.1	0	0	2.7	0	0	0	1.7	2.3	0	1.7	0	4.3	4.1	3.9	4.1	4.1	3	2.3	4.4	4	1.7
E7	E7_Mixed_mesoderm	Mixed_mesoderm	-3.53	-0.46	0	0	0	0	0	0	2.3	2.7	0	2.3	0	4.2	2.7	4.2	4.1	1.7	0	2.7	3.2	0	2.3
E7	E7_Mixed_mesoderm	Mixed_mesoderm	2.51	-0.42	0	0	4.1	0	0	0	3.4	0	0	2.5	1.9	0	0	0	4.4	3.9	0	2.5	2.5	2.5	0
E7	E7_Mixed_mesoderm	Mixed_mesoderm	-1.2	-4.6	0	0	0	0	0	0	2	0	0	3.2	0	4.5	3.6	3.9	3.6	3.8	3.2	2.6	4.9	3.2	2
E7	E7_Mixed_mesoderm	Mixed_mesoderm	1.56	3.56	0	0	3.5	0	0	2	0	2.7	0	4	0	3.5	2	2	3	3.7	2	2.7	4.5	2	0
E7	E7_Mixed_mesoderm	Mixed_mesoderm	-1.43	2.37	0	0	2.7	0	0	0	2.1	0	0	3.1	0	4.1	3.9	3.1	4.1	0	2.1	2.1	0	2.1	2.1
E7	E7_Mixed_mesoderm	Mixed_mesoderm	-1.72	1.44	1.9	0	2.5	0	0	2.5	2.9	0	0	2.9	1.9	2.5	1.9	2.9	3.7	3.6	0	1.9	4.2	2.5	1.9
E7	E7_Mixed_mesoderm	Mixed_mesoderm	3.44	0.6	0	0	4.6	0	0	2.8	3.5	3.5	0	4.6	0	0	2.8	0	2.8	2.8	0	0	2.8	0	0
E7	E7_Mixed_mesoderm	Mixed_mesoderm	-0.45	-1.18	0	0	3	0	0	0	2.3	1.7	0	4	0	3	2.3	0	3.8	3.9	2.7	1.7	1.7	1.7	1.7
E7	E7_Mixed_mesoderm	Mixed_mesoderm	-1.21	-3.54	0	0	3.2	0	0	0	1.9	0	0	1.9	0	4.4	3.8	2.6	4.2	3.2	0	2.6	0	1.9	2.6
E7	E7_Mixed_mesoderm	Mixed_mesoderm	-3.45	0.26	0	0	1.7	0	1.7	1.7	2.3	0	0	3.6	0	4	3.3	3.4	3.4	3.1	0	2.9	2.3	0	2.6
E7	E7_Mixed_mesoderm	Mixed_mesoderm	1.29	-3.82	0	0	0	0	0	0	0	0	0	3.8	0	5.1	2.1	2.7	3.8	4.6	3.1	0	2.7	2.1	2.7
E7	E7_Mixed_mesoderm	Mixed_mesoderm	1.9	-4	0	0	2.6	0	0	0	3	2	0	3.5	2	3.9	2.6	2	3.7	3.5	3.3	3.3	0	2.6	0
E7	E7_Mixed_mesoderm	Mixed_mesoderm	-0.59	-0.4	0	0	2.8	0	2.8	1.8	2.8	0	0	3.3	2.4	0	2.8	0	1.8	2.8	0	0	2.4	0	0
