day	Anno	celltype	UMAP_1	UMAP_2	Atf3	Cdh5	Cebpd	Elk3	Kdr	Klf7	Pecam1	Xbp1
E7.5	E75_Haematoendothelial_prog	Haematoendothelial_prog	-0.79	-3.93	0	2.2	0	2.2	2.9	0	2.9	0
E7.5	E75_Haematoendothelial_prog	Haematoendothelial_prog	-3.87	3.24	0	0	0	0	2.7	0	0	2.1
E7.5	E75_Haematoendothelial_prog	Haematoendothelial_prog	3.74	1.52	1.8	0	0	0	2.4	0	0	0
E7.5	E75_Haematoendothelial_prog	Haematoendothelial_prog	1.91	4.73	0	0	0	0	0	0	0	0
E7.5	E75_Haematoendothelial_prog	Haematoendothelial_prog	-5.83	1.13	2.4	0	0	0	2.4	0	0	0
E7.5	E75_Haematoendothelial_prog	Haematoendothelial_prog	-2.84	0.68	0	0	0	0	2	0	0	2
E7.5	E75_Haematoendothelial_prog	Haematoendothelial_prog	3.92	-2.37	0	0	0	2.5	2.5	0	0	0
E7.5	E75_Haematoendothelial_prog	Haematoendothelial_prog	3.56	-2.33	0	0	0	0	2.6	2.6	2.6	2.6
E7.5	E75_Haematoendothelial_prog	Haematoendothelial_prog	3.79	2.63	0	0	0	0	2.6	0	2.6	2.6
E7.5	E75_Haematoendothelial_prog	Haematoendothelial_prog	-2.41	1.82	0	0	0	0	2.7	0	0	2.1
E7.5	E75_Haematoendothelial_prog	Haematoendothelial_prog	3.8	-0.62	0	0	0	0	3.2	0	0	2.6
E7.5	E75_Haematoendothelial_prog	Haematoendothelial_prog	3.93	1.23	0	0	0	0	1.7	1.7	0	1.7
E7.5	E75_Haematoendothelial_prog	Haematoendothelial_prog	2.13	-1.38	0	2	0	0	3	0	0	0
E7.5	E75_Haematoendothelial_prog	Haematoendothelial_prog	-0.36	-0.66	0	0	0	3.2	4.2	3.2	0	2.8
E7.5	E75_Haematoendothelial_prog	Haematoendothelial_prog	-1.14	2.6	0	0	0	0	2.5	0	0	3.1
E7.5	E75_Haematoendothelial_prog	Haematoendothelial_prog	-1.68	4.07	0	0	0	0	0	0	0	2
E7.5	E75_Haematoendothelial_prog	Haematoendothelial_prog	3.35	-0.78	0	0	0	0	3.6	0	0	0
E7.5	E75_Haematoendothelial_prog	Haematoendothelial_prog	1.12	4.67	0	0	0	0	0	0	0	2
E7.5	E75_Haematoendothelial_prog	Haematoendothelial_prog	4.15	-0.06	0	2	0	0	3	0	0	0
E7.5	E75_Haematoendothelial_prog	Haematoendothelial_prog	3.1	-3.49	0	2.5	0	0	3.5	0	2.9	1.9
E7.5	E75_Haematoendothelial_prog	Haematoendothelial_prog	-6.25	2.06	0	0	0	0	1.8	1.8	0	0
E7.5	E75_Haematoendothelial_prog	Haematoendothelial_prog	-3.61	-0.8	0	0	0	0	0	0	0	3.3
E7.5	E75_Haematoendothelial_prog	Haematoendothelial_prog	-3.03	1.18	0	0	0	0	2.4	0	0	0
E7.5	E75_Haematoendothelial_prog	Haematoendothelial_prog	0.48	3.47	0	0	2.8	0	2.1	0	0	0
E7.5	E75_Haematoendothelial_prog	Haematoendothelial_prog	-3.75	3.52	0	0	0	1.9	0	1.9	0	0
E7.5	E75_Haematoendothelial_prog	Haematoendothelial_prog	2.85	1.67	0	3	0	2.4	4.1	0	2.4	0
E7.5	E75_Haematoendothelial_prog	Haematoendothelial_prog	-2.89	1.53	0	0	0	0	0	0	0	0
E7.5	E75_Haematoendothelial_prog	Haematoendothelial_prog	-1.63	3.04	0	0	0	0	1.9	1.9	0	0
E7.5	E75_Haematoendothelial_prog	Haematoendothelial_prog	-0.6	2.64	1.8	0	0	0	0	0	0	2.4
E7.5	E75_Haematoendothelial_prog	Haematoendothelial_prog	1.95	-3.58	2.2	0	0	0	2.2	0	0	0
E7.5	E75_Haematoendothelial_prog	Haematoendothelial_prog	-3.98	0.37	1.9	0	1.9	0	2.8	0	1.9	0
E7.5	E75_Haematoendothelial_prog	Haematoendothelial_prog	4.04	-0.27	0	2.7	0	0	3.1	0	0	0
E7.5	E75_Haematoendothelial_prog	Haematoendothelial_prog	-2.41	-2.12	0	0	0	0	2	0	0	0
E7.5	E75_Haematoendothelial_prog	Haematoendothelial_prog	2.46	-2.68	0	3.1	0	0	0	0	2.4	0
E7.5	E75_Haematoendothelial_prog	Haematoendothelial_prog	-4.47	3.59	0	0	0	0	1.9	0	0	1.9
E7.5	E75_Haematoendothelial_prog	Haematoendothelial_prog	0.17	-3.54	0	1.9	0	0	3.2	1.9	0	2.9
E7.5	E75_Haematoendothelial_prog	Haematoendothelial_prog	3.58	-0.02	0	0	0	2.1	2.1	0	0	0
E7.5	E75_Haematoendothelial_prog	Haematoendothelial_prog	3.87	0.89	0	0	0	0	2.3	0	2.7	1.7
E7.5	E75_Haematoendothelial_prog	Haematoendothelial_prog	1.92	-2.89	0	0	0	2.1	0	2.1	0	2.1
E7.5	E75_Haematoendothelial_prog	Haematoendothelial_prog	-1.56	0.98	0	0	0	0	3	0	0	2.8
E7.5	E75_Haematoendothelial_prog	Haematoendothelial_prog	-2.48	2.44	0	0	1.2	0	2.7	1.2	0	1.7
E7.5	E75_Haematoendothelial_prog	Haematoendothelial_prog	-4.06	3.19	0	0	0	2.2	3.2	2.2	0	2.8
E7.5	E75_Haematoendothelial_prog	Haematoendothelial_prog	-3.6	-1.45	0	0	0	0	0	1.8	0	2.7
E7.5	E75_Haematoendothelial_prog	Haematoendothelial_prog	4.38	-1.54	0	2.1	0	0	0	0	0	2.7
E7.5	E75_Haematoendothelial_prog	Haematoendothelial_prog	-3.94	-0.68	0	0	0	0	1.9	0	0	1.9
E7.5	E75_Haematoendothelial_prog	Haematoendothelial_prog	-4.06	0.63	0	0	0	0	0	0	0	1.8
E7.5	E75_Haematoendothelial_prog	Haematoendothelial_prog	-0.13	2.83	0	0	0	0	0	0	0	0
E7.5	E75_Haematoendothelial_prog	Haematoendothelial_prog	-3.94	1.48	0	0	0	0	0	0	0	2
E7.5	E75_Haematoendothelial_prog	Haematoendothelial_prog	0.61	0.01	0	0	0	0	1.9	0	0	2.9
E7.5	E75_Haematoendothelial_prog	Haematoendothelial_prog	-2.64	4.12	0	0	0	0	2.3	0	0	2.3
E7.5	E75_Haematoendothelial_prog	Haematoendothelial_prog	2.71	-3.2	0	0	0	0	2.6	0	0	0
E7.5	E75_Haematoendothelial_prog	Haematoendothelial_prog	4.02	-1.81	0	0	0	1.9	3.3	1.9	1.9	1.9
E7.5	E75_Haematoendothelial_prog	Haematoendothelial_prog	-0.64	4	0	0	0	0	2.7	2.1	0	2.1
E7.5	E75_Haematoendothelial_prog	Haematoendothelial_prog	4.17	-2.28	3	0	0	0	0	0	0	0
E7.5	E75_Haematoendothelial_prog	Haematoendothelial_prog	3.55	-2.8	2.6	0	0	0	2	0	0	2
E7.5	E75_Haematoendothelial_prog	Haematoendothelial_prog	-2.98	4.16	0	0	0	0	3.1	0	0	1.6
E7.5	E75_Haematoendothelial_prog	Haematoendothelial_prog	-3.88	0.07	0	0	0	0	2.7	0	0	0
E7.5	E75_Haematoendothelial_prog	Haematoendothelial_prog	1.24	4.46	0	0	0	0	0	0	0	1.7
E7.5	E75_Haematoendothelial_prog	Haematoendothelial_prog	-3.65	-0.01	0	0	0	0	0	0	0	0
E7.5	E75_Haematoendothelial_prog	Haematoendothelial_prog	-2.93	1.66	0	0	0	0	0	0	0	0
E7.5	E75_Haematoendothelial_prog	Haematoendothelial_prog	-2.96	-0.55	1.9	0	0	0	3.1	0	0	0
E7.5	E75_Haematoendothelial_prog	Haematoendothelial_prog	-4.49	-1.93	0	0	0	0	0	0	0	2.2
E7.5	E75_Haematoendothelial_prog	Haematoendothelial_prog	-1.6	-1.43	0	0	0	2.1	2.7	0	2.1	2.1
E7.5	E75_Haematoendothelial_prog	Haematoendothelial_prog	2.02	3.81	2.1	0	0	0	2.1	0	0	2.1
E7.5	E75_Haematoendothelial_prog	Haematoendothelial_prog	-1.48	2.5	0	0	0	0	2.4	0	0	3.1
E7.5	E75_Haematoendothelial_prog	Haematoendothelial_prog	-3.45	2.81	0	0	0	0	3.2	0	0	0
E7.5	E75_Haematoendothelial_prog	Haematoendothelial_prog	-4.08	3.01	0	0	2.2	0	2.2	0	0	0
E7.5	E75_Haematoendothelial_prog	Haematoendothelial_prog	1.73	4.23	0	0	0	0	0	0	0	0
E7.5	E75_Haematoendothelial_prog	Haematoendothelial_prog	1.08	-2.22	0	0	0	0	0	1.7	0	0
E7.5	E75_Haematoendothelial_prog	Haematoendothelial_prog	4.61	-1.37	0	2.1	0	0	2.1	0	0	2.7
E7.5	E75_Haematoendothelial_prog	Haematoendothelial_prog	3.66	-2.23	0	2	2	0	2	0	2.7	0
E7.5	E75_Haematoendothelial_prog	Haematoendothelial_prog	2.07	4.57	0	0	0	0	0	0	0	0
E7.5	E75_Haematoendothelial_prog	Haematoendothelial_prog	-0.46	3.44	0	0	0	0	3.7	1.9	1.9	0
E7.5	E75_Haematoendothelial_prog	Haematoendothelial_prog	-2.02	2.54	0	0	0	0	2.1	0	0	0
E7.5	E75_Haematoendothelial_prog	Haematoendothelial_prog	2.93	3.43	0	1.8	0	0	1.8	0	0	2.5
E7.5	E75_Haematoendothelial_prog	Haematoendothelial_prog	4.11	2.74	0	0	0	0	1.7	0	1.7	0
E7.5	E75_Haematoendothelial_prog	Haematoendothelial_prog	2.7	0.23	0	0	0	0	2.8	2.2	0	3.2
E7.5	E75_Haematoendothelial_prog	Haematoendothelial_prog	1.68	3.65	0	0	0	0	0	2.2	0	0
E7.5	E75_Haematoendothelial_prog	Haematoendothelial_prog	0.98	1.33	0	0	0	0	0	0	2.1	0
E7.5	E75_Haematoendothelial_prog	Haematoendothelial_prog	4.96	-2.49	0	1.9	0	0	2.9	0	0	2.9
E7.5	E75_Haematoendothelial_prog	Haematoendothelial_prog	0.48	-1.15	0	0	0	0	0	0	2.2	2.8
E7.5	E75_Haematoendothelial_prog	Haematoendothelial_prog	-3.65	4.05	0	0	0	1.5	2	0	0	2.9
E7.5	E75_Haematoendothelial_prog	Haematoendothelial_prog	4.83	-3.22	0	0	2.2	0	0	0	2.2	2.2
E7.5	E75_Haematoendothelial_prog	Haematoendothelial_prog	-1.24	3.8	0	0	0	0	0	0	0	0
E7.5	E75_Haematoendothelial_prog	Haematoendothelial_prog	4.31	-2.58	0	0	0	1.9	2.5	0	1.9	0
E7.5	E75_Haematoendothelial_prog	Haematoendothelial_prog	3.96	-3.37	0	0	0	0	2.2	0	2.2	0
E7.5	E75_Haematoendothelial_prog	Haematoendothelial_prog	3.41	-2.73	0	0	0	0	2.4	0	0	1.8
E7.5	E75_Haematoendothelial_prog	Haematoendothelial_prog	4.18	-1.2	0	1.9	0	1.9	2.5	0	0	2.9
E7.5	E75_Haematoendothelial_prog	Haematoendothelial_prog	-0.03	1.91	0	0	0	0	1.9	1.9	0	2.6
E7.5	E75_Haematoendothelial_prog	Haematoendothelial_prog	2.6	4.54	0	0	0	0	0	0	0	3
E7.5	E75_Haematoendothelial_prog	Haematoendothelial_prog	4.44	0.61	0	2.6	0	0	2	0	2	0
E7.5	E75_Haematoendothelial_prog	Haematoendothelial_prog	3.72	-0.38	0	0	0	0	2.9	2.3	0	0
E7.5	E75_Haematoendothelial_prog	Haematoendothelial_prog	3.31	2.67	0	0	0	0	3.3	0	0	0
E7.5	E75_Haematoendothelial_prog	Haematoendothelial_prog	0.25	3.3	0	0	0	1.8	0	0	0	0
E7.5	E75_Haematoendothelial_prog	Haematoendothelial_prog	1.53	4.53	0	0	0	0	1.6	0	0	2.5
E7.5	E75_Haematoendothelial_prog	Haematoendothelial_prog	2.16	3.52	0	0	0	1.9	0	0	0	2.5
E7.5	E75_Haematoendothelial_prog	Haematoendothelial_prog	5.06	-1.61	0	0	0	0	1.9	0	1.9	0
E7.5	E75_Haematoendothelial_prog	Haematoendothelial_prog	-2.5	1.06	0	0	0	0	3.3	0	0	2.9
E7.5	E75_Haematoendothelial_prog	Haematoendothelial_prog	-5.55	2.19	0	0	0	0	2.6	0	0	2.2
E7.5	E75_Haematoendothelial_prog	Haematoendothelial_prog	-4.64	0.11	0	0	0	0	2.6	0	0	1.9
E7.5	E75_Haematoendothelial_prog	Haematoendothelial_prog	4.49	-2.93	0	0	0	0	0	0	0	2.2
E7.5	E75_Haematoendothelial_prog	Haematoendothelial_prog	-2.2	1.94	0	0	0	0	2.2	0	0	2.2
E7.5	E75_Haematoendothelial_prog	Haematoendothelial_prog	-4.24	-0.77	0	0	0	0	0	2.1	0	2.7
E7.5	E75_Haematoendothelial_prog	Haematoendothelial_prog	-0.99	3.65	0	0	0	2.9	2.2	0	0	0
E7.5	E75_Haematoendothelial_prog	Haematoendothelial_prog	3.96	-0.11	0	0	1.9	0	2.9	0	0	1.9
E7.5	E75_Haematoendothelial_prog	Haematoendothelial_prog	-0.85	2.27	0	0	0	0	0	0	0	3
E7.5	E75_Haematoendothelial_prog	Haematoendothelial_prog	2.88	1.78	0	0	0	0	2.3	0	1.7	1.7
E7.5	E75_Haematoendothelial_prog	Haematoendothelial_prog	-1.64	0.56	0	0	2.2	0	2.8	2.2	0	0
E7.5	E75_Haematoendothelial_prog	Haematoendothelial_prog	4.33	-2.23	0	0	0	0	2.3	0	0	0
E7.5	E75_Haematoendothelial_prog	Haematoendothelial_prog	1.62	-4.68	0	0	0	0	2.6	0	2.6	0
E7.5	E75_Haematoendothelial_prog	Haematoendothelial_prog	-2.04	-1.79	0	0	0	0	3.7	2.4	0	0
E7.5	E75_Haematoendothelial_prog	Haematoendothelial_prog	3.26	3.62	0	0	0	0	0	0	1.8	2.8
E7.5	E75_Haematoendothelial_prog	Haematoendothelial_prog	-3.38	0	0	0	0	3	3	0	0	2.3
E7.5	E75_Haematoendothelial_prog	Haematoendothelial_prog	-2.76	-2.64	0	0	0	0	0	0	0	2.4
E7.5	E75_Haematoendothelial_prog	Haematoendothelial_prog	-1.24	1.54	0	0	0	0	2.4	0	2.4	0
E7.5	E75_Haematoendothelial_prog	Haematoendothelial_prog	4.35	-3.25	0	2	0	0	2	0	3.5	2.6
E7.5	E75_Haematoendothelial_prog	Haematoendothelial_prog	5.64	-2.12	0	0	0	1.6	2.2	1.6	0	2.2
E7.5	E75_Haematoendothelial_prog	Haematoendothelial_prog	4.25	-1.71	0	0	0	0	2.7	0	0	0
E7.5	E75_Haematoendothelial_prog	Haematoendothelial_prog	-4.2	1.63	0	0	0	0	3.3	0	0	0
E7.5	E75_Haematoendothelial_prog	Haematoendothelial_prog	2.6	-2.02	0	2.5	1.9	1.9	2.5	2.5	0	2.8
E7.5	E75_Haematoendothelial_prog	Haematoendothelial_prog	4.18	1.13	0	0	2.2	0	0	0	0	2.2
E7.5	E75_Haematoendothelial_prog	Haematoendothelial_prog	-0.86	-3.25	2.3	2.3	0	2.3	3.3	0	0	3.3
E7.5	E75_Haematoendothelial_prog	Haematoendothelial_prog	-4.72	-0.84	2.1	0	0	0	0	0	0	0
E7.5	E75_Haematoendothelial_prog	Haematoendothelial_prog	-1.75	-1.37	1.9	0	0	0	1.9	1.9	0	1.9
E7.5	E75_Haematoendothelial_prog	Haematoendothelial_prog	5.36	-1.88	0	1.8	0	0	1.8	2.8	0	0
E7.5	E75_Haematoendothelial_prog	Haematoendothelial_prog	-4.37	1.8	0	0	0	0	2	0	0	0
E7.5	E75_Haematoendothelial_prog	Haematoendothelial_prog	-1.4	-1.82	0	0	0	2.3	2.3	0	0	2.3
E7.5	E75_Haematoendothelial_prog	Haematoendothelial_prog	2.18	-2.95	2	0	0	0	2	0	0	0
E7.5	E75_Haematoendothelial_prog	Haematoendothelial_prog	3.86	0.84	0	0	0	0	2	2	0	0
E7.5	E75_Haematoendothelial_prog	Haematoendothelial_prog	-2.33	3.62	0	0	0	0	2.6	0	0	0
E7.5	E75_Haematoendothelial_prog	Haematoendothelial_prog	-2.1	2.04	0	0	0	0	4	0	2.1	2.8
E7.5	E75_Haematoendothelial_prog	Haematoendothelial_prog	0.57	1.07	0	2.2	0	0	2.9	0	0	0
E7.5	E75_Haematoendothelial_prog	Haematoendothelial_prog	-6.41	1.31	0	0	0	0	0	0	0	0
E7.5	E75_Haematoendothelial_prog	Haematoendothelial_prog	-4.22	3.75	0	0	0	1.9	2.9	0	0	1.9
E7.5	E75_Haematoendothelial_prog	Haematoendothelial_prog	-3.39	-1.07	0	0	0	0	1.8	0	1.8	1.8
E7.5	E75_Haematoendothelial_prog	Haematoendothelial_prog	4.06	-2.8	0	2.1	0	0	2.8	2.1	2.1	2.1
E7.5	E75_Haematoendothelial_prog	Haematoendothelial_prog	3.14	3.24	0	0	0	0	2.6	0	2.6	0
E7.5	E75_Haematoendothelial_prog	Haematoendothelial_prog	-0.38	2.38	0	0	0	0	0	0	0	0
E7.5	E75_Haematoendothelial_prog	Haematoendothelial_prog	2.92	3.08	2.5	0	0	0	1.9	0	0	0
E7.5	E75_Haematoendothelial_prog	Haematoendothelial_prog	-2.59	3.32	0	0	0	0	2.3	0	0	2.9
E7.5	E75_Haematoendothelial_prog	Haematoendothelial_prog	2.29	-4.43	0	2.1	0	2.7	2.7	2.1	2.1	3.1
E7.5	E75_Haematoendothelial_prog	Haematoendothelial_prog	2.15	1.71	0	0	0	0	0	0	0	0
E7.5	E75_Haematoendothelial_prog	Haematoendothelial_prog	-2.22	-1.99	0	0	0	2.9	0	0	0	2.9
E7.5	E75_Haematoendothelial_prog	Haematoendothelial_prog	3.95	1.9	0	0	0	0	2	0	0	2
E7.5	E75_Haematoendothelial_prog	Haematoendothelial_prog	2.68	4.53	0	2.3	0	0	0	0	0	2.3
E7.5	E75_Haematoendothelial_prog	Haematoendothelial_prog	0.33	4.45	0	0	0	0	2	0	2	2.6
E7.5	E75_Haematoendothelial_prog	Haematoendothelial_prog	2.04	4.7	0	0	0	0	3.2	0	0	0
E7.5	E75_Haematoendothelial_prog	Haematoendothelial_prog	-1.9	1.67	0	0	0	2.3	3	0	0	0
E7.5	E75_Haematoendothelial_prog	Haematoendothelial_prog	0.37	-0.07	0	1.7	1.7	0	1.7	0	1.7	2.3
E7.5	E75_Haematoendothelial_prog	Haematoendothelial_prog	-0.39	0.37	0	0	0	2.3	3	2.3	0	0
E7.5	E75_Haematoendothelial_prog	Haematoendothelial_prog	-4.8	0.88	0	0	1.8	0	3.1	0	0	0
E7.5	E75_Haematoendothelial_prog	Haematoendothelial_prog	-1.84	-0.17	0	0	0	2.2	2.8	0	0	2.8
E7.5	E75_Haematoendothelial_prog	Haematoendothelial_prog	3.82	-1.43	0	0	0	0	0	0	0	0
E7.5	E75_Haematoendothelial_prog	Haematoendothelial_prog	1.77	4.09	0	0	0	0	2.7	0	1.7	0
E7.5	E75_Haematoendothelial_prog	Haematoendothelial_prog	1.34	4.28	0	0	0	0	2.7	0	0	0
E7.5	E75_Haematoendothelial_prog	Haematoendothelial_prog	3.77	-2.3	0	0	0	0	0	0	0	0
E7.5	E75_Haematoendothelial_prog	Haematoendothelial_prog	-0.18	1.53	0	0	0	0	0	0	0	0
E7.5	E75_Haematoendothelial_prog	Haematoendothelial_prog	-2.77	2.87	0	0	0	0	3.2	2.5	0	0
E7.5	E75_Haematoendothelial_prog	Haematoendothelial_prog	2.64	0.65	0	0	0	0	0	0	2.1	0
E7.5	E75_Haematoendothelial_prog	Haematoendothelial_prog	4.92	-1.01	0	0	0	0	0	0	2.6	0
E7.5	E75_Haematoendothelial_prog	Haematoendothelial_prog	-4.94	-0.63	1.7	0	0	1.7	2.3	1.7	0	1.7
E7.5	E75_Haematoendothelial_prog	Haematoendothelial_prog	-1.37	-0.33	0	0	0	0	3.8	0	0	0
E7.5	E75_Haematoendothelial_prog	Haematoendothelial_prog	-3.31	-0.24	2.1	0	0	2.1	3.6	0	0	2.1
E7.5	E75_Haematoendothelial_prog	Haematoendothelial_prog	2.51	3.77	0	0	0	0	0	0	0	1.9
E7.5	E75_Haematoendothelial_prog	Haematoendothelial_prog	5.25	-1.36	0	0	0	0	0	0	0	0
E7.5	E75_Haematoendothelial_prog	Haematoendothelial_prog	-4.01	0.34	2.1	0	0	2.1	2.1	0	0	3.1
E7.5	E75_Haematoendothelial_prog	Haematoendothelial_prog	-4.52	1.25	2.7	0	1.8	1.8	1.8	0	1.8	3
E7.5	E75_Haematoendothelial_prog	Haematoendothelial_prog	-4.85	1.27	0	0	0	0	2.1	0	0	0
E7.5	E75_Haematoendothelial_prog	Haematoendothelial_prog	2.44	-1.7	0	0	0	0	2.6	2.6	2	2
E7.5	E75_Haematoendothelial_prog	Haematoendothelial_prog	3.1	-1.44	0	0	0	0	2.1	0	0	0
E7.5	E75_Haematoendothelial_prog	Haematoendothelial_prog	-2.91	0.36	2.5	0	0	0	2.5	0	0	3.1
E7.5	E75_Haematoendothelial_prog	Haematoendothelial_prog	1.02	-1.01	0	0	0	2.7	3.6	2.7	0	2.1
E7.5	E75_Haematoendothelial_prog	Haematoendothelial_prog	-3.25	0.62	0	0	0	0	2.2	0	0	3.2
E7.5	E75_Haematoendothelial_prog	Haematoendothelial_prog	0.06	-2.78	2.6	0	0	0	0	0	0	0
E7.5	E75_Haematoendothelial_prog	Haematoendothelial_prog	0.68	3.89	0	0	0	0	0	0	2.3	2.3
E7.5	E75_Haematoendothelial_prog	Haematoendothelial_prog	2.26	2.2	2	0	0	0	2.6	0	2	2.6
E7.5	E75_Haematoendothelial_prog	Haematoendothelial_prog	2.44	3.84	0	0	0	0	0	0	0	1.8
E7.5	E75_Haematoendothelial_prog	Haematoendothelial_prog	2.89	-2.25	0	0	2.2	0	2.9	0	0	0
E7.5	E75_Haematoendothelial_prog	Haematoendothelial_prog	-2.69	-0.67	0	0	0	2.1	3.4	0	0	0
E7.5	E75_Haematoendothelial_prog	Haematoendothelial_prog	2.2	-3.96	2.1	0	0	0	3.1	2.1	0	3.6
E7.5	E75_Haematoendothelial_prog	Haematoendothelial_prog	-1.14	3.51	0	0	0	0	0	0	0	0
E7.5	E75_Haematoendothelial_prog	Haematoendothelial_prog	-4.75	1.18	0	0	0	0	2.2	0	0	0
E7.5	E75_Haematoendothelial_prog	Haematoendothelial_prog	-3.62	0.79	2.5	0	0	0	0	2.5	0	2.5
E7.5	E75_Haematoendothelial_prog	Haematoendothelial_prog	3.2	-1.35	0	0	0	0	0	0	0	0
E7.5	E75_Haematoendothelial_prog	Haematoendothelial_prog	3.21	0.06	0	2	0	0	2.6	2	0	2.6
E7.5	E75_Haematoendothelial_prog	Haematoendothelial_prog	0.18	3.83	0	0	0	0	0	0	0	3.1
E7.5	E75_Haematoendothelial_prog	Haematoendothelial_prog	-0.96	3.38	0	0	0	0	0	0	0	2.2
E7.5	E75_Haematoendothelial_prog	Haematoendothelial_prog	1.47	-2.37	2.3	0	0	0	2.3	0	0	3.4
E7.5	E75_Haematoendothelial_prog	Haematoendothelial_prog	-4.13	-2.19	0	0	0	0	3.1	0	0	2.7
E7.5	E75_Haematoendothelial_prog	Haematoendothelial_prog	-0.74	3.21	0	0	0	2	3.3	2	0	3
E7.5	E75_Haematoendothelial_prog	Haematoendothelial_prog	-2.84	1.66	0	0	1.9	1.9	3.3	1.9	0	2.5
E7.5	E75_Haematoendothelial_prog	Haematoendothelial_prog	-4.5	2.96	0	0	0	2	2	0	0	2.6
E7.5	E75_Haematoendothelial_prog	Haematoendothelial_prog	-3.21	-0.93	0	0	0	0	3.1	0	0	2.1
E7.5	E75_Haematoendothelial_prog	Haematoendothelial_prog	-2.23	-0.63	0	0	0	0	0	2.2	2.2	2.9
E7.5	E75_Haematoendothelial_prog	Haematoendothelial_prog	-2.83	-0.5	0	0	0	0	2.5	1.8	0	1.8
E7.5	E75_Haematoendothelial_prog	Haematoendothelial_prog	-3.71	2.19	1.8	0	0	0	2.8	0	1.8	0
E7.5	E75_Haematoendothelial_prog	Haematoendothelial_prog	2.17	2.39	0	1.9	0	0	2.6	0	0	0
E7.5	E75_Haematoendothelial_prog	Haematoendothelial_prog	-1.14	-0.89	0	0	0	0	0	0	0	2.6
E7.5	E75_Haematoendothelial_prog	Haematoendothelial_prog	-3.94	3.42	2.2	0	0	0	2.8	0	0	3.2
E7.5	E75_Haematoendothelial_prog	Haematoendothelial_prog	4.68	-2.38	0	2.1	0	0	0	2.7	0	2.7
E7.5	E75_Haematoendothelial_prog	Haematoendothelial_prog	-3.66	1.93	0	0	0	0	2.7	0	0	0
E7.5	E75_Haematoendothelial_prog	Haematoendothelial_prog	3.03	-2.13	0	0	0	3.6	2.9	2.9	2.9	0
E7.5	E75_Haematoendothelial_prog	Haematoendothelial_prog	-2.31	1.28	2.4	0	2.4	0	2.4	2.4	0	0
E7.5	E75_Haematoendothelial_prog	Haematoendothelial_prog	1.68	3.01	2.7	2.1	0	0	0	0	0	0
E7.5	E75_Haematoendothelial_prog	Haematoendothelial_prog	-0.64	3.06	0	0	0	0	2.7	0	0	2.3
E7.5	E75_Haematoendothelial_prog	Haematoendothelial_prog	3.31	-3.38	0	2.1	0	0	2.1	2.1	0	2.1
E7.5	E75_Haematoendothelial_prog	Haematoendothelial_prog	-3.13	3.24	2.1	0	0	0	2.8	0	0	3.4
E7.5	E75_Haematoendothelial_prog	Haematoendothelial_prog	-0.58	0.87	0	0	0	0	3.3	1.8	1.8	2.5
E7.5	E75_Haematoendothelial_prog	Haematoendothelial_prog	4.02	2.75	0	0	2.1	0	0	2.1	0	3.4
E7.5	E75_Haematoendothelial_prog	Haematoendothelial_prog	0.03	4.61	0	0	2.3	0	0	0	0	0
E7.5	E75_Haematoendothelial_prog	Haematoendothelial_prog	-2.58	-0.61	0	0	0	0	2.7	0	0	2.1
E7.5	E75_Haematoendothelial_prog	Haematoendothelial_prog	3.46	-1.23	0	2	0	0	2	2	0	2
E7.5	E75_Haematoendothelial_prog	Haematoendothelial_prog	4.55	-0.13	0	0	0	0	3	0	0	0
E7.5	E75_Haematoendothelial_prog	Haematoendothelial_prog	-3.18	-1.54	0	0	0	2.2	2.2	0	0	2.2
E7.5	E75_Haematoendothelial_prog	Haematoendothelial_prog	5.06	-2.12	1.8	0	0	1.8	1.8	0	0	0
E7.5	E75_Haematoendothelial_prog	Haematoendothelial_prog	1.15	4.16	0	0	0	0	0	0	0	2.8
E7.5	E75_Haematoendothelial_prog	Haematoendothelial_prog	-1.49	3.07	0	0	0	2.1	0	0	0	2.1
E7.5	E75_Haematoendothelial_prog	Haematoendothelial_prog	1.1	4.57	0	0	1.7	0	0	0	0	0
E7.5	E75_Haematoendothelial_prog	Haematoendothelial_prog	-2.06	0.08	0	0	0	0	2.3	0	0	2.3
E7.5	E75_Haematoendothelial_prog	Haematoendothelial_prog	-3.34	3.18	0	0	0	0	0	2.1	0	2.7
E7.5	E75_Haematoendothelial_prog	Haematoendothelial_prog	4.73	-1.98	0	0	0	0	3.3	0	2.3	0
E7.5	E75_Haematoendothelial_prog	Haematoendothelial_prog	-2.58	-2.6	0	0	0	0	3.2	0	0	3.2
E7.5	E75_Haematoendothelial_prog	Haematoendothelial_prog	-6.29	1.8	0	0	0	2.3	0	2.3	0	3.3
E7.5	E75_Haematoendothelial_prog	Haematoendothelial_prog	-1.55	0.86	0	0	0	2.1	0	0	0	0
E7.5	E75_Haematoendothelial_prog	Haematoendothelial_prog	3.71	2.64	0	0	0	0	0	0	1.9	0
E7.5	E75_Haematoendothelial_prog	Haematoendothelial_prog	-3.15	0.54	0	0	0	0	2.8	0	0	2.6
E7.5	E75_Haematoendothelial_prog	Haematoendothelial_prog	-4.55	0.16	0	0	0	0	2.2	0	0	2.2
E7.5	E75_Haematoendothelial_prog	Haematoendothelial_prog	-2.01	2.5	0	0	0	0	2.2	0	0	0
E7.5	E75_Haematoendothelial_prog	Haematoendothelial_prog	-3.33	1.74	0	0	0	2.5	3.8	2.5	0	0
E7.5	E75_Haematoendothelial_prog	Haematoendothelial_prog	-5.06	0.5	1.7	0	0	0	0	0	0	1.7
E7.5	E75_Haematoendothelial_prog	Haematoendothelial_prog	4.9	-2.61	0	0	0	2.4	2.4	0	0	0
E7.5	E75_Haematoendothelial_prog	Haematoendothelial_prog	-4.55	2.24	0	0	0	0	3.7	2.2	0	0
E7.5	E75_Haematoendothelial_prog	Haematoendothelial_prog	-1.1	1.06	0	0	0	0	3.2	0	0	0
E7.5	E75_Haematoendothelial_prog	Haematoendothelial_prog	-5.25	1.18	0	0	0	0	0	0	0	2.2
E7.5	E75_Haematoendothelial_prog	Haematoendothelial_prog	-0.32	1.58	0	0	0	0	2.5	1.9	1.9	1.9
E7.5	E75_Haematoendothelial_prog	Haematoendothelial_prog	2.14	-2.22	0	2	2	0	2	0	0	2
E7.5	E75_Haematoendothelial_prog	Haematoendothelial_prog	3.3	1.78	0	0	0	0	2.7	0	0	2.1
E7.5	E75_Haematoendothelial_prog	Haematoendothelial_prog	0.3	-1.03	0	0	0	0	3.9	1.6	0	2.2
E7.5	E75_Haematoendothelial_prog	Haematoendothelial_prog	1.79	-4.46	0	0	0	2.3	3.6	2.3	3.3	3.6
E7.5	E75_Haematoendothelial_prog	Haematoendothelial_prog	-3.42	3.09	2.3	0	0	0	2.3	0	0	2.9
E7.5	E75_Haematoendothelial_prog	Haematoendothelial_prog	2.5	3.51	0	0	0	0	2.7	0	0	3
E7.5	E75_Haematoendothelial_prog	Haematoendothelial_prog	2.2	0.94	0	0	0	0	2.4	1.8	0	1.8
E7.5	E75_Haematoendothelial_prog	Haematoendothelial_prog	0.1	3.18	0	0	0	0	2.9	0	0	2.9
E7.5	E75_Haematoendothelial_prog	Haematoendothelial_prog	0.26	3.62	0	0	0	0	1.8	0	0	0
E7.5	E75_Haematoendothelial_prog	Haematoendothelial_prog	2.14	-2	2.2	0	0	1.6	1.6	0	1.6	2.6
E7.5	E75_Haematoendothelial_prog	Haematoendothelial_prog	1.72	4.3	0	0	1.5	0	1.5	0	0	2.4
E7.5	E75_Haematoendothelial_prog	Haematoendothelial_prog	0.37	2.49	0	0	0	0	2.6	0	0	0
E7.5	E75_Haematoendothelial_prog	Haematoendothelial_prog	1.2	-0.07	0	1.4	0	1.4	2.8	2	0	2.8
E7.5	E75_Haematoendothelial_prog	Haematoendothelial_prog	-3.06	-1.83	0	0	0	2.6	2.8	0	0	2.2
E7.5	E75_Haematoendothelial_prog	Haematoendothelial_prog	2.66	2.59	0	0	0	1.9	0	0	0	1.9
E7.5	E75_Haematoendothelial_prog	Haematoendothelial_prog	-0.29	4.23	0	0	0	0	1.8	0	0	1.8
E7.5	E75_Haematoendothelial_prog	Haematoendothelial_prog	1.53	-1.56	0	0	0	1.7	0	1.7	1.7	2.6
E7.5	E75_Haematoendothelial_prog	Haematoendothelial_prog	-3.28	3.89	0	0	0	0	2.8	0	0	1.8
E7.5	E75_Haematoendothelial_prog	Haematoendothelial_prog	-3.61	4.23	0	0	0	1.5	2.1	0	0	1.5
E7.5	E75_Haematoendothelial_prog	Haematoendothelial_prog	-2.63	0.45	0	0	0	1.7	3	0	0	2.3
E7.5	E75_Haematoendothelial_prog	Haematoendothelial_prog	-4.32	3.28	0	0	0	0	2.3	2.3	0	0
E7.5	E75_Haematoendothelial_prog	Haematoendothelial_prog	-5	1.74	0	0	0	1.3	3	1.3	1.3	1.3
E7.5	E75_Haematoendothelial_prog	Haematoendothelial_prog	4.07	-3.58	0	1.4	1.9	1.4	2.3	1.4	1.4	2.8
E7.5	E75_Haematoendothelial_prog	Haematoendothelial_prog	-4.73	-0.91	1.8	0	0	0	0	0	1.8	0
E7.5	E75_Haematoendothelial_prog	Haematoendothelial_prog	2.38	1.94	0	0	0	0	2.2	0	0	2.2
E7.5	E75_Haematoendothelial_prog	Haematoendothelial_prog	1.67	0.18	0	1.3	0	1.3	2.4	1.3	0	0
E7.5	E75_Haematoendothelial_prog	Haematoendothelial_prog	0.33	-3.19	0	0	0	1.8	1.8	1.8	0	3.5
E7.5	E75_Haematoendothelial_prog	Haematoendothelial_prog	2.5	-0.97	0	0	0	0	2.1	2.1	0	1.6
E7.5	E75_Haematoendothelial_prog	Haematoendothelial_prog	-4.06	-0.04	0	0	0	0	2.1	0	0	2.8
E7.5	E75_Haematoendothelial_prog	Haematoendothelial_prog	3.3	1.01	0	0	0	1.5	2.4	0	0	2.1
E7.5	E75_Haematoendothelial_prog	Haematoendothelial_prog	-0.35	2.51	0	0	0	0	1.8	0	2.4	0
E7.5	E75_Haematoendothelial_prog	Haematoendothelial_prog	3.02	1.24	0	0	0	0	0	2.2	0	0
E7.5	E75_Haematoendothelial_prog	Haematoendothelial_prog	-4.04	2.43	0	0	0	0	3.3	0	0	2.7
E7.5	E75_Haematoendothelial_prog	Haematoendothelial_prog	-1.66	0.33	1.9	0	0	1.9	3.1	3.1	0	3.4
E7.5	E75_Haematoendothelial_prog	Haematoendothelial_prog	-0.88	-1.03	1.6	0	0	0	3.5	1.6	0	0
E7.5	E75_Haematoendothelial_prog	Haematoendothelial_prog	2.08	-1.32	0	0	0	2.8	3.4	0	2.5	1.5
E7.5	E75_Haematoendothelial_prog	Haematoendothelial_prog	2.95	-3.86	0	1.8	0	1.8	1.8	1.8	0	0
E7.5	E75_Haematoendothelial_prog	Haematoendothelial_prog	0.65	-2.99	0	0	0	0	0	1.8	0	2.5
E7.5	E75_Haematoendothelial_prog	Haematoendothelial_prog	1.04	4.07	0	0	0	0	1.7	0	0	1.7
E7.5	E75_Haematoendothelial_prog	Haematoendothelial_prog	0.63	3.38	0	0	0	1.6	3	0	0	2.8
E7.5	E75_Haematoendothelial_prog	Haematoendothelial_prog	1.82	-0.16	0	2.4	0	0	2.4	1.8	1.8	0
E7.5	E75_Haematoendothelial_prog	Haematoendothelial_prog	0.45	-1.4	1.6	0	0	2.2	3	1.6	0	2.6
E7.5	E75_Haematoendothelial_prog	Haematoendothelial_prog	1.61	2.84	0	0	2	0	2	0	0	2
E7.5	E75_Haematoendothelial_prog	Haematoendothelial_prog	-0.25	2.96	1.5	0	0	0	3	0	0	1.5
E7.5	E75_Haematoendothelial_prog	Haematoendothelial_prog	-0.55	4.18	0	0	0	1.6	2.2	1.6	0	2.2
E7.5	E75_Haematoendothelial_prog	Haematoendothelial_prog	4.09	-3.27	0	0	0	0	0	0	0	2.5
E7.5	E75_Haematoendothelial_prog	Haematoendothelial_prog	2.37	0.88	0	0	0	0	2.9	0	0	0
E7.5	E75_Haematoendothelial_prog	Haematoendothelial_prog	-2.66	2.52	0	0	0	0	2.4	1.8	0	2.6
E7.5	E75_Haematoendothelial_prog	Haematoendothelial_prog	0.47	4.77	0	0	0	0	2.8	2.4	0	1.8
E7.5	E75_Haematoendothelial_prog	Haematoendothelial_prog	3.66	2.73	0	1.2	0	0	1.2	0	0	1.8
E7.5	E75_Haematoendothelial_prog	Haematoendothelial_prog	-3.82	3.39	0	0	1.5	0	2.1	0	0	2.8
E7.5	E75_Haematoendothelial_prog	Haematoendothelial_prog	4.09	-2.34	0	0	0	0	3.2	1.5	0	2
E7.5	E75_Haematoendothelial_prog	Haematoendothelial_prog	0.26	4.65	0	1.6	0	0	1.6	2.2	0	2.2
E7.5	E75_Haematoendothelial_prog	Haematoendothelial_prog	2.52	0.46	1.5	0	0	1.5	0	1.5	0	2.1
E7.75	E775_Haematoendothelial_prog	Haematoendothelial_prog	2.31	-4.75	0	2.7	3.4	2.7	2.7	0	0	2.7
E7.75	E775_Haematoendothelial_prog	Haematoendothelial_prog	4.18	1.56	1.7	1.7	0	0	0	0	2.3	1.7
E7.75	E775_Haematoendothelial_prog	Haematoendothelial_prog	-3.51	3.65	0	0	0	0	2.2	0	0	2.8
E7.75	E775_Haematoendothelial_prog	Haematoendothelial_prog	-3.86	0.23	0	0	0	0	2.6	0	0	2.6
E7.75	E775_Haematoendothelial_prog	Haematoendothelial_prog	-0.77	-2.51	0	0	0	4.1	3.7	0	0	0
E7.75	E775_Haematoendothelial_prog	Haematoendothelial_prog	3.54	3.39	0	0	0	0	0	0	0	3
E7.75	E775_Haematoendothelial_prog	Haematoendothelial_prog	-3.57	4.1	0	0	0	0	2	0	1.4	3.3
E7.75	E775_Haematoendothelial_prog	Haematoendothelial_prog	-2.7	2.69	0	0	0	1.9	1.9	0	0	1.9
E7.75	E775_Haematoendothelial_prog	Haematoendothelial_prog	0.91	-0.37	0	0	0	2.3	3.8	0	2.9	0
E7.75	E775_Haematoendothelial_prog	Haematoendothelial_prog	2.72	1.51	0	0	0	0	0	0	2.1	2.7
E7.75	E775_Haematoendothelial_prog	Haematoendothelial_prog	-3.52	4.4	0	0	0	0	3.9	0	2.4	3.4
E7.75	E775_Haematoendothelial_prog	Haematoendothelial_prog	-0.85	2.28	2.4	0	0	0	3.1	0	2.4	2.4
E7.75	E775_Haematoendothelial_prog	Haematoendothelial_prog	3.91	2.09	0	0	0	0	0	0	0	0
E7.75	E775_Haematoendothelial_prog	Haematoendothelial_prog	1.25	2.76	0	1.6	0	0	3	1.6	1.6	2.2
E7.75	E775_Haematoendothelial_prog	Haematoendothelial_prog	2.33	2.95	0	0	0	0	0	0	0	0
E7.75	E775_Haematoendothelial_prog	Haematoendothelial_prog	2.1	2.31	0	0	0	0	0	0	0	2.6
E7.75	E775_Haematoendothelial_prog	Haematoendothelial_prog	4.71	-0.52	0	2.1	0	0	2.1	0	0	2.8
E7.75	E775_Haematoendothelial_prog	Haematoendothelial_prog	-3.22	-1.51	0	2.7	0	0	2.7	0	0	3.4
E7.75	E775_Haematoendothelial_prog	Haematoendothelial_prog	1.29	3.75	0	0	0	0	0	0	0	0
E7.75	E775_Haematoendothelial_prog	Haematoendothelial_prog	3.8	-2.01	2.4	0	0	0	3.4	3.4	0	3
E7.75	E775_Haematoendothelial_prog	Haematoendothelial_prog	-3.15	2.38	0	0	0	0	4	2.4	0	3.1
E7.75	E775_Haematoendothelial_prog	Haematoendothelial_prog	4.94	-2.15	0	1.8	2.1	1.2	1.8	1.2	1.8	2.4
E7.75	E775_Haematoendothelial_prog	Haematoendothelial_prog	2.07	-0.69	0	0	0	2	3.3	0	0	2
E7.75	E775_Haematoendothelial_prog	Haematoendothelial_prog	-6.13	1.52	0	0	0	1.5	2.4	0	0	0
E7.75	E775_Haematoendothelial_prog	Haematoendothelial_prog	4.05	-1.41	0	0	0	0	2.8	2.1	0	0
E7.75	E775_Haematoendothelial_prog	Haematoendothelial_prog	1.4	-3.05	2.5	0	0	2.5	2.5	2.5	2.5	3.1
E7.75	E775_Haematoendothelial_prog	Haematoendothelial_prog	-6.24	1.68	1.7	0	2.3	0	1.7	0	0	2.7
E7.75	E775_Haematoendothelial_prog	Haematoendothelial_prog	5.06	-1.32	2.8	0	0	0	0	0	0	0
E7.75	E775_Haematoendothelial_prog	Haematoendothelial_prog	-4.98	0.55	2.5	2.1	0	1.5	0	0	2.5	0
E7.75	E775_Haematoendothelial_prog	Haematoendothelial_prog	3.66	-2.96	0	0	2.2	2.2	3.3	2.2	2.2	2.2
E7.75	E775_Haematoendothelial_prog	Haematoendothelial_prog	2	4.28	0	0	0	0	3.4	1.9	0	1.9
E7.75	E775_Haematoendothelial_prog	Haematoendothelial_prog	-3.88	3.56	0	0	0	2.1	3.4	0	0	2.1
E7.75	E775_Haematoendothelial_prog	Haematoendothelial_prog	1.97	0.07	0	2	2	1.5	2.7	0	2.7	2.4
E7.75	E775_Haematoendothelial_prog	Haematoendothelial_prog	3.74	2.49	0	2.2	0	0	2.8	0	0	2.2
E7.75	E775_Haematoendothelial_prog	Haematoendothelial_prog	-0.61	0.21	0	0	0	0	4.3	2	0	2
E7.75	E775_Haematoendothelial_prog	Haematoendothelial_prog	-5.85	2.05	0	0	0	0	2.1	0	0	0
E7.75	E775_Haematoendothelial_prog	Haematoendothelial_prog	3.26	3.47	0	0	0	0	2.4	0	0	0
E7.75	E775_Haematoendothelial_prog	Haematoendothelial_prog	1.41	3.22	0	0	0	0	2.2	0	1.3	0
E7.75	E775_Haematoendothelial_prog	Haematoendothelial_prog	-5.87	1.66	0	0	0	2.2	3	0	1.6	2.5
E7.75	E775_Haematoendothelial_prog	Haematoendothelial_prog	-1.75	0.44	0	1.8	0	1.8	4.3	1.8	2.8	1.8
E7.75	E775_Haematoendothelial_prog	Haematoendothelial_prog	1.26	-1.68	2.9	2.3	0	0	0	2.9	0	2.9
E7.75	E775_Haematoendothelial_prog	Haematoendothelial_prog	-4.3	0	2	0	0	0	3.3	0	0	0
E7.75	E775_Haematoendothelial_prog	Haematoendothelial_prog	-3.2	3.32	0	0	0	0	3.3	0	0	2.2
E7.75	E775_Haematoendothelial_prog	Haematoendothelial_prog	4.65	-1.01	0	2.9	0	0	0	0	0	2.9
E7.75	E775_Haematoendothelial_prog	Haematoendothelial_prog	3.79	-0.68	0	0	0	0	3.2	2.1	0	3.4
E7.75	E775_Haematoendothelial_prog	Haematoendothelial_prog	4.43	-1.57	0	0	0	0	4	0	2.8	0
E7.75	E775_Haematoendothelial_prog	Haematoendothelial_prog	3.38	1.85	0	0	0	0	0	0	0	0
E7.75	E775_Haematoendothelial_prog	Haematoendothelial_prog	2.36	0.94	0	0	0	0	2.2	2.2	0	0
E7.75	E775_Haematoendothelial_prog	Haematoendothelial_prog	2.74	0.42	0	0	0	0	2.5	0	0	1.9
E7.75	E775_Haematoendothelial_prog	Haematoendothelial_prog	4.28	-0.97	0	0	0	0	2.9	2.2	0	0
E7.75	E775_Haematoendothelial_prog	Haematoendothelial_prog	2.32	-0.05	3.1	0	0	0	3.5	0	0	0
E7.75	E775_Haematoendothelial_prog	Haematoendothelial_prog	-0.48	4	0	0	0	0	2.2	0	0	2.2
E7.75	E775_Haematoendothelial_prog	Haematoendothelial_prog	3.53	0.78	0	0	0	1.9	2.9	0	2.5	0
E7.75	E775_Haematoendothelial_prog	Haematoendothelial_prog	5.23	-0.89	0	0	0	0	0	0	0	2.2
E7.75	E775_Haematoendothelial_prog	Haematoendothelial_prog	-0.22	3.98	0	0	0	0	1.8	0	0	2.4
E7.75	E775_Haematoendothelial_prog	Haematoendothelial_prog	2.59	-1.53	1.9	0	0	0	4	1.9	0	0
E7.75	E775_Haematoendothelial_prog	Haematoendothelial_prog	-0.76	2.63	0	0	0	0	3.3	0	2	0
E7.75	E775_Endothelium	Endothelium	4.97	-1.07	0	2.1	2.1	0	2.1	0	0	2.1
E7.75	E775_Haematoendothelial_prog	Haematoendothelial_prog	0.77	0.6	0	0	0	2.4	3.5	0	2.4	0
E7.75	E775_Haematoendothelial_prog	Haematoendothelial_prog	-0.02	2.64	0	0	0	2.6	2.6	2	2.6	2
E7.75	E775_Haematoendothelial_prog	Haematoendothelial_prog	-4.32	0.09	0	0	0	1.3	2.2	0	1.3	1.3
E7.75	E775_Haematoendothelial_prog	Haematoendothelial_prog	4.1	1.18	0	0	0	0	3.4	1.8	0	2.4
E7.75	E775_Haematoendothelial_prog	Haematoendothelial_prog	4.77	-1.97	2.8	2.1	0	0	3.2	0	0	2.8
E7.75	E775_Haematoendothelial_prog	Haematoendothelial_prog	1.11	-1.48	0	0	0	0	2.5	1.9	0	2.9
E7.75	E775_Haematoendothelial_prog	Haematoendothelial_prog	4.77	-0.21	0	3.2	0	0	2.5	2.5	0	0
E7.75	E775_Haematoendothelial_prog	Haematoendothelial_prog	0.9	3.34	0	0	0	0	3.1	0	1.8	1.8
E7.75	E775_Haematoendothelial_prog	Haematoendothelial_prog	-0.09	4.7	0	0	2.1	0	2.1	0	0	0
E7.75	E775_Haematoendothelial_prog	Haematoendothelial_prog	4.74	-2	2	2	0	2	2	0	2	2.7
E7.75	E775_Haematoendothelial_prog	Haematoendothelial_prog	-3.96	2.98	0	0	0	1.8	3.1	0	0	0
E7.75	E775_Haematoendothelial_prog	Haematoendothelial_prog	0.63	3.31	0	0	0	0	0	0	0	0
E7.75	E775_Haematoendothelial_prog	Haematoendothelial_prog	-3.95	3.8	0	0	0	0	2.8	0	0	2.6
E7.75	E775_Haematoendothelial_prog	Haematoendothelial_prog	4.2	0.41	0	2.3	0	0	3	2.3	2.3	0
E7.75	E775_Haematoendothelial_prog	Haematoendothelial_prog	3.61	-1.91	2.6	2	2	2	2	0	2.6	0
E7.75	E775_Haematoendothelial_prog	Haematoendothelial_prog	1.21	3.44	0	0	0	0	0	0	0	2.9
E7.75	E775_Haematoendothelial_prog	Haematoendothelial_prog	1.98	-1.97	0	0	0	3.3	3.3	2	2	2
E7.75	E775_Haematoendothelial_prog	Haematoendothelial_prog	2.83	-1.28	0	2.2	0	2.2	2.2	2.2	0	0
E7.75	E775_Haematoendothelial_prog	Haematoendothelial_prog	-4.56	-2.09	0	0	0	0	0	0	0	2.5
E7.75	E775_Endothelium	Endothelium	1.47	-4.59	1.8	2.8	3.1	2.4	3.5	2.4	3.1	3.5
E7.75	E775_Haematoendothelial_prog	Haematoendothelial_prog	-4.02	-1.93	0	0	0	2.7	3.8	0	0	0
E7.75	E775_Haematoendothelial_prog	Haematoendothelial_prog	0.19	4.19	0	0	0	0	0	0	0	3.1
E7.75	E775_Endothelium	Endothelium	2.9	-4.49	1.7	3.1	1.7	1.7	2.3	1.7	1.7	1.7
E7.75	E775_Haematoendothelial_prog	Haematoendothelial_prog	1.48	4.42	0	0	0	0	1.8	0	0	0
E7.75	E775_Haematoendothelial_prog	Haematoendothelial_prog	1	-1.18	0	0	2.2	2.2	3.7	2.2	0	0
E7.75	E775_Haematoendothelial_prog	Haematoendothelial_prog	2.46	1.3	0	0	0	0	2.1	0	0	0
E7.75	E775_Haematoendothelial_prog	Haematoendothelial_prog	1.71	-2.4	2.8	0	0	2.2	3.7	2.2	2.8	2.8
E7.75	E775_Haematoendothelial_prog	Haematoendothelial_prog	3.08	0.82	0	0	0	0	2.3	0	0	0
E7.75	E775_Haematoendothelial_prog	Haematoendothelial_prog	2.05	-4.04	2.8	2.8	0	0	2.8	0	2.8	3.5
E7.75	E775_Haematoendothelial_prog	Haematoendothelial_prog	4.71	-3.12	0	2.6	1.9	2.6	1.9	1.9	1.9	2.6
E7.75	E775_Haematoendothelial_prog	Haematoendothelial_prog	-4.01	1.26	2.4	0	0	0	1.8	1.8	0	3
E7.75	E775_Endothelium	Endothelium	4.66	-2.78	0	2.5	0	0	0	0	0	2.5
E7.75	E775_Endothelium	Endothelium	4.8	-2.93	2.3	2.3	0	0	2.7	1.7	1.7	2.3
E7.75	E775_Haematoendothelial_prog	Haematoendothelial_prog	-2.98	2.28	0	0	0	0	2.8	0	0	0
E7.75	E775_Haematoendothelial_prog	Haematoendothelial_prog	-4.8	-2.34	0	0	0	0	2.9	0	0	0
E7.75	E775_Endothelium	Endothelium	4.5	-3.7	0	0	2.4	2.8	2.4	0	1.8	3.1
E7.75	E775_Haematoendothelial_prog	Haematoendothelial_prog	1.6	-3.96	1.8	2.4	1.8	3.3	3.3	3.1	3.5	1.8
E7.75	E775_Haematoendothelial_prog	Haematoendothelial_prog	-0.35	-2.81	0	0	0	0	0	0	0	3
E7.75	E775_Haematoendothelial_prog	Haematoendothelial_prog	2.38	-3.86	0	2.9	0	2.9	2.9	2.9	0	2.9
E7.75	E775_Haematoendothelial_prog	Haematoendothelial_prog	2.15	4.35	0	0	0	0	0	0	0	2.7
E7.75	E775_Haematoendothelial_prog	Haematoendothelial_prog	-3.19	-0.35	2.5	0	1.9	1.9	3.8	0	0	1.9
E7.75	E775_Haematoendothelial_prog	Haematoendothelial_prog	0.37	-2.55	1.9	1.9	0	0	1.9	2.5	1.9	2.5
E7.75	E775_Haematoendothelial_prog	Haematoendothelial_prog	3.64	-2.88	1.7	2.3	0	1.7	1.7	0	1.7	2.3
E7.75	E775_Endothelium	Endothelium	3.59	-3.87	0	3.4	0	0	2.1	0	2.1	2.8
E7.75	E775_Haematoendothelial_prog	Haematoendothelial_prog	0.77	2.05	0	0	0	0	3.6	0	0	0
E7.75	E775_Haematoendothelial_prog	Haematoendothelial_prog	-3.31	2.01	0	0	0	0	0	0	0	0
E7.75	E775_Haematoendothelial_prog	Haematoendothelial_prog	-5.05	-1.04	0	0	0	0	3.2	0	0	2.6
E7.75	E775_Haematoendothelial_prog	Haematoendothelial_prog	-5.95	1.49	0	0	0	0	3.5	0	0	0
E7.75	E775_Haematoendothelial_prog	Haematoendothelial_prog	2.79	-3.95	0	0	0	3.3	3.7	0	3.3	0
E7.75	E775_Haematoendothelial_prog	Haematoendothelial_prog	3.57	2.42	0	1.7	0	0	2.7	0	0	0
E7.75	E775_Haematoendothelial_prog	Haematoendothelial_prog	-5.09	-1.75	0	0	0	2.1	2.1	2.1	0	2.1
E7.75	E775_Haematoendothelial_prog	Haematoendothelial_prog	2.49	-0.88	0	0	0	0	3.1	2.4	0	0
E7.75	E775_Haematoendothelial_prog	Haematoendothelial_prog	1.43	-3.4	2.5	3.4	1.9	1.9	3.7	2.9	1.9	2.5
E7.75	E775_Haematoendothelial_prog	Haematoendothelial_prog	2.41	4.65	0	0	0	0	0	0	0	0
E7.75	E775_Haematoendothelial_prog	Haematoendothelial_prog	3.22	0.46	0	0	0	1.7	2.3	0	0	2.7
E7.75	E775_Endothelium	Endothelium	4.97	-2.97	0	2.8	0	2.4	2.4	1.8	1.8	2.4
E7.75	E775_Haematoendothelial_prog	Haematoendothelial_prog	-4.9	1.67	0	0	0	1.9	2.5	1.9	0	2.5
E7.75	E775_Haematoendothelial_prog	Haematoendothelial_prog	-3.81	-2.45	0	0	2.3	0	3.6	0	2.3	0
E7.75	E775_Haematoendothelial_prog	Haematoendothelial_prog	1.95	-0.24	0	0	0	1.8	3.9	3	2.4	2.4
E7.75	E775_Haematoendothelial_prog	Haematoendothelial_prog	0.86	2.49	0	0	0	3	0	0	0	0
E7.75	E775_Haematoendothelial_prog	Haematoendothelial_prog	-2.49	0.61	0	0	0	0	2.9	0	0	1.9
E7.75	E775_Haematoendothelial_prog	Haematoendothelial_prog	-1.65	0.44	0	0	0	3.1	0	0	0	0
E7.75	E775_Haematoendothelial_prog	Haematoendothelial_prog	1.95	0.44	2.2	0	0	0	2.2	0	2.8	2.2
E7.75	E775_Haematoendothelial_prog	Haematoendothelial_prog	3.96	1.1	0	1.7	0	1.7	2.7	0	0	2.3
E7.75	E775_Haematoendothelial_prog	Haematoendothelial_prog	2.53	2.35	0	0	0	0	3.6	2.3	0	0
E7.75	E775_Haematoendothelial_prog	Haematoendothelial_prog	3.93	0.21	0	0	0	0	3	2.3	0	0
E7.75	E775_Haematoendothelial_prog	Haematoendothelial_prog	1.16	-2.05	0	0	2.5	1.8	2.5	2.5	2.5	1.8
E7.75	E775_Haematoendothelial_prog	Haematoendothelial_prog	1.3	-3.78	0	2.3	0	2.3	3.6	0	0	0
E7.75	E775_Haematoendothelial_prog	Haematoendothelial_prog	4.81	-0.71	0	2.1	0	0	2.1	0	2.1	0
E7.75	E775_Haematoendothelial_prog	Haematoendothelial_prog	-2.52	-0.01	2.1	0	0	2.8	2.8	0	2.1	3.1
E7.75	E775_Haematoendothelial_prog	Haematoendothelial_prog	-1.93	-0.84	2.3	0	0	0	3.6	0	0	2.3
E7.75	E775_Haematoendothelial_prog	Haematoendothelial_prog	0.14	-1.76	0	0	0	3	3.8	0	3.3	3.3
E7.75	E775_Haematoendothelial_prog	Haematoendothelial_prog	-1.97	0	0	0	2.2	0	2.2	0	0	2.2
E7.75	E775_Haematoendothelial_prog	Haematoendothelial_prog	1.46	-2.38	0	0	0	2.8	3.2	0	2.1	0
E7.75	E775_Haematoendothelial_prog	Haematoendothelial_prog	3.33	-3.37	0	0	0	1.8	2.7	1.8	1.8	2.7
E7.75	E775_Haematoendothelial_prog	Haematoendothelial_prog	2.15	-4.34	2.1	3.8	0	2.7	2.1	0	0	3.6
E7.75	E775_Haematoendothelial_prog	Haematoendothelial_prog	1.1	-4.01	2.6	1.9	0	2.6	3.4	0	1.9	2.6
E7.75	E775_Endothelium	Endothelium	1.37	-4.08	0	2.7	2.7	2	3.3	0	2.7	3
E7.75	E775_Haematoendothelial_prog	Haematoendothelial_prog	1.81	0.77	0	2	0	0	2	0	0	0
E7.75	E775_Haematoendothelial_prog	Haematoendothelial_prog	1.34	-0.66	0	3.1	0	0	3.1	0	0	2.1
E7.75	E775_Haematoendothelial_prog	Haematoendothelial_prog	-4.33	-0.28	0	0	0	0	3.2	0	2.4	1.8
E7.75	E775_Haematoendothelial_prog	Haematoendothelial_prog	-2.97	-0.48	2.4	0	0	0	3	0	0	2.4
E7.75	E775_Haematoendothelial_prog	Haematoendothelial_prog	3.17	0.62	0	0	0	0	0	0	2	0
E7.75	E775_Haematoendothelial_prog	Haematoendothelial_prog	2.89	4.23	0	0	0	0	2.8	0	0	0
E7.75	E775_Haematoendothelial_prog	Haematoendothelial_prog	-4.43	-2.88	0	0	2.6	0	2.6	0	0	0
E7.75	E775_Haematoendothelial_prog	Haematoendothelial_prog	0.46	-2.85	2.1	3.2	2.1	3.2	2.8	4	2.1	2.8
E7.75	E775_Haematoendothelial_prog	Haematoendothelial_prog	-2.29	1.22	1.9	0	0	1.9	2.9	1.9	0	1.9
E7.75	E775_Haematoendothelial_prog	Haematoendothelial_prog	-3.94	1.13	0	0	0	0	2.2	2.2	1.6	1.6
E7.75	E775_Haematoendothelial_prog	Haematoendothelial_prog	-2.32	-0.02	0	0	1.9	0	3.2	2.5	0	2.5
E7.75	E775_Haematoendothelial_prog	Haematoendothelial_prog	-1.44	-0.29	2.6	0	0	0	3.2	0	2.6	2.6
E7.75	E775_Haematoendothelial_prog	Haematoendothelial_prog	0.09	-1.25	0	0	1.9	1.9	2.5	1.9	0	0
E7.75	E775_Haematoendothelial_prog	Haematoendothelial_prog	-1.72	-1	0	0	0	2.1	3.2	0	2.5	2.8
E7.75	E775_Haematoendothelial_prog	Haematoendothelial_prog	-0.73	-0.87	2.2	0	0	2.9	3.5	0	0	0
E7.75	E775_Endothelium	Endothelium	0.51	-3.35	1.6	2.2	2.6	3.1	3.1	3.7	1.6	0
E7.75	E775_Haematoendothelial_prog	Haematoendothelial_prog	-0.16	-2.2	0	0	3.1	2.5	3.1	0	0	0
E7.75	E775_Haematoendothelial_prog	Haematoendothelial_prog	-1.41	1.78	0	0	2.9	0	2.9	2.9	0	0
E7.75	E775_Endothelium	Endothelium	1.29	-3.22	1.7	0	1.7	3.4	3.6	3	1.7	2.3
E7.75	E775_Haematoendothelial_prog	Haematoendothelial_prog	2.3	1.92	0	1.8	0	0	2.4	0	0	2.8
E7.75	E775_Haematoendothelial_prog	Haematoendothelial_prog	-4.56	-0.12	0	0	0	0	2	0	0	0
E7.75	E775_Haematoendothelial_prog	Haematoendothelial_prog	-1.47	0.03	2.4	0	0	1.8	3.7	2.7	1.8	1.8
E7.75	E775_Haematoendothelial_prog	Haematoendothelial_prog	-5.92	2.47	0	0	0	2.3	0	0	1.7	0
E7.75	E775_Haematoendothelial_prog	Haematoendothelial_prog	1.82	2.07	0	2.5	0	2.5	2.5	0	0	0
E7.75	E775_Endothelium	Endothelium	1.56	-1.41	2.4	3	0	3	3.4	0	2.4	3
E7.75	E775_Haematoendothelial_prog	Haematoendothelial_prog	-3.49	1.59	0	0	0	1.9	3.2	0	1.9	1.9
E7.75	E775_Haematoendothelial_prog	Haematoendothelial_prog	-2.4	-0.81	2.6	0	0	2	3.7	2.6	0	2
E7.75	E775_Haematoendothelial_prog	Haematoendothelial_prog	0.73	-2.43	0	0	2.2	2.8	0	2.8	2.2	0
E7.75	E775_Haematoendothelial_prog	Haematoendothelial_prog	-1.08	-3.61	3.1	2.1	0	2.1	4.3	2.1	3.1	2.1
E7.75	E775_Haematoendothelial_prog	Haematoendothelial_prog	-2.39	0.95	2.2	2.2	0	0	2.8	0	0	0
E7.75	E775_Endothelium	Endothelium	4.07	-3.34	0	0	0	2.2	3.7	0	2.2	2.9
E7.75	E775_Haematoendothelial_prog	Haematoendothelial_prog	-4.15	1.6	0	0	0	0	3.2	0	0	3
E7.75	E775_Haematoendothelial_prog	Haematoendothelial_prog	0.31	-0.35	1.9	2.2	2.7	1.3	3.5	2.5	1.3	2.8
E7.75	E775_Endothelium	Endothelium	1.18	-0.18	1.5	2.1	2.1	0	3.4	1.5	1.5	0
E7.75	E775_Haematoendothelial_prog	Haematoendothelial_prog	-2.82	0.04	0	0	0	0	2.6	0	0	3
E7.75	E775_Haematoendothelial_prog	Haematoendothelial_prog	-1.94	2.06	0	0	0	0	2.3	0	0	2.9
E7.75	E775_Haematoendothelial_prog	Haematoendothelial_prog	4.1	1.85	0	0	0	0	2.8	1.8	0	2.8
E7.75	E775_Haematoendothelial_prog	Haematoendothelial_prog	-5.08	-1.23	0	0	1.7	0	2.9	0	0	1.7
E7.75	E775_Haematoendothelial_prog	Haematoendothelial_prog	-2.93	-2.61	0	2.1	2.1	2.1	3.1	0	0	0
E7.75	E775_Haematoendothelial_prog	Haematoendothelial_prog	-2.43	-1.19	2.5	1.9	0	1.9	2.9	1.9	1.9	0
E7.75	E775_Haematoendothelial_prog	Haematoendothelial_prog	-5.67	2.13	0	0	2.8	2.8	3.7	0	0	1.8
E7.75	E775_Haematoendothelial_prog	Haematoendothelial_prog	-2.53	3.16	0	0	0	0	2.6	2	0	2
E7.75	E775_Endothelium	Endothelium	1.06	-4.51	3.1	2.5	0	2.5	2.5	3.5	3.5	2.5
E7.75	E775_Haematoendothelial_prog	Haematoendothelial_prog	-2.41	2.33	0	0	0	2	2	2	0	2
E7.75	E775_Haematoendothelial_prog	Haematoendothelial_prog	1.26	0.02	0	2.5	0	2.5	3.2	3.2	0	0
E7.75	E775_Endothelium	Endothelium	2.56	-2.65	2.8	0	0	0	2.8	0	2.8	2.8
E7.75	E775_Haematoendothelial_prog	Haematoendothelial_prog	-5.34	-2.16	0	0	1.6	2.2	2.8	0	0	2.5
E7.75	E775_Haematoendothelial_prog	Haematoendothelial_prog	4.14	-0.45	2.4	2.4	0	2.4	2.4	2.4	2.4	0
E7.75	E775_Haematoendothelial_prog	Haematoendothelial_prog	-3.31	-0.37	0	1.7	0	1.7	3.3	1.7	0	2.9
E7.75	E775_Haematoendothelial_prog	Haematoendothelial_prog	-1.97	-2.89	0	0	0	1.8	2.5	0	0	2.8
E7.75	E775_Endothelium	Endothelium	3.59	-1.72	2	2	2	3.3	3	2	3.3	0
E7.75	E775_Haematoendothelial_prog	Haematoendothelial_prog	4.55	-0.02	0	2.3	2.3	0	0	2.3	0	2.3
E7.75	E775_Endothelium	Endothelium	1.22	-3.25	2.2	1.6	0	2.2	2.5	2.5	2.2	3.3
E7.75	E775_Haematoendothelial_prog	Haematoendothelial_prog	1.62	2.97	0	0	0	0	2.7	0	2.1	2.1
E7.75	E775_Haematoendothelial_prog	Haematoendothelial_prog	-2.62	0.86	0	0	0	0	3.8	0	0	0
E7.75	E775_Endothelium	Endothelium	1.8	-4.09	0	3	1.7	2.4	3.4	1.7	2.4	3
E7.75	E775_Haematoendothelial_prog	Haematoendothelial_prog	1.27	-0.89	1.7	2.3	1.7	2.3	3.4	3	0	2.3
E7.75	E775_Haematoendothelial_prog	Haematoendothelial_prog	-2.51	-0.02	2.3	0	0	0	0	0	0	0
E7.75	E775_Haematoendothelial_prog	Haematoendothelial_prog	-4.03	-2.09	2.1	0	2.1	2.7	3.6	0	0	0
E7.75	E775_Haematoendothelial_prog	Haematoendothelial_prog	-4.27	-2.55	0	0	0	2.3	3.3	0	0	2.3
E7.75	E775_Haematoendothelial_prog	Haematoendothelial_prog	1.37	3.09	0	2	0	0	2	0	2	3.5
E7.75	E775_Haematoendothelial_prog	Haematoendothelial_prog	-5.16	-2.28	0	0	0	0	2.7	2.1	0	2.7
E7.75	E775_Haematoendothelial_prog	Haematoendothelial_prog	1.66	2.47	0	0	0	0	0	0	1.9	1.9
E7.75	E775_Haematoendothelial_prog	Haematoendothelial_prog	-2.94	-1.69	0	0	0	3.6	2.9	2.9	0	0
E7.75	E775_Endothelium	Endothelium	2.48	-0.46	0	2.7	1.9	2.5	3	2.2	0	0
E7.75	E775_Haematoendothelial_prog	Haematoendothelial_prog	-2.59	3.91	0	0	0	0	3.2	0	0	0
E7.75	E775_Haematoendothelial_prog	Haematoendothelial_prog	0.61	2.73	0	1.9	0	1.9	2.5	1.9	0	2.9
E7.75	E775_Endothelium	Endothelium	0.7	-4.52	2.1	3.4	2.1	2.8	3.1	0	2.8	3.6
E7.75	E775_Haematoendothelial_prog	Haematoendothelial_prog	-5.44	1.59	0	0	0	0	2.3	2.3	0	2.3
E7.75	E775_Endothelium	Endothelium	1.05	-4.83	2.3	2.3	2.3	0	3.6	0	3.3	0
E7.75	E775_Endothelium	Endothelium	-0.09	-1.88	0	2	3.3	3.3	2.6	0	0	3.3
E7.75	E775_Haematoendothelial_prog	Haematoendothelial_prog	2.05	2.91	0	0	0	0	1.6	0	0	1.6
E7.75	E775_Haematoendothelial_prog	Haematoendothelial_prog	-1.68	0.47	0	0	0	2.4	2.4	0	0	3
E7.75	E775_Haematoendothelial_prog	Haematoendothelial_prog	0.83	0.24	2.3	2.3	0	0	3.4	2.9	2.3	0
E7.75	E775_Haematoendothelial_prog	Haematoendothelial_prog	3.4	1.13	1.6	2.6	0	2.8	2.8	0	0	1.6
E7.75	E775_Endothelium	Endothelium	1.3	-3.53	3.1	2.5	0	2.5	4	2.5	3.5	2.5
E7.75	E775_Haematoendothelial_prog	Haematoendothelial_prog	-2.02	-2.61	0	0	1.9	1.9	3.5	1.9	0	1.9
E7.75	E775_Haematoendothelial_prog	Haematoendothelial_prog	4.88	0.19	0	0	0	0	3.2	2.4	2.4	0
E7.75	E775_Haematoendothelial_prog	Haematoendothelial_prog	-4.52	-2.64	0	0	0	0	2.8	0	0	2.8
E7.75	E775_Haematoendothelial_prog	Haematoendothelial_prog	0.4	1.64	0	0	0	1.3	0	0	1.3	1.8
E7.75	E775_Endothelium	Endothelium	1.69	-4.7	0	3.4	0	0	3.4	0	0	0
E7.75	E775_Endothelium	Endothelium	1.99	-4.64	2.4	3	0	3	3.7	3.7	2.4	3
E7.75	E775_Haematoendothelial_prog	Haematoendothelial_prog	1.71	2.05	0	0	0	0	3.7	2.5	0	0
E7.75	E775_Haematoendothelial_prog	Haematoendothelial_prog	-4.23	-1.35	1.7	0	0	1.7	3.5	0	0	0
E7.75	E775_Haematoendothelial_prog	Haematoendothelial_prog	-2.65	-2.85	1.9	1.9	2.9	1.9	2.6	3.2	2.6	3.4
E7.75	E775_Haematoendothelial_prog	Haematoendothelial_prog	1.49	2.73	0	0	0	0	2.8	0	0	0
E7.75	E775_Haematoendothelial_prog	Haematoendothelial_prog	-3.38	3.82	0	0	0	1.8	3.3	0	0	0
E7.75	E775_Haematoendothelial_prog	Haematoendothelial_prog	-3.73	-2.97	0	0	2.4	2.4	3.3	0	0	3.7
E7.75	E775_Haematoendothelial_prog	Haematoendothelial_prog	2.12	-3.49	2.5	0	2.9	1.9	3.4	1.9	2.9	2.5
E7.75	E775_Haematoendothelial_prog	Haematoendothelial_prog	2.61	-0.3	1.8	3.3	0	2.8	2.8	1.8	2.5	0
E7.75	E775_Haematoendothelial_prog	Haematoendothelial_prog	-2.15	1.89	0	2.2	0	2.2	3.2	2.8	0	0
E7.75	E775_Endothelium	Endothelium	2.35	-3.74	2.5	2.9	2.8	2.5	3.7	3.2	2.8	2
E7.75	E775_Haematoendothelial_prog	Haematoendothelial_prog	-0.01	1.2	0	0	0	4	3.6	0	0	0
E7.75	E775_Haematoendothelial_prog	Haematoendothelial_prog	-1.06	-0.3	2.9	0	2.2	2.2	3.3	2.9	0	2.9
E7.75	E775_Haematoendothelial_prog	Haematoendothelial_prog	-2.33	-3.21	2	0	0	0	3.7	2	0	2
E7.75	E775_Haematoendothelial_prog	Haematoendothelial_prog	4.01	-0.79	0	1.9	0	1.9	2.9	2.9	0	0
E7.75	E775_Endothelium	Endothelium	0.53	-2.96	2.7	2.1	0	2.1	4.1	3.3	2.1	2.1
E7.75	E775_Haematoendothelial_prog	Haematoendothelial_prog	-0.71	-0.49	0	0	0	0	2.2	0	2.2	0
E7.75	E775_Haematoendothelial_prog	Haematoendothelial_prog	-3.27	1.48	0	0	0	0	2.7	0	0	2.1
E7.75	E775_Haematoendothelial_prog	Haematoendothelial_prog	-2.26	0.78	2.8	2.2	0	2.2	2.2	3.7	0	2.8
E7.75	E775_Haematoendothelial_prog	Haematoendothelial_prog	-4.59	2.69	1.4	2.4	0	2	2.6	1.4	2	2.4
E7.75	E775_Endothelium	Endothelium	4.31	-3.46	3	0	3.4	0	3	2.4	3	2.4
E7.75	E775_Haematoendothelial_prog	Haematoendothelial_prog	-2.45	-3.13	2.8	0	3.1	2.8	3.6	2.1	0	4.1
E7.75	E775_Endothelium	Endothelium	1.69	-3.3	0	2.4	2.4	3	3	2.4	3	3
E7.75	E775_Endothelium	Endothelium	0.45	-2.36	1.8	1.8	0	3.2	3.6	3.2	0	3.4
E7.75	E775_Endothelium	Endothelium	0.63	-4.44	3.4	4.5	2.8	0	0	3.4	3.4	2.8
E7.75	E775_Haematoendothelial_prog	Haematoendothelial_prog	1.02	3.91	0	0	0	0	2.2	0	2.2	0
E7.75	E775_Haematoendothelial_prog	Haematoendothelial_prog	-0.31	-2.38	2	0	0	2.6	3.5	4.2	0	2
E7.75	E775_Haematoendothelial_prog	Haematoendothelial_prog	1.63	2.05	0	0	0	2.2	2.4	1.8	0	1.3
E7.75	E775_Haematoendothelial_prog	Haematoendothelial_prog	-3.36	-3.31	0	1.9	0	1.9	2.5	3.2	1.9	1.9
E7.75	E775_Haematoendothelial_prog	Haematoendothelial_prog	2.3	1.26	0	0	0	0	2.9	0	0	1.9
E7.75	E775_Endothelium	Endothelium	1.34	-2.63	0	0	1.9	1.9	1.9	2.9	2.5	1.9
E7.75	E775_Haematoendothelial_prog	Haematoendothelial_prog	-3.94	-2.21	1.8	0	1.8	1.8	2.5	0	0	0
E7.75	E775_Haematoendothelial_prog	Haematoendothelial_prog	3.24	-0.93	3.3	0	0	2.7	2.7	0	0	3.3
E7.75	E775_Haematoendothelial_prog	Haematoendothelial_prog	-4.37	-1.92	0	0	0	0	2.3	0	0	2.9
E7.75	E775_Haematoendothelial_prog	Haematoendothelial_prog	3.08	-0.86	2.1	2.1	0	0	2.7	2.1	2.1	2.7
E7.75	E775_Haematoendothelial_prog	Haematoendothelial_prog	-0.55	3.7	0	0	0	0	2	0	0	0
E7.75	E775_Haematoendothelial_prog	Haematoendothelial_prog	-1.52	-0.93	0	1.5	0	1.5	3.1	0	0	0
E7.75	E775_Haematoendothelial_prog	Haematoendothelial_prog	-4.72	2.52	0	0	0	0	1.7	1.7	0	2.7
E7.75	E775_Haematoendothelial_prog	Haematoendothelial_prog	-3.39	4.07	2.1	0	0	2.1	4	0	0	0
E7.75	E775_Haematoendothelial_prog	Haematoendothelial_prog	2.99	-2.48	2.6	2.6	0	0	2.6	2.6	3.3	2.6
E7.75	E775_Haematoendothelial_prog	Haematoendothelial_prog	-2.31	-0.1	0	0	1.5	0	2.5	1.5	0	0
E7.75	E775_Endothelium	Endothelium	3.14	-3.09	2.5	2.5	0	3.4	2.5	1.9	1.9	1.9
E7.75	E775_Haematoendothelial_prog	Haematoendothelial_prog	-0.4	-1.84	2.6	1.6	0	2.6	2.9	2.9	0	3.3
E7.75	E775_Endothelium	Endothelium	0.69	-2.61	0	0	0	3.1	3.4	2.4	3.1	3.1
E7.75	E775_Haematoendothelial_prog	Haematoendothelial_prog	0.38	-3.38	0	2	2.3	1.4	2	2.3	1.4	1.4
E7.75	E775_Haematoendothelial_prog	Haematoendothelial_prog	-4.62	-0.66	2.4	0	0	1.8	3.2	0	1.8	0
E7.75	E775_Haematoendothelial_prog	Haematoendothelial_prog	-3.73	-2.98	0	0	2.1	2.1	3.1	0	0	0
E7.75	E775_Haematoendothelial_prog	Haematoendothelial_prog	1.45	4.71	0	0	0	0	2.7	0	0	0
E7.75	E775_Endothelium	Endothelium	1.99	-0.48	2.3	2	0	0	2.8	2	2	1.7
E7.75	E775_Haematoendothelial_prog	Haematoendothelial_prog	-5.31	-2.35	0	0	0	0	3	0	0	0
E7.75	E775_Haematoendothelial_prog	Haematoendothelial_prog	3.32	1.9	1.7	0	0	2.3	1.7	1.7	0	2.3
E7.75	E775_Haematoendothelial_prog	Haematoendothelial_prog	-1.19	1.11	1.8	0	0	2.4	3.6	2.8	0	2.4
E7.75	E775_Haematoendothelial_prog	Haematoendothelial_prog	-3.81	-2.77	0	0	2.3	0	3	0	0	3
E7.75	E775_Haematoendothelial_prog	Haematoendothelial_prog	-4.73	-2.48	0	1.8	0	1.8	2.4	0	0	3.1
E7.75	E775_Haematoendothelial_prog	Haematoendothelial_prog	-4.75	-2.65	0	0	0	0	2.9	0	0	0
E7.75	E775_Haematoendothelial_prog	Haematoendothelial_prog	-1	-2.91	2	2.7	0	2	2.7	0	2	0
E7.75	E775_Haematoendothelial_prog	Haematoendothelial_prog	-4.04	-1.02	0	0	0	2.6	4.3	0	0	2
E7.75	E775_Haematoendothelial_prog	Haematoendothelial_prog	-3.53	-1.76	0	0	2.2	2.2	3.5	0	0	3.2
E7.75	E775_Haematoendothelial_prog	Haematoendothelial_prog	-6.09	1.52	2.6	2.2	0	2.2	2.4	0	2.4	1.3
E7.75	E775_Haematoendothelial_prog	Haematoendothelial_prog	-0.08	0.87	0	0	0	0	2.9	2.7	1.3	0
E7.75	E775_Haematoendothelial_prog	Haematoendothelial_prog	2.03	-0.91	0	0	0	2.8	2.4	1.8	1.8	2.8
E7.75	E775_Haematoendothelial_prog	Haematoendothelial_prog	-2.27	0.13	0	2.3	1.4	1.4	3.4	1.4	2	3
E7.75	E775_Haematoendothelial_prog	Haematoendothelial_prog	-3.05	2.59	0	0	0	0	2.6	0	0	2
E7.75	E775_Haematoendothelial_prog	Haematoendothelial_prog	-3.36	-2.35	0	0	3.7	2.6	3.9	3.3	0	0
E7.75	E775_Haematoendothelial_prog	Haematoendothelial_prog	-3.73	1.49	0	1.8	1.8	0	3	1.8	0	3
E7.75	E775_Haematoendothelial_prog	Haematoendothelial_prog	1.29	2.31	0	1.9	0	0	2.9	0	0	1.9
E7.75	E775_Haematoendothelial_prog	Haematoendothelial_prog	0.58	-1.36	0	0	0	2.2	2.9	3.3	0	3.5
E7.75	E775_Haematoendothelial_prog	Haematoendothelial_prog	-2.24	4.07	0	0	0	0	1.7	1.7	0	0
E7.75	E775_Endothelium	Endothelium	1.31	-3.93	0	3.2	0	3.2	3.7	0	2.8	2.8
E7.75	E775_Endothelium	Endothelium	2.11	-0.78	0	2.3	0	3.3	3.1	2.6	1.7	2.6
E7.75	E775_Haematoendothelial_prog	Haematoendothelial_prog	2.25	-1.09	0	2.5	0	0	3.7	0	2.9	2.9
E7.75	E775_Haematoendothelial_prog	Haematoendothelial_prog	-1.61	-3.29	2.4	0	2.4	2.8	4.3	0	0	2.4
E7.75	E775_Endothelium	Endothelium	3.61	-3.86	1.8	3	1.8	3	2.7	2.4	2.4	3
E7.75	E775_Haematoendothelial_prog	Haematoendothelial_prog	0.11	4.16	0	0	0	0	2.7	1.8	0	0
E7.75	E775_Haematoendothelial_prog	Haematoendothelial_prog	-2.8	-1.98	0	0	0	0	3.4	0	0	0
E7.75	E775_Haematoendothelial_prog	Haematoendothelial_prog	-4.99	-0.18	0	0	0	1.7	3.2	0	0	2.7
E7.75	E775_Haematoendothelial_prog	Haematoendothelial_prog	-4.01	4.12	1.8	0	0	0	1.8	2.4	0	1.8
E7.75	E775_Haematoendothelial_prog	Haematoendothelial_prog	2.57	2.27	0	0	1.8	0	0	1.8	0	1.8
E7.75	E775_Haematoendothelial_prog	Haematoendothelial_prog	0.95	1.48	1.7	1.7	0	0	3.5	1.7	0	1.7
E7.75	E775_Haematoendothelial_prog	Haematoendothelial_prog	2.08	2.93	0	0	1.9	0	0	0	0	1.9
E7.75	E775_Haematoendothelial_prog	Haematoendothelial_prog	-4.78	-2.27	0	0	2.5	0	3.4	0	0	1.5
E7.75	E775_Haematoendothelial_prog	Haematoendothelial_prog	-4.07	0.48	0	0	0	0	2.6	0	0	0
E7.75	E775_Haematoendothelial_prog	Haematoendothelial_prog	0.39	1.39	0	0	2.6	2	4	2.6	0	2.6
E7.75	E775_Haematoendothelial_prog	Haematoendothelial_prog	3.25	2.32	0	0	0	0	3.4	0	0	2.8
E7.75	E775_Endothelium	Endothelium	2.17	-3.08	1.9	2.9	0	1.9	0	1.9	2.6	2.9
E7.75	E775_Haematoendothelial_prog	Haematoendothelial_prog	-1.5	1.88	0	0	1.9	2.6	1.9	2.9	1.9	2.6
E7.75	E775_Haematoendothelial_prog	Haematoendothelial_prog	-4.21	-1.36	0	0	0	0	3.1	0	0	2.1
E7.75	E775_Haematoendothelial_prog	Haematoendothelial_prog	0.78	-1.82	0	0	0	2.8	3.4	2.1	2.1	0
E7.75	E775_Haematoendothelial_prog	Haematoendothelial_prog	-1.53	-3.14	0	1.9	0	0	2.5	1.9	1.9	0
E7.75	E775_Haematoendothelial_prog	Haematoendothelial_prog	-1.44	1.37	1.8	0	0	2.4	3.3	3.1	0	3.1
E7.75	E775_Haematoendothelial_prog	Haematoendothelial_prog	-2.64	0.09	0	0	0	0	4.2	0	0	0
E7.75	E775_Haematoendothelial_prog	Haematoendothelial_prog	-0.13	-2.02	1.8	1.8	2.4	0	2.4	2.4	1.8	2.7
E7.75	E775_Haematoendothelial_prog	Haematoendothelial_prog	-3.23	0.61	2	0	2	3	3	3	0	2
E7.75	E775_Endothelium	Endothelium	2.36	-3.24	2.5	0	1.9	1.9	3.1	2.5	2.5	2.8
E7.75	E775_Endothelium	Endothelium	1.4	-1.9	1.6	2.8	2.8	2.5	3	1.6	2.5	3.6
E7.75	E775_Haematoendothelial_prog	Haematoendothelial_prog	0.78	3.94	0	0	0	0	1.9	1.9	0	0
E7.75	E775_Haematoendothelial_prog	Haematoendothelial_prog	2.65	-0.94	2.8	0	2.2	3.9	2.2	2.2	2.2	2.8
E7.75	E775_Haematoendothelial_prog	Haematoendothelial_prog	3.32	-0.43	0	0	0	2.1	0	0	2.1	2.1
E7.75	E775_Haematoendothelial_prog	Haematoendothelial_prog	-4.29	2.08	0	0	0	2.2	3.2	0	0	2.2
E7.75	E775_Haematoendothelial_prog	Haematoendothelial_prog	2.44	4.5	0	0	0	0	0	0	0	1.9
E7.75	E775_Haematoendothelial_prog	Haematoendothelial_prog	0.72	-3.15	0	3.2	0	2.2	3.2	0	0	2.2
E7.75	E775_Haematoendothelial_prog	Haematoendothelial_prog	0.01	0.37	2.1	2.4	2.1	0	2.1	1.5	0	1.5
E7.75	E775_Haematoendothelial_prog	Haematoendothelial_prog	1.73	-0.03	1.8	0	0	1.8	3.2	3.2	0	1.8
E7.75	E775_Haematoendothelial_prog	Haematoendothelial_prog	2.5	3.29	0	2.6	2.6	2.6	2.6	0	0	0
E7.75	E775_Endothelium	Endothelium	2.2	-4.3	3.3	3.3	2.2	2.2	2.9	0	2.9	3.8
E7.75	E775_Haematoendothelial_prog	Haematoendothelial_prog	-6.14	2.16	0	3.4	0	1.6	3	2.5	1.6	1.6
E7.75	E775_Haematoendothelial_prog	Haematoendothelial_prog	3.77	0.27	0	0	2	2	2.7	2.7	3	2
E7.75	E775_Haematoendothelial_prog	Haematoendothelial_prog	-4.46	-3.12	0	2	2	0	3	0	0	2.6
E7.75	E775_Haematoendothelial_prog	Haematoendothelial_prog	0.35	4.27	0	0	0	0	3.6	0	0	0
E7.75	E775_Endothelium	Endothelium	2.22	-3.34	0	1.8	2.8	3.3	4	3.1	2.4	0
E7.75	E775_Haematoendothelial_prog	Haematoendothelial_prog	-6.56	2.04	0	0	0	1.6	1.6	1.6	1.6	0
E7.75	E775_Endothelium	Endothelium	1.1	-2.42	0	0	2.8	0	3.2	2.2	2.8	3.2
E7.75	E775_Haematoendothelial_prog	Haematoendothelial_prog	-5.61	-1.33	0	0	0	2.9	3.3	0	0	0
E7.75	E775_Haematoendothelial_prog	Haematoendothelial_prog	4.12	2.87	0	0	0	0	2.3	0	0	2.3
E7.75	E775_Haematoendothelial_prog	Haematoendothelial_prog	-2.34	0.88	0	0	0	0	2.7	0	0	2.1
E7.75	E775_Haematoendothelial_prog	Haematoendothelial_prog	2.28	0.86	0	2.8	0	2.8	0	0	0	2.1
E7.75	E775_Haematoendothelial_prog	Haematoendothelial_prog	1.58	-1.93	2	0	0	0	3.2	2	2	2
E7.75	E775_Endothelium	Endothelium	2.19	-2.5	2.8	0	0	3.5	3.2	0	2.2	2.2
E7.75	E775_Haematoendothelial_prog	Haematoendothelial_prog	-5.84	0.95	0	0	0	1.7	3.7	3.2	2.4	2.4
E7.75	E775_Haematoendothelial_prog	Haematoendothelial_prog	-2.76	1.89	0	0	0	0	2.9	2.2	0	2.2
E7.75	E775_Endothelium	Endothelium	1.51	-4.17	1.7	3.3	0	2.9	1.7	0	2.6	2.9
E7.75	E775_Haematoendothelial_prog	Haematoendothelial_prog	1.66	2.04	0	0	0	0	3	0	0	2.6
E7.75	E775_Endothelium	Endothelium	0.96	-3.89	2.2	3	0	0	3.2	1.6	1.6	0
E7.75	E775_Haematoendothelial_prog	Haematoendothelial_prog	-1.01	4.42	0	0	0	0	0	0	0	0
E7.75	E775_Haematoendothelial_prog	Haematoendothelial_prog	4.8	0.26	0	2.3	2.3	0	3	2.3	2.3	0
E7.75	E775_Haematoendothelial_prog	Haematoendothelial_prog	3.06	-0.95	0	2.2	0	0	1.6	1.6	2.8	1.6
E7.75	E775_Haematoendothelial_prog	Haematoendothelial_prog	-4.05	3.7	0	0	0	2.4	3.9	0	0	0
E7.75	E775_Haematoendothelial_prog	Haematoendothelial_prog	-4.02	-0.93	0	0	0	0	0	0	0	2.6
E7.75	E775_Haematoendothelial_prog	Haematoendothelial_prog	-3.1	-2.64	2.4	0	2.4	3	4.1	3	2.4	3
E7.75	E775_Haematoendothelial_prog	Haematoendothelial_prog	0.88	-3.61	3.2	2.2	0	2.2	2.2	3.1	2.6	3.2
E7.75	E775_Haematoendothelial_prog	Haematoendothelial_prog	-2.17	0.56	2.6	2	0	0	2.6	0	0	0
E7.75	E775_Haematoendothelial_prog	Haematoendothelial_prog	3.22	-1.55	0	2.2	0	0	3.7	0	2.8	2.2
E7.75	E775_Haematoendothelial_prog	Haematoendothelial_prog	-4.8	-1.77	0	0	2	0	4	0	0	2
E7.75	E775_Endothelium	Endothelium	1.77	-1.57	3.5	2.7	2.7	1.7	3.3	1.7	2.9	1.7
E7.75	E775_Endothelium	Endothelium	1.76	-3.29	0	2.6	0	0	3.9	0	2.6	0
E7.75	E775_Haematoendothelial_prog	Haematoendothelial_prog	-2.6	0.9	0	0	0	0	3.3	1.8	0	0
E7.75	E775_Haematoendothelial_prog	Haematoendothelial_prog	-1.16	-3.32	1.6	1.6	0	2.2	3	0	1.6	2.5
E7.75	E775_Haematoendothelial_prog	Haematoendothelial_prog	-5.2	-2.34	0	0	2.9	0	4	0	0	3.6
E7.75	E775_Haematoendothelial_prog	Haematoendothelial_prog	-0.33	-1.56	0	1.8	1.8	0	3.3	3.3	0	2.8
E7.75	E775_Endothelium	Endothelium	2.31	-2.84	3.3	2.3	2.3	0	2.3	2.3	0	2.9
E7.75	E775_Endothelium	Endothelium	1.22	-4.24	0	2.8	2.2	2.8	3.2	2.2	3.2	2.8
E7.75	E775_Endothelium	Endothelium	4.89	-2.26	0	2.6	0	0	0	0	3.3	3.7
E7.75	E775_Haematoendothelial_prog	Haematoendothelial_prog	-5.16	-0.62	0	0	0	0	2.8	0	1.9	1.9
E7.75	E775_Haematoendothelial_prog	Haematoendothelial_prog	-3.67	-2.47	2.4	1.8	1.8	1.8	3.7	1.8	2.4	2.4
E7.75	E775_Endothelium	Endothelium	1.09	-2.47	2.7	2.4	2.7	2.4	4.2	3.5	2.1	2.4
E7.75	E775_Endothelium	Endothelium	1.83	-2.56	0	2.8	0	2.2	2.8	3.2	2.8	0
E7.75	E775_Haematoendothelial_prog	Haematoendothelial_prog	2.88	-2.23	0	0	2.6	0	2.6	0	3.3	3.7
E7.75	E775_Haematoendothelial_prog	Haematoendothelial_prog	-4.56	2.78	0	0	1.6	0	2.2	0	1.6	1.6
E7.75	E775_Haematoendothelial_prog	Haematoendothelial_prog	1.92	4.3	0	0	0	0	0	0	0	1.8
E7.75	E775_Haematoendothelial_prog	Haematoendothelial_prog	-3.48	0.75	0	0	0	0	4.1	0	0	2.9
E7.75	E775_Haematoendothelial_prog	Haematoendothelial_prog	-2.29	-2.02	0	0	0	4	0	0	3.2	0
E7.75	E775_Endothelium	Endothelium	3.2	-3.85	0	3.1	1.8	0	2.4	3.7	2.4	1.8
E7.75	E775_Endothelium	Endothelium	1.16	-0.56	0	2.7	1.5	1.5	3.5	2.1	0	2.5
E7.75	E775_Endothelium	Endothelium	0.88	-0.89	2.7	3	1.8	0	2.9	2.4	2.9	2.7
E7.75	E775_Haematoendothelial_prog	Haematoendothelial_prog	-1.65	2.95	0	0	2.4	0	3.7	2.4	0	2.4
E7.75	E775_Endothelium	Endothelium	3.33	-4.05	2.9	2.9	0	3.3	2.3	2.3	3.3	2.3
E7.75	E775_Endothelium	Endothelium	4.66	-3.57	1.9	1.9	1.9	1.9	2.5	0	1.9	0
E7.75	E775_Haematoendothelial_prog	Haematoendothelial_prog	2.9	0.04	1.5	2.6	0	0	1.5	2	1.5	2.4
E7.75	E775_Haematoendothelial_prog	Haematoendothelial_prog	-2.16	0.86	0	1.8	0	2.4	3.1	0	0	0
E7.75	E775_Haematoendothelial_prog	Haematoendothelial_prog	0.05	-1.1	0	2.5	2.5	0	0	2.5	0	0
E7.75	E775_Haematoendothelial_prog	Haematoendothelial_prog	-0.78	-1.02	2.3	2.3	0	0	3.2	0	0	3
E7.75	E775_Endothelium	Endothelium	2.71	-3.08	0	2.5	0	3.1	3.1	2.5	2.5	3.8
E7.75	E775_Endothelium	Endothelium	2.64	-4.27	2.1	3.8	2.1	2.7	3.4	2.4	2.4	2.4
E7.75	E775_Haematoendothelial_prog	Haematoendothelial_prog	-0.67	2.51	1.7	1.7	1.7	1.7	1.7	0	1.7	1.7
E7.75	E775_Endothelium	Endothelium	2.01	-1.64	2.3	0	3.8	2.3	2.3	2.3	0	2.3
E7.75	E775_Endothelium	Endothelium	1.23	-3.29	0	3.6	0	3.1	3.9	3.4	3.1	3.1
E7.75	E775_Haematoendothelial_prog	Haematoendothelial_prog	0.55	-1.06	2.5	1.9	0	3.4	3.1	2.9	0	3.7
E7.75	E775_Haematoendothelial_prog	Haematoendothelial_prog	-0.52	-3.67	2.2	3.5	0	2.2	3.5	0	2.8	0
E7.75	E775_Endothelium	Endothelium	1.62	-2.6	1.3	1.8	0	1.3	3.7	2.6	1.3	2.8
E7.75	E775_Haematoendothelial_prog	Haematoendothelial_prog	1.95	-2.83	0	2.9	0	2.9	3.7	2.5	2.5	0
E7.75	E775_Haematoendothelial_prog	Haematoendothelial_prog	-5.22	-1.79	0	0	2.2	0	2.8	0	0	2.8
E7.75	E775_Haematoendothelial_prog	Haematoendothelial_prog	-4.29	-2.95	2.8	0	0	1.8	2.8	0	1.8	1.8
E7.75	E775_Haematoendothelial_prog	Haematoendothelial_prog	-3.89	2.2	0	0	0	3.1	3.4	0	0	2.7
E7.75	E775_Haematoendothelial_prog	Haematoendothelial_prog	1.36	3.56	0	0	0	0	3.6	0	0	0
E7.75	E775_Haematoendothelial_prog	Haematoendothelial_prog	-5.95	1.25	1.5	2.4	0	0	1.5	2.1	0	3.2
E7.75	E775_Haematoendothelial_prog	Haematoendothelial_prog	-4.15	4.12	0	0	0	0	3.2	0	0	2.2
E7.75	E775_Endothelium	Endothelium	2.24	-3.48	0	0	0	0	4.3	3	0	0
E7.75	E775_Haematoendothelial_prog	Haematoendothelial_prog	-4.06	-2.49	2	0	0	2.6	2.6	2.6	0	0
E7.75	E775_Endothelium	Endothelium	5.19	-2.78	0	3.5	2.7	2	2.7	0	2	2
E7.75	E775_Endothelium	Endothelium	4.34	-3.23	2.3	3.7	0	2.3	2.3	0	3	3
E7.75	E775_Endothelium	Endothelium	0.43	-4.02	2	3	2	3	2.6	0	2.6	3
E7.75	E775_Haematoendothelial_prog	Haematoendothelial_prog	-4.82	-2.54	2.2	0	0	0	3.5	0	0	2.2
E7.75	E775_Haematoendothelial_prog	Haematoendothelial_prog	2.16	0.25	0	2.2	0	1.6	3.4	1.6	1.6	2.2
E7.75	E775_Haematoendothelial_prog	Haematoendothelial_prog	1.86	-2.74	0	0	2.5	2.5	2.5	3.2	2.5	0
E7.75	E775_Haematoendothelial_prog	Haematoendothelial_prog	3.61	-0.9	0	0	2.8	2.2	0	3.5	0	0
E7.75	E775_Haematoendothelial_prog	Haematoendothelial_prog	-2.39	1.63	0	0	2	2.6	3.3	2.6	0	0
E7.75	E775_Haematoendothelial_prog	Haematoendothelial_prog	0.55	-1.68	2.9	2.2	2.2	3.9	3.3	0	2.2	2.9
E7.75	E775_Haematoendothelial_prog	Haematoendothelial_prog	-6.25	1.72	0	0	0	2.9	3.3	0	0	2.3
E7.75	E775_Haematoendothelial_prog	Haematoendothelial_prog	-1.85	2.28	0	0	0	2	2.6	0	0	0
E7.75	E775_Haematoendothelial_prog	Haematoendothelial_prog	-4.85	-0.13	1.7	0	0	1.7	3.3	0	2.3	1.7
E7.75	E775_Haematoendothelial_prog	Haematoendothelial_prog	2.32	3.97	2	0	0	0	0	0	0	2
E7.75	E775_Endothelium	Endothelium	2.75	-4.03	1.9	3.5	1.9	2.5	2.9	1.9	0	1.9
E7.75	E775_Haematoendothelial_prog	Haematoendothelial_prog	-3.83	1.48	0	0	0	3.1	3.6	0	0	2.8
E7.75	E775_Endothelium	Endothelium	5.26	-2.38	0	0	2.9	2.3	0	3.3	2.9	0
E7.75	E775_Endothelium	Endothelium	1.05	-2.78	0	2.5	3.1	2.5	3.5	2.5	3.1	4.2
E7.75	E775_Endothelium	Endothelium	3.42	-4.08	0	3.1	2.5	1.9	3.5	2.5	2.8	2.8
E7.75	E775_Haematoendothelial_prog	Haematoendothelial_prog	-1.55	3.21	0	0	0	2.4	3	0	0	2.4
E7.75	E775_Haematoendothelial_prog	Haematoendothelial_prog	-3.26	2.5	0	0	0	0	2.8	0	0	0
E7.75	E775_Endothelium	Endothelium	3.98	-4.04	0	3.5	2	3	3.3	0	0	2
E7.75	E775_Haematoendothelial_prog	Haematoendothelial_prog	2.8	0.99	2.5	1.9	0	1.9	3.4	3.1	1.9	1.9
E7.75	E775_Haematoendothelial_prog	Haematoendothelial_prog	-1.16	1.65	0	0	0	0	0	0	0	2
E7.75	E775_Haematoendothelial_prog	Haematoendothelial_prog	0.39	-1.98	0	0	2.2	0	2.2	2.2	2.8	2.2
E7.75	E775_Haematoendothelial_prog	Haematoendothelial_prog	-4.51	-1.72	0	1.7	1.7	1.7	3	0	0	1.7
E7.75	E775_Haematoendothelial_prog	Haematoendothelial_prog	-3.35	-2.09	1.8	0	1.8	1.8	2.4	0	0	2.8
E7.75	E775_Endothelium	Endothelium	0.49	-2.81	1.7	2.3	2.9	3.2	2.9	2.3	2.7	1.7
E7.75	E775_Endothelium	Endothelium	1.47	-3.93	2	0	0	0	3.8	2.6	3.2	0
E7.75	E775_Endothelium	Endothelium	2.13	-3.52	2.4	3.7	3	2.4	4.2	0	2.4	0
E7.75	E775_Endothelium	Endothelium	0.94	0.07	1.7	3.2	0	0	3.3	0	2.7	0
E7.75	E775_Haematoendothelial_prog	Haematoendothelial_prog	3.04	-1.89	0	0	0	2.5	3.8	0	3.2	2.5
E7.75	E775_Haematoendothelial_prog	Haematoendothelial_prog	-1.85	2.19	0	0	0	0	3.2	0	1.8	0
E7.75	E775_Haematoendothelial_prog	Haematoendothelial_prog	2.47	3.19	0	0	0	0	0	0	0	0
E7.75	E775_Haematoendothelial_prog	Haematoendothelial_prog	-3.66	2.74	0	0	0	1.9	2.9	0	0	1.9
E7.75	E775_Endothelium	Endothelium	2.62	-4.18	0	2.8	2.8	3.2	3.2	0	3.2	3.2
E7.75	E775_Haematoendothelial_prog	Haematoendothelial_prog	-1.25	1.06	0	0	0	0	4.1	2.4	0	2.4
E7.75	E775_Haematoendothelial_prog	Haematoendothelial_prog	-4.75	-1.98	0	0	0	2.7	3.3	0	0	0
E7.75	E775_Haematoendothelial_prog	Haematoendothelial_prog	2.97	-0.14	0	0	2.4	0	0	2.4	3.1	2.4
E7.75	E775_Endothelium	Endothelium	4.31	-3.52	1.9	3.4	0	2.5	2.5	1.9	0	0
E7.75	E775_Haematoendothelial_prog	Haematoendothelial_prog	-4.18	-3.05	2	0	2	2	2	0	0	2
E7.75	E775_Haematoendothelial_prog	Haematoendothelial_prog	-3.56	-0.88	0	1.8	1.8	1.8	2.8	0	0	0
E7.75	E775_Endothelium	Endothelium	1.12	-2.76	2.8	2.8	0	2.4	3.7	3.1	3.4	3.3
E7.75	E775_Haematoendothelial_prog	Haematoendothelial_prog	3.11	2.21	0	1.9	0	0	2.8	0	0	0
E7.75	E775_Haematoendothelial_prog	Haematoendothelial_prog	3.99	-0.57	2.4	1.8	0	1.8	3.2	3	2.7	1.8
E7.75	E775_Endothelium	Endothelium	0.81	-2.37	1.7	2.9	0	1.7	2.7	1.7	1.7	2.7
E7.75	E775_Haematoendothelial_prog	Haematoendothelial_prog	-3.74	2.53	0	0	0	0	3.4	0	0	3.6
E7.75	E775_Haematoendothelial_prog	Haematoendothelial_prog	3.98	-2.1	2.1	3.3	2.7	2.7	0	2.1	2.1	3.1
E7.75	E775_Haematoendothelial_prog	Haematoendothelial_prog	3.23	-0.4	0	0	2.5	1.9	2.5	1.9	0	1.9
E7.75	E775_Haematoendothelial_prog	Haematoendothelial_prog	-3.11	0.35	0	0	0	0	2.5	0	0	0
E7.75	E775_Haematoendothelial_prog	Haematoendothelial_prog	3.47	1.54	1.9	2.5	0	1.9	3.5	1.9	2.8	0
E7.75	E775_Haematoendothelial_prog	Haematoendothelial_prog	1.12	4.74	0	0	0	0	2.6	2	0	0
E7.75	E775_Endothelium	Endothelium	1.69	-2.3	2.8	0	0	2.8	0	2.8	2.8	2.8
E7.75	E775_Haematoendothelial_prog	Haematoendothelial_prog	4.12	1.99	0	1.7	0	0	0	0	1.7	1.7
E7.75	E775_Haematoendothelial_prog	Haematoendothelial_prog	2	-3.53	2.8	0	0	0	3.5	3.5	2.8	0
E7.75	E775_Haematoendothelial_prog	Haematoendothelial_prog	2.62	-3.7	0	0	3.1	3.1	3.4	3.4	3.1	2.8
E7.75	E775_Haematoendothelial_prog	Haematoendothelial_prog	-0.29	-3.45	0	2.6	2	0	3.2	2	2	2.6
E7.75	E775_Endothelium	Endothelium	0.75	-2.31	1.5	1.5	1.5	2.4	3.5	3.3	1.5	3.1
E7.75	E775_Haematoendothelial_prog	Haematoendothelial_prog	2.95	-2.8	0	0	0	2.4	0	2.4	3	3.4
E7.75	E775_Haematoendothelial_prog	Haematoendothelial_prog	1.32	-0.06	2.1	2.1	0	0	2.7	2.1	2.9	0
E7.75	E775_Haematoendothelial_prog	Haematoendothelial_prog	-0.17	-1.64	1.9	1.9	0	1.9	3.2	2.9	1.9	1.9
E7.75	E775_Haematoendothelial_prog	Haematoendothelial_prog	0.41	1.94	0	0	1.9	2.5	3.4	3.5	1.9	1.9
E7.75	E775_Haematoendothelial_prog	Haematoendothelial_prog	0.58	0.42	0	2.1	2.1	1.5	3.6	2.1	2.1	2.1
E7.75	E775_Haematoendothelial_prog	Haematoendothelial_prog	-1.39	2.87	1.6	0	1.6	1.6	3.5	2.6	0	3.3
E7.75	E775_Haematoendothelial_prog	Haematoendothelial_prog	2.73	3.35	0	0	0	0	3	0	0	0
E7.75	E775_Haematoendothelial_prog	Haematoendothelial_prog	-1.96	-1.02	0	2.2	0	2.8	3.2	2.2	0	0
E7.75	E775_Haematoendothelial_prog	Haematoendothelial_prog	1.2	1.06	0	0	0	0	3.1	1.9	2.5	0
E7.75	E775_Haematoendothelial_prog	Haematoendothelial_prog	-3.49	-3.09	0	0	0	2.6	3.2	0	0	2.6
E7.75	E775_Endothelium	Endothelium	4.9	-2.91	1.7	3	1.7	1.7	2.7	3	2.7	0
E7.75	E775_Haematoendothelial_prog	Haematoendothelial_prog	2.81	4.04	0	0	0	0	0	0	1.6	1.6
E7.75	E775_Haematoendothelial_prog	Haematoendothelial_prog	-4.68	1.99	0	0	0	0	3.8	1.9	0	3.1
E7.75	E775_Endothelium	Endothelium	1.17	-1.05	0	3.4	1.3	2.7	3.7	1.3	2.5	0
E7.75	E775_Haematoendothelial_prog	Haematoendothelial_prog	-2.97	-3.18	2.1	0	2.1	2.1	3.4	0	0	0
E7.75	E775_Haematoendothelial_prog	Haematoendothelial_prog	-1.66	0.76	3.2	0	0	3.2	2.6	3.9	3.2	0
E7.75	E775_Haematoendothelial_prog	Haematoendothelial_prog	4.67	-1.01	2.4	3.7	2.4	3	2.4	2.4	0	0
E7.75	E775_Haematoendothelial_prog	Haematoendothelial_prog	-4.8	0.27	2.9	0	0	1.9	2.5	0	0	1.9
E7.75	E775_Endothelium	Endothelium	2.95	-4.32	2.2	2.9	0	2.2	3.3	2.2	2.9	3.5
E7.75	E775_Haematoendothelial_prog	Haematoendothelial_prog	-4.8	1.56	0	0	0	0	2.4	0	0	0
E7.75	E775_Haematoendothelial_prog	Haematoendothelial_prog	-4.5	-2.88	0	0	1.7	0	2.7	1.7	0	2.7
E7.75	E775_Haematoendothelial_prog	Haematoendothelial_prog	-5.38	-1.92	0	0	0	0	2	0	0	2
E7.75	E775_Endothelium	Endothelium	2.74	-2.34	0	2	2	2	3.5	2	2	2
E7.75	E775_Endothelium	Endothelium	1.79	-3.85	3.2	3.9	0	2.6	3.6	3.6	0	3.2
E7.75	E775_Haematoendothelial_prog	Haematoendothelial_prog	-5.3	-1.36	1.6	0	1.6	0	3.2	1.6	0	1.6
E7.75	E775_Haematoendothelial_prog	Haematoendothelial_prog	2.24	3.64	0	0	0	0	3.1	0	0	0
E7.75	E775_Endothelium	Endothelium	1.01	-4.18	0	3.8	2.5	2.5	4.2	0	2.5	3.8
E7.75	E775_Haematoendothelial_prog	Haematoendothelial_prog	-4.35	0.79	1.6	0	0	2.2	2.9	1.6	0	2.2
E7.75	E775_Haematoendothelial_prog	Haematoendothelial_prog	2.61	-1.43	3.2	0	0	0	3.2	2.6	0	0
E7.75	E775_Endothelium	Endothelium	0.48	-2.26	1.6	3.1	2.2	2.6	3.8	3.1	1.6	3.2
E7.75	E775_Haematoendothelial_prog	Haematoendothelial_prog	2.18	3.63	0	0	2.1	3.1	3.1	0	0	0
E7.75	E775_Haematoendothelial_prog	Haematoendothelial_prog	-1.13	-1.25	0	1.8	0	1.8	2.8	0	1.8	2.4
E7.75	E775_Endothelium	Endothelium	2.53	-2.83	2	3.3	0	2	3.7	2	2	2.7
E7.75	E775_Haematoendothelial_prog	Haematoendothelial_prog	-3.73	-2.27	1.8	0	0	1.8	2.4	0	0	0
