day	Anno	celltype	UMAP_1	UMAP_2	marker:Apela	marker:Krt8	up:Hesx1	up:Tal2	down:Pou5f1	down:Eomes	down:Lhx1	down:Sp5
E7.5	E75_Definitive_endoderm	Definitive_endoderm	0.5	-4.22	2.9	4	4.1	0	2.3	0	0	2.3
E7.5	E75_Definitive_endoderm	Definitive_endoderm	-3.19	-2.91	3.8	5.1	0	0	2.5	0	0	0
E7.5	E75_Anterior_primitive_streak	Anterior_primitive_streak	1.25	-2.39	0	2.2	0	0	3.7	0	2.9	2.9
E7.5	E75_Definitive_endoderm	Definitive_endoderm	-1.9	-1.95	0	5.3	3.7	3	2	0	0	0
E7.5	E75_Definitive_endoderm	Definitive_endoderm	2.18	6	3.4	3.7	2.5	0	4.2	0	0	3.2
E7.5	E75_Definitive_endoderm	Definitive_endoderm	0.2	2.41	0	4.3	0	0	2.8	0	2.8	2.2
E7.5	E75_Definitive_endoderm	Definitive_endoderm	0.53	-0.69	1.9	3.9	0	0	3.4	2.9	4.2	2.5
E7.5	E75_Definitive_endoderm	Definitive_endoderm	-1.88	-3.18	0	3.7	4.6	0	3.7	0	0	0
E7.5	E75_Definitive_endoderm	Definitive_endoderm	-2.89	0.31	3.6	2.9	0	0	3.1	1.7	0	2.6
E7.5	E75_Anterior_primitive_streak	Anterior_primitive_streak	0.52	0.19	0	0	0	0	4.8	2.4	4.4	3.7
E7.5	E75_Definitive_endoderm	Definitive_endoderm	-5.36	0.34	3.4	4.9	1.6	2.2	2.2	1.6	0	2.9
E7.5	E75_Definitive_endoderm	Definitive_endoderm	1.27	-1.94	1.7	3.4	3.4	0	3	1.7	2.7	2.3
E7.5	E75_Definitive_endoderm	Definitive_endoderm	3.05	2.36	0	3.1	0	0	4.6	2.7	3.1	4.6
E7.5	E75_Gut	Gut	-3.62	-4.11	4.8	4.4	0	0	3.7	0	0	0
E7.5	E75_Anterior_primitive_streak	Anterior_primitive_streak	0.7	-1.77	0	3.6	0	0	4.2	0	3.6	2.3
E7.5	E75_Definitive_endoderm	Definitive_endoderm	-0.4	3.39	0	4.7	0	0	3.3	0	0	0
E7.5	E75_Definitive_endoderm	Definitive_endoderm	0.39	-2.75	0	3.9	2.5	0	2.5	0	0	0
E7.5	E75_Definitive_endoderm	Definitive_endoderm	-0.32	1.3	0	5.1	3.5	0	2	0	2.6	2
E7.5	E75_Definitive_endoderm	Definitive_endoderm	-1.48	-3.69	0	4.8	3.6	0	3.3	0	2.3	2.9
E7.5	E75_Definitive_endoderm	Definitive_endoderm	-1.02	-4.66	0	4.2	3.5	0	0	0	0	0
E7.5	E75_Definitive_endoderm	Definitive_endoderm	-1.57	2.49	0	3.5	0	1.6	4.3	2.1	3.4	3.5
E7.5	E75_Gut	Gut	-3.34	-4.36	3.6	4.7	3.1	0	2.7	0	0	2.7
E7.5	E75_Definitive_endoderm	Definitive_endoderm	1.75	0.94	0	5.1	0	0	4.5	2.6	0	0
E7.5	E75_Gut	Gut	-3.26	0.86	2.8	2.8	1.8	2.8	3.3	0	0	0
E7.5	E75_Definitive_endoderm	Definitive_endoderm	0.19	-2.94	0	4.4	0	0	3.5	2.2	2.2	3.7
E7.5	E75_Definitive_endoderm	Definitive_endoderm	-4.33	0.12	1.7	3.6	0	0	3.9	0	0	1.7
E7.5	E75_Anterior_primitive_streak	Anterior_primitive_streak	-0.57	-4.08	0	4.2	3	0	2.4	3	2.4	3
E7.5	E75_Definitive_endoderm	Definitive_endoderm	-1.25	-3.7	2.1	4.6	3.6	0	3.4	2.7	0	2.1
E7.5	E75_Definitive_endoderm	Definitive_endoderm	-3.34	2.93	1.6	3.5	3.4	0	4.2	0	0	0
E7.5	E75_Anterior_primitive_streak	Anterior_primitive_streak	0.4	-2.18	0	3.7	3.1	0	4.1	3.3	3.9	3.7
E7.5	E75_Definitive_endoderm	Definitive_endoderm	-3.52	2.38	0	3.3	0	0	4.4	1.8	0	0
E7.5	E75_Definitive_endoderm	Definitive_endoderm	2.67	4.68	2.2	3.5	0	0	4.7	2.8	0	2.2
E7.5	E75_Definitive_endoderm	Definitive_endoderm	0.73	5.21	1.7	3.8	1.7	0	2.7	0	0	4.3
E7.5	E75_Gut	Gut	-1.24	0.66	2.3	4.8	0	0	2.3	0	0	2.9
E7.5	E75_Definitive_endoderm	Definitive_endoderm	-2.95	3.87	0	2.4	2	1.5	4.8	0	0	2.4
E7.5	E75_Definitive_endoderm	Definitive_endoderm	-1.83	-3.97	0	3.7	0	0	2	2	0	0
E7.5	E75_Anterior_primitive_streak	Anterior_primitive_streak	2.53	-0.67	0	3.1	0	0	4.4	3.4	3.6	4.7
E7.5	E75_Definitive_endoderm	Definitive_endoderm	-2.81	-4.45	2.6	4.4	2.2	1.6	2.8	0	0	3
E7.5	E75_Definitive_endoderm	Definitive_endoderm	0.06	5	0	3.8	0	0	3.9	1.3	1.3	3.1
E7.5	E75_Definitive_endoderm	Definitive_endoderm	-1.8	1.56	2.7	3.4	0	0	4.3	1.7	0	2.3
E7.5	E75_Gut	Gut	-3.14	-1.99	3.9	4.5	4.3	2.1	2.7	0	0	2.1
E7.5	E75_Definitive_endoderm	Definitive_endoderm	-4.04	-4.04	3.6	4.8	0	0	3.1	2.1	0	0
E7.5	E75_Definitive_endoderm	Definitive_endoderm	-0.07	4.61	1.7	3	0	0	4.5	0	2.3	3.6
E7.5	E75_Definitive_endoderm	Definitive_endoderm	-3.45	-0.31	0	4.2	3.5	0	3.1	2.5	2.5	0
E7.5	E75_Definitive_endoderm	Definitive_endoderm	-6.33	0.18	1.9	4.3	1.9	0	1.9	1.9	0	3.2
E7.5	E75_Definitive_endoderm	Definitive_endoderm	0.51	4.27	2.6	3.7	0	0	4.3	0	2.6	4.2
E7.5	E75_Anterior_primitive_streak	Anterior_primitive_streak	2.84	2.68	0	3.9	0	0	4.6	0	2.6	2.6
E7.5	E75_Definitive_endoderm	Definitive_endoderm	-3.03	3.84	0	3.7	2	0	4.3	0	0	2.6
E7.5	E75_Definitive_endoderm	Definitive_endoderm	0.66	2.75	0	5.1	0	0	3	0	2	3
E7.5	E75_Anterior_primitive_streak	Anterior_primitive_streak	1.44	-2.28	0	4	0	0	2.3	0	3.3	4.2
E7.5	E75_Definitive_endoderm	Definitive_endoderm	-0.84	4.78	2.6	3.4	0	0	3.9	1.7	2.3	2.6
E7.5	E75_Definitive_endoderm	Definitive_endoderm	1.17	4.55	3.1	4.6	0	0	4.7	3.1	2.4	4.4
E7.5	E75_Anterior_primitive_streak	Anterior_primitive_streak	2.81	-0.67	0	4	0	0	4.6	3.1	3.4	2.8
E7.5	E75_Gut	Gut	-2.82	-1.4	3	5.2	0	2.4	3.7	0	0	0
E7.5	E75_Definitive_endoderm	Definitive_endoderm	-0.8	-0.57	0	4.2	3.4	0	3.1	2.4	3.4	0
E7.5	E75_Definitive_endoderm	Definitive_endoderm	0.87	-1.85	0	4.3	0	0	2.9	2.9	2.9	0
E7.5	E75_Anterior_primitive_streak	Anterior_primitive_streak	1.73	2.11	2	3.7	0	0	4.7	3	3.5	4.3
E7.5	E75_Definitive_endoderm	Definitive_endoderm	-0.7	-3.45	0	4.7	2.3	0	3	0	3	2.3
E7.5	E75_Definitive_endoderm	Definitive_endoderm	-5.74	-0.84	1.9	4.4	0	1.9	0	0	1.9	3.8
E7.5	E75_Definitive_endoderm	Definitive_endoderm	-3.47	-4.41	0	4.4	0	0	4.5	0	0	4.4
E7.5	E75_Anterior_primitive_streak	Anterior_primitive_streak	2.15	0.6	2.1	2.8	0	0	3.6	3.6	3.1	4
E7.5	E75_Definitive_endoderm	Definitive_endoderm	-3.31	-1.2	3.5	4.2	0	0	3.5	0	0	0
E7.5	E75_Definitive_endoderm	Definitive_endoderm	1.27	5.03	0	3.1	0	0	4.8	3.1	3.1	4.7
E7.5	E75_Definitive_endoderm	Definitive_endoderm	-4.74	-1.22	0	4.5	0	0	2.8	2.4	1.8	3.4
E7.5	E75_Anterior_primitive_streak	Anterior_primitive_streak	1.58	-3.15	0	4.3	2.8	0	4.1	2.2	2.2	2.2
E7.5	E75_Definitive_endoderm	Definitive_endoderm	-1.75	-2.01	0	5	3.3	2	0	0	2	0
E7.5	E75_Definitive_endoderm	Definitive_endoderm	-3.16	-4.58	3.6	5	0	0	3.4	0	0	3.4
E7.5	E75_Anterior_primitive_streak	Anterior_primitive_streak	1.06	-1.64	0	4	2.2	0	2.8	0	3.4	0
E7.5	E75_Definitive_endoderm	Definitive_endoderm	0.37	-3.19	0	3.8	3.8	0	3.6	0	3.3	2.3
E7.5	E75_Definitive_endoderm	Definitive_endoderm	-2.58	2.58	0	2.6	0	0	4	1.4	2.3	2.3
E7.5	E75_Gut	Gut	-3.23	-2.33	4.2	5.5	2.5	2.5	0	0	0	0
E7.5	E75_Definitive_endoderm	Definitive_endoderm	4.11	-1.16	0	0	0	0	4.1	3.4	0	3.4
E7.5	E75_Anterior_primitive_streak	Anterior_primitive_streak	2.41	2.14	0	3.6	0	0	3.9	3.1	3.4	3.9
E7.5	E75_Definitive_endoderm	Definitive_endoderm	-4.79	-1.74	3.7	4.3	0	0	2.4	1.8	0	1.8
E7.5	E75_Definitive_endoderm	Definitive_endoderm	0.34	-3.78	2.6	4.1	2.6	0	3.5	2	2	2
E7.5	E75_Definitive_endoderm	Definitive_endoderm	-3.67	1.52	1.6	3.4	1.6	0	4.1	0	1.6	3.3
E7.5	E75_Definitive_endoderm	Definitive_endoderm	-2.78	2.56	2.2	2.5	2.5	0	4	1.3	2.9	2.2
E7.5	E75_Definitive_endoderm	Definitive_endoderm	0.16	5.54	3.1	3.5	0	0	4.6	0	0	3.4
E7.5	E75_Definitive_endoderm	Definitive_endoderm	-3.37	3.43	0	3.2	0	0	4.5	2.9	1.9	2.6
E7.5	E75_Definitive_endoderm	Definitive_endoderm	-1.9	0.12	2.8	4.8	3.7	2.8	2.8	0	1.9	0
E7.5	E75_Anterior_primitive_streak	Anterior_primitive_streak	0.28	-1.26	0	4.3	1.8	0	2.4	2.4	3.1	2.4
E7.5	E75_Anterior_primitive_streak	Anterior_primitive_streak	5.05	-0.53	2.2	0	0	0	4.5	3.8	0	3.5
E7.5	E75_Anterior_primitive_streak	Anterior_primitive_streak	4.28	-0.96	1.9	2.5	0	0	4.7	2.5	3.4	3.7
E7.5	E75_Definitive_endoderm	Definitive_endoderm	2.71	4.94	4.6	3	0	0	4.7	3.8	0	2.6
E7.5	E75_Definitive_endoderm	Definitive_endoderm	-3.74	-2.7	3.9	5	0	0	2.2	2.2	0	0
E7.5	E75_Definitive_endoderm	Definitive_endoderm	-6.35	-0.79	2.9	4.9	0	0	2.7	1.5	0	4
E7.5	E75_Gut	Gut	-2.75	-0.96	2.6	5.4	0	0	0	0	2.6	0
E7.5	E75_Gut	Gut	0.3	1.88	0	5.5	0	0	3.6	0	2.3	2.9
E7.5	E75_Definitive_endoderm	Definitive_endoderm	-3.63	0.16	1.7	4	2.3	0	3.9	2.3	0	1.7
E7.5	E75_Definitive_endoderm	Definitive_endoderm	3.88	-0.83	0	0	0	0	3.5	3.8	4.1	3.5
E7.5	E75_Definitive_endoderm	Definitive_endoderm	-3.26	-3.32	3.6	4.4	0	2.3	2.9	0	0	2.9
E7.5	E75_Anterior_primitive_streak	Anterior_primitive_streak	3.87	1.45	2	3.5	2	0	4.2	3	3	3.6
E7.5	E75_Definitive_endoderm	Definitive_endoderm	-6.29	0.18	3.3	5	2.7	0	0	0	0	2.7
E7.5	E75_Anterior_primitive_streak	Anterior_primitive_streak	1.15	1.17	2.1	4.1	0	0	4.4	0	3.9	3.4
E7.5	E75_Definitive_endoderm	Definitive_endoderm	-4.39	-0.25	1.6	4.4	0	0	4	0	0	3.1
E7.5	E75_Definitive_endoderm	Definitive_endoderm	-2.86	-2.96	2.3	4.4	0	0	0	2.3	0	0
E7.5	E75_Gut	Gut	-2.26	-1.94	3	4.6	4.2	0	3	0	0	0
E7.5	E75_Definitive_endoderm	Definitive_endoderm	-5.31	0	2.3	4.4	0	0	2.9	0	1.7	4
E7.5	E75_Gut	Gut	-0.13	1.28	0	5.5	2.2	0	3.2	0	0	0
E7.5	E75_Definitive_endoderm	Definitive_endoderm	-5.27	-0.27	2.8	3.7	0	0	3	1.8	0	3
E7.5	E75_Definitive_endoderm	Definitive_endoderm	-5.6	0.38	3.8	4.1	0	0	1.9	1.9	0	1.9
E7.5	E75_Definitive_endoderm	Definitive_endoderm	-0.43	4.94	0	3.3	0	0	4.7	0	1.8	3.3
E7.5	E75_Definitive_endoderm	Definitive_endoderm	-4	-2.92	3.6	4.9	0	0	3.3	0	0	3.2
E7.5	E75_Gut	Gut	-3.56	-2.23	4.3	4.9	4	2.4	0	0	2.4	0
E7.5	E75_Definitive_endoderm	Definitive_endoderm	1.59	4.33	2.4	3.7	0	0	4.7	2.4	0	4.8
E7.5	E75_Definitive_endoderm	Definitive_endoderm	1.95	5.33	0	4	0	0	4.5	2.7	0	3.7
E7.5	E75_Definitive_endoderm	Definitive_endoderm	-3.48	-3.22	4.2	4.6	0	0	3.4	0	0	0
E7.5	E75_Anterior_primitive_streak	Anterior_primitive_streak	1.29	-2.69	0	3.6	0	0	4.3	3.3	3.3	0
E7.5	E75_Definitive_endoderm	Definitive_endoderm	-5.55	-0.38	3.3	5	0	2.1	2.4	0	0	3.8
E7.5	E75_Definitive_endoderm	Definitive_endoderm	-2.21	1.9	1.3	2.6	0	2.2	4.4	2.2	2.4	2.4
E7.5	E75_Definitive_endoderm	Definitive_endoderm	1.04	4.38	2.4	3.9	0	0	2.4	3.1	0	4.6
E7.5	E75_Definitive_endoderm	Definitive_endoderm	-1.84	1.64	2.2	3.3	2.2	0	4.4	2.2	1.6	2.5
E7.5	E75_Definitive_endoderm	Definitive_endoderm	-3.81	-3.38	3.4	4.2	0	0	3.4	0	0	2.3
E7.5	E75_Definitive_endoderm	Definitive_endoderm	-2.81	-4.29	3.3	5.1	0	0	2.3	0	3.3	0
E7.5	E75_Definitive_endoderm	Definitive_endoderm	-0.63	-2.01	0	4.2	0	0	3.6	1.8	0	2.4
E7.5	E75_Definitive_endoderm	Definitive_endoderm	-0.55	-2.44	0	4.8	2.6	0	0	2	3.5	3
E7.5	E75_Definitive_endoderm	Definitive_endoderm	-3.27	2.87	3	4.1	0	0	4.3	0	0	0
E7.5	E75_Definitive_endoderm	Definitive_endoderm	-0.76	1.42	0	5.3	0	0	2.3	0	2.9	2.3
E7.5	E75_Definitive_endoderm	Definitive_endoderm	2.03	4.88	0	4.4	0	0	4.3	0	0	4.3
E7.5	E75_Definitive_endoderm	Definitive_endoderm	-4.27	0.29	0	4.9	0	0	3	0	3.2	0
E7.5	E75_Definitive_endoderm	Definitive_endoderm	-0.59	2.04	0	4.9	0	0	2.4	0	0	0
E7.5	E75_Gut	Gut	-2.26	-1.51	2.9	5.1	0	0	3.7	0	0	3.4
E7.5	E75_Definitive_endoderm	Definitive_endoderm	1.08	5.78	2.2	2.8	0	0	4.6	3.9	0	3.5
E7.5	E75_Anterior_primitive_streak	Anterior_primitive_streak	1.05	-2.87	2.1	3.6	2.1	0	3.8	0	2.7	2.1
E7.5	E75_Definitive_endoderm	Definitive_endoderm	-6.25	0.17	2.1	4	3.4	2.1	0	0	0	2.1
E7.5	E75_Definitive_endoderm	Definitive_endoderm	0.57	4.16	0	5.2	0	0	4	0	0	4.6
E7.5	E75_Anterior_primitive_streak	Anterior_primitive_streak	-0.84	-4.3	0	4.5	4.3	0	3.1	2.1	2.1	0
E7.5	E75_Definitive_endoderm	Definitive_endoderm	-4.86	-0.51	3.6	4	0	0	2.5	1.9	0	3.9
E7.5	E75_Definitive_endoderm	Definitive_endoderm	-3.65	2.92	3.5	4.6	0	1.8	3.3	0	0	0
E7.5	E75_Gut	Gut	-4.82	-2.31	2.1	4.2	0	0	0	0	0	0
E7.5	E75_Definitive_endoderm	Definitive_endoderm	-3.52	2.24	1.8	3	2.4	0	3.7	0	0	0
E7.5	E75_Definitive_endoderm	Definitive_endoderm	2.65	5.42	0	2.4	0	0	4.1	2.4	0	4
E7.5	E75_Gut	Gut	-0.83	1.73	2.1	5.7	2.7	0	0	0	0	0
E7.5	E75_Definitive_endoderm	Definitive_endoderm	-5.89	-0.72	3.5	4.8	0	0	2.8	0	0	3.6
E7.5	E75_Gut	Gut	-2.73	-3.48	4	4.2	0	0	1.9	0	0	1.9
E7.5	E75_Definitive_endoderm	Definitive_endoderm	-4.41	-3.52	3.5	5	0	0	2.7	0	0	2.7
E7.5	E75_Definitive_endoderm	Definitive_endoderm	-0.24	0.06	0	4.3	0	0	3	0	3.4	0
E7.5	E75_Definitive_endoderm	Definitive_endoderm	-2.33	-3.31	0	4.7	3.8	0	1.9	1.9	1.9	2.9
E7.5	E75_Definitive_endoderm	Definitive_endoderm	-6.01	-0.12	3.5	4.7	0	0	2.7	0	0	3.7
E7.5	E75_Definitive_endoderm	Definitive_endoderm	-0.05	-3.39	2.3	4.2	2.3	0	3.4	2.3	0	3.6
E7.5	E75_Anterior_primitive_streak	Anterior_primitive_streak	0.05	-2.15	0	4.2	0	0	2.4	0	2.4	0
E7.5	E75_Definitive_endoderm	Definitive_endoderm	1.39	0.12	0	3.9	0	0	3.3	0	3.6	0
E7.5	E75_Gut	Gut	-0.11	1.47	0	5	2.9	2.9	0	0	3.6	0
E7.5	E75_Definitive_endoderm	Definitive_endoderm	-2.78	-3.14	4.3	4.9	0	0	2.3	0	0	3.6
E7.5	E75_Gut	Gut	-2.32	-3.45	3.5	4.8	2.8	0	0	0	0	0
E7.5	E75_Gut	Gut	-4.52	0.49	0	2.3	0	0	3.7	2.3	3.5	0
E7.5	E75_Gut	Gut	-2.52	-2.33	3.9	4.9	3.7	0	0	0	0	0
E7.5	E75_Definitive_endoderm	Definitive_endoderm	1.13	3.73	0	4.4	0	0	2.3	0	4	3
E7.5	E75_Definitive_endoderm	Definitive_endoderm	-0.73	-3.42	0	3.6	2.9	0	2.9	0	2.3	2.9
E7.5	E75_Definitive_endoderm	Definitive_endoderm	-0.31	5.76	2.9	2.6	0	0	4.8	0	0	2
E7.5	E75_Anterior_primitive_streak	Anterior_primitive_streak	1.08	2.46	0	3.3	0	0	3.7	2.1	3.7	4.6
E7.5	E75_Gut	Gut	-2.1	-3.52	3.5	4.4	2.4	0	3.5	0	0	2.4
E7.5	E75_Gut	Gut	-2.6	-4.19	3	4.3	2.3	0	3	0	0	3
E7.5	E75_Definitive_endoderm	Definitive_endoderm	-6.13	-0.19	0	4.1	0	0	1.9	1.9	1.9	3.6
E7.5	E75_Definitive_endoderm	Definitive_endoderm	-1.01	-3.93	3.4	3.9	4.1	0	1.7	1.7	0	0
E7.5	E75_Definitive_endoderm	Definitive_endoderm	-3.89	-2.72	2.6	5.2	0	0	4	0	0	2.6
E7.5	E75_Anterior_primitive_streak	Anterior_primitive_streak	2.56	2.56	0	3.4	0	0	4.3	0	2.5	2.9
E7.5	E75_Gut	Gut	-2.8	-2.46	4.5	5.5	3.2	2.2	2.2	0	0	0
E7.5	E75_Definitive_endoderm	Definitive_endoderm	2.29	6.11	4.7	2.2	0	0	4.9	0	0	0
E7.5	E75_Definitive_endoderm	Definitive_endoderm	1.81	6.15	3.4	2.3	0	0	4.6	0	0	3
E7.5	E75_Definitive_endoderm	Definitive_endoderm	-1.39	-3.34	0	4	2.3	0	2.3	3.6	2.3	3
E7.5	E75_Definitive_endoderm	Definitive_endoderm	2.32	3.87	2.6	4.4	0	0	4.6	3.3	0	3.5
E7.5	E75_Definitive_endoderm	Definitive_endoderm	2.89	4.03	4.4	3	0	0	5.2	2	0	3
E7.5	E75_Definitive_endoderm	Definitive_endoderm	-5.06	-1.52	3.8	5	0	0	2.4	0	0	2.6
E7.5	E75_Definitive_endoderm	Definitive_endoderm	-1.38	-4.4	0	4.8	4	0	0	2.3	0	0
E7.5	E75_Definitive_endoderm	Definitive_endoderm	1.97	4.89	4	2.3	0	0	4.9	2.9	0	0
E7.5	E75_Definitive_endoderm	Definitive_endoderm	-4.29	-2.13	3.1	4.7	0	0	0	0	0	2.4
E7.5	E75_Definitive_endoderm	Definitive_endoderm	-3.26	-3.52	4.1	5.1	0	0	2.6	1.9	0	0
E7.5	E75_Definitive_endoderm	Definitive_endoderm	2.09	-2.56	2.2	2.2	0	0	4.1	0	2.8	0
E7.5	E75_Definitive_endoderm	Definitive_endoderm	-3.86	2.16	0	2.8	0	0	3.9	1.8	3	0
E7.5	E75_Gut	Gut	-1.74	-2.71	0	4.9	4.2	0	0	0	0	0
E7.5	E75_Definitive_endoderm	Definitive_endoderm	1.96	4.93	0	4	0	0	3.3	2.3	0	3.6
E7.5	E75_Anterior_primitive_streak	Anterior_primitive_streak	2.19	-0.55	1.8	2.7	0	0	4.5	2.8	3.2	3.2
E7.5	E75_Definitive_endoderm	Definitive_endoderm	-4.01	-3.29	4.2	4.9	0	0	0	0	0	4.1
E7.5	E75_Definitive_endoderm	Definitive_endoderm	-0.36	4.54	0	3.5	0	0	4.5	0	3.5	3.8
E7.5	E75_Definitive_endoderm	Definitive_endoderm	0.03	2.48	0	5.2	0	0	2.1	0	0	4.5
E7.5	E75_Gut	Gut	-2.86	-1.89	3.3	4.7	4.2	0	0	0	0	0
E7.5	E75_Gut	Gut	-2.67	-3.76	1.4	4.5	0	0	3.4	1.4	0	3.7
E7.5	E75_Definitive_endoderm	Definitive_endoderm	0.39	5.21	2.5	3.5	0	0	4	0	0	0
E7.5	E75_Definitive_endoderm	Definitive_endoderm	-4.05	1.82	3.2	3	1.7	0	4.2	0	0	1.7
E7.5	E75_Definitive_endoderm	Definitive_endoderm	-3.04	3.19	1.8	0	0	0	4.3	1.8	2.8	2.5
E7.5	E75_Definitive_endoderm	Definitive_endoderm	-4.08	-3.47	4.5	4.1	0	0	0	0	0	0
E7.5	E75_Definitive_endoderm	Definitive_endoderm	-2.7	0.75	0	3.4	0	0	4.5	3	1.8	1.8
E7.5	E75_Definitive_endoderm	Definitive_endoderm	0.68	5.56	0	2.6	3	0	3.8	2	0	2.6
E7.5	E75_Definitive_endoderm	Definitive_endoderm	-0.99	0.99	0	0	2.9	0	0	0	2.9	3.6
E7.5	E75_Definitive_endoderm	Definitive_endoderm	-0.37	0.95	0	4.6	0	0	0	0	3.6	0
E7.5	E75_Gut	Gut	-3.23	-3.39	3.7	5	0	2	3.9	2	0	3.7
E7.5	E75_Definitive_endoderm	Definitive_endoderm	-3.44	0.23	3.6	3.5	0	0	2.6	0	0	3.3
E7.5	E75_Definitive_endoderm	Definitive_endoderm	0.52	-2.5	0	3.2	2.1	0	4.3	0	0	2.8
E7.5	E75_Definitive_endoderm	Definitive_endoderm	-0.55	-2.16	2.8	4.2	4.4	0	2.2	2.2	0	0
E7.5	E75_Definitive_endoderm	Definitive_endoderm	-4.42	-2.7	4.4	4.9	0	0	2.8	0	0	2.2
E7.5	E75_Definitive_endoderm	Definitive_endoderm	-0.7	-1.36	0	4.5	1.9	0	2.5	0	2.5	1.9
E7.5	E75_Gut	Gut	-3.95	-1.11	1.9	3.8	0	0	2.5	1.9	0	3.2
E7.5	E75_Anterior_primitive_streak	Anterior_primitive_streak	1.4	-0.55	0	3.6	0	0	3.6	0	4	4
E7.5	E75_Definitive_endoderm	Definitive_endoderm	-2.01	-4.41	2.4	4.3	0	0	3.4	0	0	0
E7.5	E75_Definitive_endoderm	Definitive_endoderm	-1.76	-3.7	3.3	4.5	3.5	2.2	2.2	0	0	0
E7.5	E75_Anterior_primitive_streak	Anterior_primitive_streak	2.75	-1.44	0	2.3	0	0	3	0	3.6	2.3
E7.5	E75_Definitive_endoderm	Definitive_endoderm	-0.44	-0.64	2.5	4.4	2.5	0	3.9	2.9	0	2.5
E7.5	E75_Definitive_endoderm	Definitive_endoderm	-5.69	-0.73	4	5.2	0	0	3.4	0	0	3.4
E7.5	E75_Definitive_endoderm	Definitive_endoderm	0.53	-4.26	0	4	4.6	0	0	0	0	0
E7.5	E75_Gut	Gut	-1.81	-3.82	3.1	4.7	3.4	0	0	0	0	2.4
E7.5	E75_Anterior_primitive_streak	Anterior_primitive_streak	2.09	2.62	0	2	0	0	4.1	2.6	3.3	3.5
E7.5	E75_Definitive_endoderm	Definitive_endoderm	-4.96	-0.03	3.4	4.7	0	0	2.9	0	0	1.6
E7.5	E75_Anterior_primitive_streak	Anterior_primitive_streak	3.46	-0.76	2.3	3.1	0	0	4.4	2.7	3.6	3.6
E7.5	E75_Gut	Gut	-2.21	-2.37	4.4	5.2	3.9	0	3	0	0	0
E7.5	E75_Definitive_endoderm	Definitive_endoderm	-0.52	4.66	1.7	2.9	0	0	4	0	1.2	2.3
E7.5	E75_Definitive_endoderm	Definitive_endoderm	2.01	5.99	3.2	3.6	0	0	4.7	2.6	0	0
E7.5	E75_Definitive_endoderm	Definitive_endoderm	-5.67	0.08	3	4.6	0	0	2	0	0	2
E7.5	E75_Gut	Gut	-0.17	-1.81	0	4.9	2.9	0	3.8	0	2.3	3.6
E7.5	E75_Definitive_endoderm	Definitive_endoderm	-4.44	-3	4.6	5.1	0	0	0	0	0	3.7
E7.5	E75_Definitive_endoderm	Definitive_endoderm	0.69	-2.96	0	4.2	0	0	3.2	0	3.8	0
E7.5	E75_Gut	Gut	-2.96	-1.8	2.2	3.7	2.2	0	3.7	0	0	0
E7.5	E75_Definitive_endoderm	Definitive_endoderm	-2.14	-4.01	1.6	3.8	3	0	3.2	0	0	1.6
E7.5	E75_Definitive_endoderm	Definitive_endoderm	-1.41	-1.39	2	4.3	3.8	2	2	0	2.6	0
E7.5	E75_Anterior_primitive_streak	Anterior_primitive_streak	4	0.94	2.2	3.2	0	0	4.4	3.7	2.2	3.2
E7.5	E75_Definitive_endoderm	Definitive_endoderm	0.98	3.99	0	5.3	0	0	3.6	0	2.3	3.4
E7.5	E75_Definitive_endoderm	Definitive_endoderm	-4.25	-3.78	4.1	4.6	0	0	2.2	0	0	3.4
E7.5	E75_Anterior_primitive_streak	Anterior_primitive_streak	1.43	-3.89	0	3.9	0	0	3.4	0	2.3	0
E7.5	E75_Definitive_endoderm	Definitive_endoderm	-0.62	2.25	0	4.2	0	0	3.9	1.4	2	3.4
E7.5	E75_Anterior_primitive_streak	Anterior_primitive_streak	1.66	-0.73	1.6	3.7	0	0	4.3	2.8	3	3.8
E7.5	E75_Definitive_endoderm	Definitive_endoderm	0.47	3.34	0	5.6	0	0	3.7	0	2.4	3.7
E7.5	E75_Definitive_endoderm	Definitive_endoderm	-1.51	4.46	1.4	3.1	0	0	4.1	1.4	0	2.3
E7.5	E75_Anterior_primitive_streak	Anterior_primitive_streak	1.41	-1.35	0	3.6	0	0	4.4	2.3	3.8	3.3
E7.5	E75_Gut	Gut	-0.33	2.47	0	4.8	0	0	0	2.5	2.5	0
E7.5	E75_Definitive_endoderm	Definitive_endoderm	0	4.08	0	4.8	0	0	3.8	3.1	3.1	4.2
E7.5	E75_Anterior_primitive_streak	Anterior_primitive_streak	-2.71	2.32	0	3.3	0	0	4.1	1.8	2.4	3.5
E7.5	E75_Gut	Gut	-1.65	-2.62	2.6	5.7	4.1	0	0	0	2.6	0
E7.5	E75_Definitive_endoderm	Definitive_endoderm	0.11	0.35	0	4.4	0	0	3.9	1.9	4.5	3.2
E7.5	E75_Definitive_endoderm	Definitive_endoderm	-5.79	-0.36	4	5.4	0	0	1.9	0	0	2.5
E7.5	E75_Definitive_endoderm	Definitive_endoderm	3.36	3.08	2.9	2.3	0	0	5.2	3.3	2.3	4.6
E7.5	E75_Definitive_endoderm	Definitive_endoderm	-1.28	-4.58	2.7	4.4	2.7	0	3.8	2.1	2.1	3.4
E7.5	E75_Anterior_primitive_streak	Anterior_primitive_streak	0.52	0.51	0	4	0	0	3.8	1.9	4.1	4.2
E7.5	E75_Definitive_endoderm	Definitive_endoderm	2.27	6.15	3.1	2.5	0	0	4.8	3.8	0	3.5
E7.5	E75_Definitive_endoderm	Definitive_endoderm	1.57	4.15	1.8	3.7	0	0	4.5	2.4	2.4	3.6
E7.5	E75_Definitive_endoderm	Definitive_endoderm	0	0.48	0	5.2	2.7	0	3.7	0	3.7	0
E7.5	E75_Definitive_endoderm	Definitive_endoderm	-1.15	2.21	0	3.5	0	0	3.9	0	2.5	0
E7.5	E75_Definitive_endoderm	Definitive_endoderm	2.48	5.34	0	2.9	0	0	4.7	3.3	0	3.6
E7.5	E75_Anterior_primitive_streak	Anterior_primitive_streak	0.81	-0.33	0	2.9	0	0	4.4	3.6	3.7	3.9
E7.5	E75_Definitive_endoderm	Definitive_endoderm	2.08	5.76	3.3	2.3	0	0	4.5	3.6	0	3.6
E7.5	E75_Anterior_primitive_streak	Anterior_primitive_streak	1.23	-0.53	0	3.4	0	0	3.2	1.7	3	3
E7.5	E75_Anterior_primitive_streak	Anterior_primitive_streak	4.67	0.85	0	3.2	0	0	4.5	0	2.9	4.9
E7.5	E75_Definitive_endoderm	Definitive_endoderm	0.44	5.69	2.5	2.5	0	0	5.3	3.7	0	3.8
E7.5	E75_Gut	Gut	-2.92	-2.29	4	4.5	2.3	1.7	0	0	0	2.3
E7.5	E75_Anterior_primitive_streak	Anterior_primitive_streak	3.24	0.22	0	2.7	0	0	4.5	2.7	2.3	3.1
E7.5	E75_Definitive_endoderm	Definitive_endoderm	-0.08	3.67	0	4	0	0	3.8	0	3.1	4.2
E7.5	E75_Anterior_primitive_streak	Anterior_primitive_streak	0.5	-3.7	0	3.9	0	0	3.7	2.8	3.5	3.5
E7.5	E75_Gut	Gut	-3.32	-2.17	3.8	4.7	0	0	3.8	0	0	0
E7.5	E75_Gut	Gut	-2.03	-1.24	3.8	4.8	0	0	3.1	0	0	2.4
E7.5	E75_Definitive_endoderm	Definitive_endoderm	-5.18	-2.6	3.4	4.7	0	0	3	0	0	3.9
E7.5	E75_Anterior_primitive_streak	Anterior_primitive_streak	4.32	-0.15	2.3	3.1	2.3	0	4.3	1.7	0	3.6
E7.5	E75_Definitive_endoderm	Definitive_endoderm	-0.89	5.09	4	1.9	0	0	4	0	0	0
E7.5	E75_Anterior_primitive_streak	Anterior_primitive_streak	4.47	0.81	0	2.1	0	0	4	3.1	2.1	3.6
E7.5	E75_Definitive_endoderm	Definitive_endoderm	-0.7	-1.24	0	4.4	2.2	0	0	0	4	0
E7.5	E75_Definitive_endoderm	Definitive_endoderm	-0.27	5.52	2	2	0	0	4.3	3	0	0
E7.5	E75_Anterior_primitive_streak	Anterior_primitive_streak	0.7	-1.56	0	4	2.2	0	4.2	3.2	3.5	4
E7.5	E75_Anterior_primitive_streak	Anterior_primitive_streak	1.58	-2.36	1.9	3.2	0	0	3.9	1.9	4	3.6
E7.5	E75_Anterior_primitive_streak	Anterior_primitive_streak	2.68	0.34	0	2.1	0	0	4.2	2.7	0	3.1
E7.5	E75_Definitive_endoderm	Definitive_endoderm	-0.58	1.24	0	4.8	2.1	0	2.7	0	2.7	3.1
E7.5	E75_Gut	Gut	-1.25	-0.58	0	4.9	5	0	2.1	0	0	0
E7.5	E75_Gut	Gut	-0.9	0.21	2.9	5	0	0	0	0	0	2.9
E7.5	E75_Definitive_endoderm	Definitive_endoderm	-2.42	-2.1	3.1	3.7	1.9	1.9	3.7	2.5	0	2.8
E7.5	E75_Definitive_endoderm	Definitive_endoderm	-4.89	-3.13	3.7	4.7	0	0	3.3	0	0	3.9
E7.5	E75_Definitive_endoderm	Definitive_endoderm	2.27	5.85	4.5	3.3	0	0	4.7	3	0	2
E7.5	E75_Definitive_endoderm	Definitive_endoderm	0.09	0.5	0	4.7	1.9	0	2.5	0	0	0
E7.5	E75_Definitive_endoderm	Definitive_endoderm	-4.92	0.61	1.8	4.3	0	2.4	4	2.4	0	0
E7.5	E75_Gut	Gut	-2.14	-1.6	0	5.1	3.8	1.6	1.6	0	0	0
E7.5	E75_Definitive_endoderm	Definitive_endoderm	-5.32	-0.13	2.1	5	3.1	1.7	2.7	1.2	0	2.1
E7.5	E75_Definitive_endoderm	Definitive_endoderm	2.26	-2.22	2.7	4	0	0	4	2.9	2.1	3.6
E7.5	E75_Definitive_endoderm	Definitive_endoderm	4.61	-1.04	1.8	1.8	0	0	3.7	3	2.4	2.4
E7.5	E75_Definitive_endoderm	Definitive_endoderm	-0.26	-4.86	2.6	4.3	4.6	0	3	3.3	0	2
E7.5	E75_Gut	Gut	-1.32	-0.5	0	4.9	3.9	2.9	2.9	0	1.9	0
E7.5	E75_Definitive_endoderm	Definitive_endoderm	-2.35	-4.36	3.1	4	0	0	2.8	2.3	0	2.8
E7.5	E75_Definitive_endoderm	Definitive_endoderm	-5.36	-0.71	2.3	3.6	3.2	0	3.2	2	2	3
E7.5	E75_Definitive_endoderm	Definitive_endoderm	-0.31	-3.14	1.9	3.4	0	0	4	0	1.9	3.7
E7.5	E75_Anterior_primitive_streak	Anterior_primitive_streak	3.02	1.47	0	2	0	0	4.7	2.6	3.1	4
E7.5	E75_Gut	Gut	-2.53	-4.15	3.9	4.5	3.4	2.1	2.7	0	2.1	0
E7.5	E75_Definitive_endoderm	Definitive_endoderm	0.64	4.55	0	4.5	2.5	0	4.1	3.1	2.5	4.3
E7.5	E75_Definitive_endoderm	Definitive_endoderm	0.07	1.44	0	4.8	0	0	2.3	1.7	2.3	2.3
E7.5	E75_Definitive_endoderm	Definitive_endoderm	-0.49	-2.02	1.7	3.9	3.6	0	3.8	0	2.3	3.5
E7.5	E75_Definitive_endoderm	Definitive_endoderm	-1.34	-4.88	0	4.1	0	0	3.3	0	2.4	3.3
E7.5	E75_Definitive_endoderm	Definitive_endoderm	-5.04	-3.08	3.4	4	0	0	3	0	0	3
E7.5	E75_Definitive_endoderm	Definitive_endoderm	-2.24	4.09	2.4	2.4	1.3	0	4	1.8	1.8	1.8
E7.5	E75_Definitive_endoderm	Definitive_endoderm	5.01	-0.18	0	2.4	0	0	4.7	3.8	0	3.4
E7.5	E75_Definitive_endoderm	Definitive_endoderm	-3.61	-4.01	3.4	4.6	0	0	1.7	0	0	3.4
E7.5	E75_Definitive_endoderm	Definitive_endoderm	-0.62	-1.85	0	4.8	4.3	0	3.2	1.8	1.8	0
E7.5	E75_Definitive_endoderm	Definitive_endoderm	-6.45	-0.62	4.7	4.9	0	0	3	0	0	2.5
E7.5	E75_Definitive_endoderm	Definitive_endoderm	-2.22	-3.08	0	3.7	3.6	0	0	0	0	0
E7.5	E75_Definitive_endoderm	Definitive_endoderm	-3.21	-3.28	3.7	4.4	0	0	2.4	0	0	3.4
E7.5	E75_Definitive_endoderm	Definitive_endoderm	-2.36	4.15	1.7	1.7	0	1.7	3.5	2.3	0	2.7
E7.5	E75_Gut	Gut	-1.92	-2.8	0	5.3	4.5	0	0	0	0	0
E7.5	E75_Gut	Gut	-6.49	-0.05	2.4	5.1	3.8	1.8	1.8	0	0	2.4
E7.5	E75_Definitive_endoderm	Definitive_endoderm	-2.13	-4.51	2.8	3.8	0	0	3.4	1.8	0	3.2
E7.5	E75_Gut	Gut	-3.03	-4.38	3.5	4.4	0	1.8	2.7	2.4	0	0
E7.5	E75_Definitive_endoderm	Definitive_endoderm	1.8	5.1	3.6	0	0	0	5.1	0	0	0
E7.5	E75_Definitive_endoderm	Definitive_endoderm	-4.71	-0.1	2.2	4.7	0.7	0.7	3.8	0	0	1.5
E7.5	E75_Definitive_endoderm	Definitive_endoderm	4.85	-0.13	2	3	0	0	4.5	3.2	0	3
E7.5	E75_Definitive_endoderm	Definitive_endoderm	0.19	-0.71	0	3.7	0	0	2.6	2.3	4.3	1.7
E7.5	E75_Definitive_endoderm	Definitive_endoderm	-1.18	-4.12	0	3.8	3.4	0	1.5	1.5	1.5	0
E7.5	E75_Gut	Gut	-4.14	-0.64	3.8	4.8	2.8	0	2.5	1.1	0	0
E7.5	E75_Definitive_endoderm	Definitive_endoderm	-3.55	-2.79	4.8	5.2	1.9	0	0	0	0	2.5
E7.5	E75_Anterior_primitive_streak	Anterior_primitive_streak	3.08	0.75	0	3.6	0	0	4.3	2.7	3.3	4.1
E7.5	E75_Gut	Gut	-2.71	-1.51	4.1	4.8	3.5	0	0	0	0	0
E7.5	E75_Anterior_primitive_streak	Anterior_primitive_streak	0.94	2.09	2.3	4.1	0	0	4.4	1.7	4.3	4.1
E7.5	E75_Definitive_endoderm	Definitive_endoderm	1.12	-2.71	0	4.4	0	0	4.1	0	3.8	2.8
E7.5	E75_Anterior_primitive_streak	Anterior_primitive_streak	4.61	-0.52	0	0	0	0	4.1	3.1	2.4	3.1
E7.5	E75_Definitive_endoderm	Definitive_endoderm	-4.12	-3.66	5.1	4.9	0	0	2.3	0	0	3.3
E7.5	E75_Definitive_endoderm	Definitive_endoderm	-2.39	4.1	2.5	1.8	0	0	4.5	1.3	0	1.3
E7.5	E75_Definitive_endoderm	Definitive_endoderm	-3.06	2.48	2.4	3.6	0	0	4.4	0	0	1.6
E7.5	E75_Definitive_endoderm	Definitive_endoderm	-2.79	-1.32	3.9	4.5	0	0	0	0	0	2.6
E7.5	E75_Anterior_primitive_streak	Anterior_primitive_streak	1.2	-1.21	0	4	0	0	3.9	1.7	4	3.8
E7.5	E75_Definitive_endoderm	Definitive_endoderm	-2.75	2.48	2.1	2.1	2.4	0	4.4	0	0	2.1
E7.5	E75_Definitive_endoderm	Definitive_endoderm	-1.86	4.32	4.2	1.6	2.2	0	4.1	0	1.6	2.2
E7.5	E75_Definitive_endoderm	Definitive_endoderm	0.92	4.68	2	4.7	0	0	4.1	0	0	4
E7.5	E75_Definitive_endoderm	Definitive_endoderm	-0.87	-3.12	1.8	4.3	3.7	1.3	2.5	1.3	1.8	0
E7.5	E75_Definitive_endoderm	Definitive_endoderm	-4.72	-3.16	4.2	4.4	0	0	2.8	0	0	3.3
E7.5	E75_Gut	Gut	-2.51	-1.8	3.6	4.1	3.1	0	4.1	0	0	0
E7.5	E75_Definitive_endoderm	Definitive_endoderm	-4.27	-3.11	4.6	5.1	0	0	3.3	0	0	2
E7.5	E75_Definitive_endoderm	Definitive_endoderm	2.52	4.22	0	3.4	0	0	5	2.4	0	3.9
E7.5	E75_Definitive_endoderm	Definitive_endoderm	-1.86	2.31	3.6	3.4	3.2	0	4	2.1	1.5	1.5
E7.5	E75_Gut	Gut	-2.25	-3.02	2.3	4.2	1.7	2.3	2.7	0	0	0
E7.5	E75_Definitive_endoderm	Definitive_endoderm	-2.17	-3.34	2.3	4.7	3.7	0	1.7	0	0	0
E7.5	E75_Definitive_endoderm	Definitive_endoderm	-3.74	-1.75	3.2	4.5	0	0	2.2	0	1.3	1.3
E7.5	E75_Definitive_endoderm	Definitive_endoderm	-6.25	-0.19	4.7	4.7	0	0	3.1	0	0	1.3
E7.5	E75_Definitive_endoderm	Definitive_endoderm	1.5	5.14	0	2.1	0	0	5	3.3	2.1	3.3
E7.5	E75_Definitive_endoderm	Definitive_endoderm	-5.89	0.25	1.5	4.1	0	0	1.5	2.5	1.5	2.7
E7.5	E75_Definitive_endoderm	Definitive_endoderm	0.45	5.96	4.4	1.9	0	0	4.9	2.9	0	2.9
E7.5	E75_Definitive_endoderm	Definitive_endoderm	2.74	4.68	3	0	1.6	0	4.7	0	0	2.8
E7.5	E75_Definitive_endoderm	Definitive_endoderm	-0.51	-1.68	0	3.6	2.8	0	3.3	0	3.3	0
E7.5	E75_Definitive_endoderm	Definitive_endoderm	-4.58	-3.44	4.2	4.8	0	0	1.7	0	0	3.4
E7.5	E75_Anterior_primitive_streak	Anterior_primitive_streak	1.38	0.87	1.7	3.4	0	0	3.9	1.7	3.7	3.1
E7.5	E75_Definitive_endoderm	Definitive_endoderm	3.67	2.87	0	0	0	0	4.3	2.1	2.1	4.2
E7.5	E75_Anterior_primitive_streak	Anterior_primitive_streak	3.97	1.08	0	3.2	0	0	4.4	3	3.2	3.9
E7.5	E75_Definitive_endoderm	Definitive_endoderm	-3.31	3.17	2.6	3.5	3.8	1.4	3.5	0	0	0
E7.5	E75_Definitive_endoderm	Definitive_endoderm	-0.99	-4.83	3.2	3.9	0	0	2.9	1.9	2.6	3.6
E7.5	E75_Anterior_primitive_streak	Anterior_primitive_streak	0.36	1.13	1.7	4.5	0	0	3.6	1.7	3.8	3.6
E7.5	E75_Gut	Gut	0	0.98	0	5.3	1.7	0	3.5	0	2.3	2.7
E7.25	E725_Anterior_primitive_streak	Anterior_primitive_streak	2.57	2.98	0	0	0	0	4.4	2.8	0	3.5
E7.25	E725_Anterior_primitive_streak	Anterior_primitive_streak	-3.75	2.61	0	2.2	0	0	4.3	3.2	3.7	2.8
E7.25	E725_Anterior_primitive_streak	Anterior_primitive_streak	0.6	1.39	0	2.6	0	0	4.2	4.3	4	2.9
E7.25	E725_Anterior_primitive_streak	Anterior_primitive_streak	2.69	1.42	0	2.9	0	0	3.8	3.6	4.1	4.1
E7.25	E725_Anterior_primitive_streak	Anterior_primitive_streak	1.62	-0.5	0	2.6	0	0	4.3	3	4.3	2
E7.25	E725_Anterior_primitive_streak	Anterior_primitive_streak	2.26	3.85	2	0	0	0	4.4	2.6	3.3	3.8
E7.25	E725_Anterior_primitive_streak	Anterior_primitive_streak	3.23	-1.01	0	0	0	0	4.3	3.1	4.3	2.5
E7.25	E725_Anterior_primitive_streak	Anterior_primitive_streak	-1.78	-1.5	0	2.7	0	0	4.4	2.7	3.6	2.1
E7.25	E725_Anterior_primitive_streak	Anterior_primitive_streak	1.67	4.72	2.1	2.1	0	0	4.7	2.8	2.8	3.4
E7.25	E725_Anterior_primitive_streak	Anterior_primitive_streak	0.45	0.45	0	2.6	0	0	3.5	3	4.1	3
E7.25	E725_Anterior_primitive_streak	Anterior_primitive_streak	-0.19	-3.32	2	3.3	0	0	4.2	2.7	3.9	2
E7.25	E725_Anterior_primitive_streak	Anterior_primitive_streak	-0.16	-3.65	2	0	0	0	3.5	0	4.1	0
E7.25	E725_Anterior_primitive_streak	Anterior_primitive_streak	4.96	-1.06	0	0	0	0	4.5	3.8	3.8	3.3
E7.25	E725_Anterior_primitive_streak	Anterior_primitive_streak	0.16	-2.84	0	2.4	0	0	3.2	2.7	4.2	3.9
E7.25	E725_Anterior_primitive_streak	Anterior_primitive_streak	4.16	-0.3	0	2.5	0	0	4.4	3.4	3.5	4.2
E7.25	E725_Anterior_primitive_streak	Anterior_primitive_streak	1.81	4.5	0	2.3	0	0	4.2	3	2.3	3.3
E7.25	E725_Anterior_primitive_streak	Anterior_primitive_streak	1.96	0.98	1.6	2.6	0	0	4.3	2.6	2.9	2.6
E7.25	E725_Anterior_primitive_streak	Anterior_primitive_streak	-0.29	-2.8	0	2.4	0	0	4	3.7	4.6	1.8
E7.25	E725_Anterior_primitive_streak	Anterior_primitive_streak	-0.2	-3.45	0	3.2	0	0	3	2	3.8	2.6
E7.25	E725_Anterior_primitive_streak	Anterior_primitive_streak	1.74	-2.16	0	0	0	0	4.5	3.7	3.9	3.7
E7.25	E725_Anterior_primitive_streak	Anterior_primitive_streak	3.7	0.72	0	3.3	0	0	4.5	3.3	3.5	3
E7.25	E725_Anterior_primitive_streak	Anterior_primitive_streak	2.2	-1.69	0	0	0	0	4.1	3.2	4.3	3.4
E7.25	E725_Anterior_primitive_streak	Anterior_primitive_streak	2.74	-0.14	0	1.7	0	0	3.6	2.3	3.3	3.5
E7.25	E725_Anterior_primitive_streak	Anterior_primitive_streak	3.25	-0.91	0	0	0	0	4.5	2	4.3	3
E7.25	E725_Anterior_primitive_streak	Anterior_primitive_streak	-2.43	2.77	2.6	0	0	0	4	2	0	0
E7.25	E725_Anterior_primitive_streak	Anterior_primitive_streak	3.01	4.1	0	2.3	0	0	3.6	3.3	4	2.9
E7.25	E725_Anterior_primitive_streak	Anterior_primitive_streak	1.53	5.9	2.4	3.1	0	0	3.4	3.4	2.4	3.1
E7.25	E725_Anterior_primitive_streak	Anterior_primitive_streak	-2.84	4.04	3.6	0	0	2.3	3.8	0	0	0
E7.25	E725_Anterior_primitive_streak	Anterior_primitive_streak	-0.78	-2.69	0	0	0	0	3.9	2.8	4	1.8
E7.25	E725_Anterior_primitive_streak	Anterior_primitive_streak	-0.41	-2.94	0	2	0	0	4.5	2	3.8	2
E7.25	E725_Anterior_primitive_streak	Anterior_primitive_streak	-0.66	-0.87	0	2.3	0	0	3.9	1.7	3.8	0
E7.25	E725_Anterior_primitive_streak	Anterior_primitive_streak	3.44	-0.7	0	2.8	0	0	4.3	3.2	3.7	2.2
E7.25	E725_Anterior_primitive_streak	Anterior_primitive_streak	2	2.5	3.2	1.9	0	0	4.2	3.4	1.9	0
E7.25	E725_Anterior_primitive_streak	Anterior_primitive_streak	4.58	1.19	0	0	0	0	4.6	2.1	3.1	4.1
E7.25	E725_Anterior_primitive_streak	Anterior_primitive_streak	1.77	2.74	0	3.5	0	0	4.8	3.5	3.4	1.8
E7.25	E725_Anterior_primitive_streak	Anterior_primitive_streak	2.86	0.77	2	0	0	0	4.8	3	3.3	3.3
E7.25	E725_Anterior_primitive_streak	Anterior_primitive_streak	-2.28	3.49	0	0	0	0	4.7	2.5	0	0
E7.25	E725_Anterior_primitive_streak	Anterior_primitive_streak	-1.97	-3.32	0	0	0	0	3.8	3.4	3.8	3.1
E7.25	E725_Anterior_primitive_streak	Anterior_primitive_streak	1.94	5.35	2.2	2.2	0	0	3.7	3.2	2.2	3.2
E7.25	E725_Anterior_primitive_streak	Anterior_primitive_streak	2.12	2.47	0	1.9	0	0	4.5	3.1	2.9	2.5
E7.25	E725_Anterior_primitive_streak	Anterior_primitive_streak	-0.59	-4.06	0	2.6	0	0	3.7	0	3.8	0
E7.25	E725_Anterior_primitive_streak	Anterior_primitive_streak	-3.49	2.74	1.6	2.6	0	0	4.6	2.2	3.5	1.6
E7.25	E725_Anterior_primitive_streak	Anterior_primitive_streak	0.82	2.63	0	3.8	0	0	4.7	2.4	2.4	3.9
E7.25	E725_Anterior_primitive_streak	Anterior_primitive_streak	1.27	5.76	3	0	0	0	4.1	3.4	3	2.4
E7.25	E725_Anterior_primitive_streak	Anterior_primitive_streak	1.57	2.94	0	2	0	0	4.2	2	3	3.9
E7.25	E725_Anterior_primitive_streak	Anterior_primitive_streak	1.2	5.08	2.9	2.3	0	0	4	3.6	3.3	4
E7.25	E725_Anterior_primitive_streak	Anterior_primitive_streak	0.97	-2.25	0	3.3	0	0	4.1	2	3.7	2.6
E7.25	E725_Anterior_primitive_streak	Anterior_primitive_streak	3.13	1.06	0	1.8	0	0	4.2	3.5	3.1	3.5
E7.25	E725_Anterior_primitive_streak	Anterior_primitive_streak	3.23	3.72	2.7	0	0	0	4.8	2	0	3.5
E7.25	E725_Anterior_primitive_streak	Anterior_primitive_streak	4.32	-0.42	0	3.1	0	0	4.4	2.1	2.1	3.1
E7.25	E725_Anterior_primitive_streak	Anterior_primitive_streak	2.44	3.34	2	3	0	0	4.2	2	3.5	3
E7.25	E725_Anterior_primitive_streak	Anterior_primitive_streak	3.29	-1.36	0	0	0	0	4.4	3.4	3.4	3.9
E7.25	E725_Anterior_primitive_streak	Anterior_primitive_streak	3.88	1.06	0	2.5	0	0	4.6	3.4	3.7	3.9
E7.25	E725_Anterior_primitive_streak	Anterior_primitive_streak	2.92	-1.12	0	3.3	0	0	3.8	2.8	4.5	3
E7.25	E725_Anterior_primitive_streak	Anterior_primitive_streak	3.18	-2.86	0	2.2	0	0	3.3	3.3	3.8	3.9
E7.25	E725_Anterior_primitive_streak	Anterior_primitive_streak	-1.43	1.45	0	0	0	0	4	3.2	2.6	3.2
E7.25	E725_Anterior_primitive_streak	Anterior_primitive_streak	0.3	-3.76	0	3	3	0	3	2.3	4	2.3
E7.25	E725_Anterior_primitive_streak	Anterior_primitive_streak	0.03	2.56	0	5	2.4	0	3.4	2.4	3	3.4
E7.25	E725_Anterior_primitive_streak	Anterior_primitive_streak	4.15	-1.34	0	2.6	2.9	0	4.3	2.9	2.6	3.9
E7.25	E725_Anterior_primitive_streak	Anterior_primitive_streak	3.46	-1.41	0	0	0	0	4.1	3.4	3.1	3.1
E7.25	E725_Anterior_primitive_streak	Anterior_primitive_streak	3.75	-1.2	0	3.4	0	0	3.8	3.4	2.7	3.8
E7.25	E725_Anterior_primitive_streak	Anterior_primitive_streak	3.42	0.86	0	2	0	0	4.4	2	3	3.3
E7.25	E725_Anterior_primitive_streak	Anterior_primitive_streak	3.12	-1.47	0	0	0	0	4.3	3.1	4.1	3.5
E7.25	E725_Anterior_primitive_streak	Anterior_primitive_streak	-1.12	1.8	0	2.8	0	0	4.1	3.8	2.8	3.2
E7.25	E725_Anterior_primitive_streak	Anterior_primitive_streak	2.3	1.48	1.8	3	0	0	3.6	3.4	3	4.2
E7.25	E725_Anterior_primitive_streak	Anterior_primitive_streak	4.42	-1.65	0	0	0	0	4.7	0	3.1	2.1
E7.25	E725_Anterior_primitive_streak	Anterior_primitive_streak	3.55	-0.17	1.9	2.5	0	0	4.1	3.5	1.9	3.8
E7.25	E725_Anterior_primitive_streak	Anterior_primitive_streak	-0.75	-1.24	0	4.3	0	0	3	2.3	3.4	2.3
E7.25	E725_Anterior_primitive_streak	Anterior_primitive_streak	-2.16	-4.34	0	4.5	2.2	0	2.8	2.2	2.8	0
E7.25	E725_Anterior_primitive_streak	Anterior_primitive_streak	-2.32	1.15	4.1	0	0	0	4.5	2.4	0	0
E7.25	E725_Anterior_primitive_streak	Anterior_primitive_streak	2.33	-3.19	0	3.6	0	0	3.8	2.3	3.8	2.9
E7.25	E725_Anterior_primitive_streak	Anterior_primitive_streak	2.12	0.72	3.3	3.9	0	0	3.7	2.7	2.1	3.3
E7.25	E725_Anterior_primitive_streak	Anterior_primitive_streak	-2.99	3.36	4.4	0	0	0	4.6	2.3	0	0
E7.25	E725_Anterior_primitive_streak	Anterior_primitive_streak	0.99	1.49	2	2	0	0	4.3	3	3	3
E7.25	E725_Anterior_primitive_streak	Anterior_primitive_streak	2.98	-1.91	0	0	0	0	3.8	2.1	3.4	4.4
E7.25	E725_Anterior_primitive_streak	Anterior_primitive_streak	1.56	1.5	0	3.8	0	0	4.6	3.2	3.8	3.4
E7.25	E725_Anterior_primitive_streak	Anterior_primitive_streak	2.39	-3.65	0	3	0	0	4.4	0	4.6	3
E7.25	E725_Anterior_primitive_streak	Anterior_primitive_streak	1.87	-0.72	0	0	0	0	4.1	3.6	3.3	0
E7.25	E725_Anterior_primitive_streak	Anterior_primitive_streak	4.46	-1.02	0	3.2	2.2	0	4.3	2.2	4	3.2
E7.25	E725_Anterior_primitive_streak	Anterior_primitive_streak	-2.66	3.11	1.6	0	0	0	5.1	1.6	0	0
E7.25	E725_Anterior_primitive_streak	Anterior_primitive_streak	-0.37	-2.37	0	3.8	0	0	4	2.1	3.8	3.4
E7.25	E725_Anterior_primitive_streak	Anterior_primitive_streak	-2.25	2.71	0	2.3	0	0	4.5	2.3	3.7	3.7
E7.25	E725_Anterior_primitive_streak	Anterior_primitive_streak	-0.36	-3.55	0	3.1	0	0	3.1	2.1	2.1	3.6
E7.25	E725_Anterior_primitive_streak	Anterior_primitive_streak	2.68	5.09	2.9	1.9	0	0	5.1	3.2	3.2	3.6
E7.25	E725_Anterior_primitive_streak	Anterior_primitive_streak	0.26	0.94	0	3.7	0	0	3.5	2.9	4	3.5
E7.25	E725_Anterior_primitive_streak	Anterior_primitive_streak	2.46	-1.03	2.1	3.1	0	0	4.2	2.7	3.1	3.1
E7.25	E725_Anterior_primitive_streak	Anterior_primitive_streak	-0.38	-0.1	0	3.2	0	0	3.9	3.4	4.3	1.9
E7.25	E725_Anterior_primitive_streak	Anterior_primitive_streak	2.75	5.73	3.9	0	0	0	4.8	0	0	2.4
E7.25	E725_Anterior_primitive_streak	Anterior_primitive_streak	0.21	-3.32	0	3.4	1.9	0	3.4	1.9	2.9	2.6
E7.25	E725_Anterior_primitive_streak	Anterior_primitive_streak	1.61	2.07	0	3.6	1.9	0	4	3.2	2.6	4
E7.25	E725_Anterior_primitive_streak	Anterior_primitive_streak	-1.13	0.69	0	3.8	1.9	0	3.7	2.5	3.8	2.9
E7.25	E725_Anterior_primitive_streak	Anterior_primitive_streak	1.76	3.36	2	3	0	0	4.3	3	3.7	4
E7.25	E725_Anterior_primitive_streak	Anterior_primitive_streak	2.82	1.47	1.9	0	0	0	4.4	3.4	3.6	2.5
E7.25	E725_Anterior_primitive_streak	Anterior_primitive_streak	0.61	0.99	0	3.7	0	0	3.9	2.9	3.7	3.2
E7.25	E725_Anterior_primitive_streak	Anterior_primitive_streak	1.68	-2.82	0	3.2	0	0	3.8	2	3.6	3
E7.25	E725_Anterior_primitive_streak	Anterior_primitive_streak	2.69	-2.63	0	2.7	0	0	3.4	3.4	2.1	3.8
E7.25	E725_Anterior_primitive_streak	Anterior_primitive_streak	0.64	-3.5	0	4.6	0	0	3.5	0	4	2.8
E7.25	E725_Anterior_primitive_streak	Anterior_primitive_streak	4.11	2.82	2.6	3	0	0	4.7	4	0	2.6
E7.25	E725_Anterior_primitive_streak	Anterior_primitive_streak	-3.23	1.28	2	2	0	0	4.3	2.6	3.3	0
E7.25	E725_Anterior_primitive_streak	Anterior_primitive_streak	-1.94	2.2	2.9	0	0	0	5.2	0	0	0
E7.25	E725_Anterior_primitive_streak	Anterior_primitive_streak	1.92	0.44	0	2.8	0	0	4.3	3.3	3.1	3.1
E7.25	E725_Anterior_primitive_streak	Anterior_primitive_streak	-2.46	3.32	2.6	1.9	0	0	4	0	0	0
E7.25	E725_Anterior_primitive_streak	Anterior_primitive_streak	-3.02	-4.54	0	3.3	0	0	3	3	0	3.5
E7.25	E725_Anterior_primitive_streak	Anterior_primitive_streak	0.22	1.96	0	3.5	0	0	4.7	3.5	0	2.8
E7.25	E725_Anterior_primitive_streak	Anterior_primitive_streak	2.61	3.92	2.6	3	0	0	4.3	3.8	3	3.9
E7.25	E725_Anterior_primitive_streak	Anterior_primitive_streak	3.18	-2.43	0	3.4	0	0	4.6	2.7	3.6	4.1
E7.25	E725_Anterior_primitive_streak	Anterior_primitive_streak	1.28	1.29	0	3.4	0	0	3.4	3.7	3	4.2
E7.25	E725_Anterior_primitive_streak	Anterior_primitive_streak	3.45	1.44	0	2.2	0	0	4.5	2.8	2.8	3.7
E7.25	E725_Anterior_primitive_streak	Anterior_primitive_streak	1.98	-3.09	0	0	0	0	3.7	3	4	3
E7.25	E725_Anterior_primitive_streak	Anterior_primitive_streak	-2.02	2.39	0	2	0	0	4.6	2.8	3.2	2.8
E7.25	E725_Anterior_primitive_streak	Anterior_primitive_streak	1.98	3.09	2.8	4	0	0	4.6	3	1.5	3.4
E7.25	E725_Anterior_primitive_streak	Anterior_primitive_streak	-2.22	3.02	1.7	2.7	0	0	4.8	2.3	0	0
E7.25	E725_Anterior_primitive_streak	Anterior_primitive_streak	2.04	1.4	0	3.2	0	0	4.5	3.7	3.2	3.4
E7.25	E725_Anterior_primitive_streak	Anterior_primitive_streak	0.73	0.17	0	0	0	0	2.9	2.3	4	2.3
E7.25	E725_Anterior_primitive_streak	Anterior_primitive_streak	3.27	-2.14	0	2.5	0	0	4.2	3.6	4.3	2.9
E7.25	E725_Anterior_primitive_streak	Anterior_primitive_streak	0.43	4.05	0	4	0	0	3.9	2.1	2.7	4.2
E7.25	E725_Anterior_primitive_streak	Anterior_primitive_streak	0.1	-5.28	0	2.9	0	0	2.9	2.9	3.5	2.2
E7.25	E725_Anterior_primitive_streak	Anterior_primitive_streak	2.19	4.26	0	2.9	1.9	0	4.3	2.9	1.9	2.9
E7.25	E725_Anterior_primitive_streak	Anterior_primitive_streak	2.9	1.84	1.7	2.2	0	0	4.9	2.2	3.1	3.8
E7.25	E725_Anterior_primitive_streak	Anterior_primitive_streak	-0.51	-0.36	0	3.9	0	0	4	0	3.3	2.8
E7.25	E725_Anterior_primitive_streak	Anterior_primitive_streak	3.08	3.5	2.7	3.1	0	0	4.4	0	0	4.5
E7.25	E725_Anterior_primitive_streak	Anterior_primitive_streak	0.05	-2.08	0	3.5	0	0	3.9	3	4.4	2.7
E7.25	E725_Anterior_primitive_streak	Anterior_primitive_streak	1.23	3.75	0	3.5	0	0	4.2	2.5	1.9	3.5
E7.25	E725_Anterior_primitive_streak	Anterior_primitive_streak	1.55	-4.38	0	3.1	0	0	4.1	3.3	2.7	3.1
E7.25	E725_Anterior_primitive_streak	Anterior_primitive_streak	0.07	-3.85	2.6	2.6	0	0	4.2	0	4.2	0
E7.25	E725_Anterior_primitive_streak	Anterior_primitive_streak	1.21	5.6	2.1	3.4	0	0	4.6	2.7	0	2.1
E7.25	E725_Anterior_primitive_streak	Anterior_primitive_streak	0.35	2.17	2.4	3.9	2.4	0	3.7	3	4.6	3.7
E7.25	E725_Anterior_primitive_streak	Anterior_primitive_streak	-5.51	0.26	0	4.5	3.6	0	3.2	1.9	0	1.9
E7.25	E725_Anterior_primitive_streak	Anterior_primitive_streak	1	-0.86	0	0	0	0	4.5	3.4	4	3.7
E7.25	E725_Anterior_primitive_streak	Anterior_primitive_streak	3.01	2.11	0	1.6	0	0	4.3	2.2	2.2	3.8
E7.25	E725_Anterior_primitive_streak	Anterior_primitive_streak	-2.69	4.73	3.4	0	0	0	4.5	2.1	0	0
E7.25	E725_Anterior_primitive_streak	Anterior_primitive_streak	2.24	-1.73	0	2.6	0	0	3.9	2	4.3	0
E7.25	E725_Anterior_primitive_streak	Anterior_primitive_streak	1.66	1.12	1.8	3.5	0	0	4.4	3.8	3.3	3.1
E7.25	E725_Anterior_primitive_streak	Anterior_primitive_streak	3.82	-1.91	0	0	0	0	3.5	2.6	3.8	3.5
E7.25	E725_Anterior_primitive_streak	Anterior_primitive_streak	-2.54	-0.63	4.1	0	0	0	4.1	0	0	0
E7.25	E725_Anterior_primitive_streak	Anterior_primitive_streak	-1.22	-2.83	0	2.8	2.1	0	2.1	2.8	2.1	2.8
E7.25	E725_Anterior_primitive_streak	Anterior_primitive_streak	-3.19	2.72	3.3	0	0	0	5	2.6	0	0
E7.25	E725_Anterior_primitive_streak	Anterior_primitive_streak	-1.17	-4.14	0	3.4	3.1	0	3.8	0	3.1	3.9
E7.25	E725_Anterior_primitive_streak	Anterior_primitive_streak	4.71	1.49	2	2	0	0	4.8	3.5	2	3.7
E7.25	E725_Anterior_primitive_streak	Anterior_primitive_streak	-0.68	-1.67	0	3.8	0	0	4	1.9	3.2	2.6
E7.25	E725_Anterior_primitive_streak	Anterior_primitive_streak	0.26	-0.43	1.8	3.5	0	0	4.5	2.4	3.5	3.3
E7.25	E725_Anterior_primitive_streak	Anterior_primitive_streak	4.66	-0.78	0	0	0	0	4.6	3.6	3.6	4
E7.25	E725_Anterior_primitive_streak	Anterior_primitive_streak	3.52	0.25	0	2.9	0	0	4.4	2.5	4.1	4
E7.25	E725_Anterior_primitive_streak	Anterior_primitive_streak	2.18	0.06	0	3.3	0	0	4.6	2.6	4	3.8
E7.25	E725_Anterior_primitive_streak	Anterior_primitive_streak	4.32	0.42	2.2	2.2	0	0	4.4	2.8	0	2.8
E7.25	E725_Anterior_primitive_streak	Anterior_primitive_streak	1.28	-1.7	0	3	0	0	4	2.3	3.3	4.3
E7.25	E725_Anterior_primitive_streak	Anterior_primitive_streak	-2.61	1.09	0	2.4	0	0	4.4	3.2	3.1	3.3
E7.25	E725_Anterior_primitive_streak	Anterior_primitive_streak	-2.95	1.17	0	2.4	0	0	4	1.8	3.7	1.8
E7.25	E725_Anterior_primitive_streak	Anterior_primitive_streak	2.89	-1.46	2.1	3.4	0	0	4.2	3.2	3.8	4.2
E7.25	E725_Anterior_primitive_streak	Anterior_primitive_streak	4.35	-1.58	0	3.4	0	0	3.1	2.7	3.4	4.2
E7.25	E725_Anterior_primitive_streak	Anterior_primitive_streak	-0.6	-0.23	0	3.2	0	0	3.4	1.9	4	4.2
E7.25	E725_Anterior_primitive_streak	Anterior_primitive_streak	-2.68	0.42	0	3	0	0	4.4	2.7	2	2
E7.25	E725_Anterior_primitive_streak	Anterior_primitive_streak	3.73	0.08	0	2.9	0	0	4.3	2.9	3.6	1.9
E7.25	E725_Anterior_primitive_streak	Anterior_primitive_streak	0.77	-4.4	0	3.6	2.3	0	0	0	3.6	3.6
E7.25	E725_Anterior_primitive_streak	Anterior_primitive_streak	0.23	1.75	0	3.1	0	0	3.6	2.1	3.1	3.1
E7.25	E725_Anterior_primitive_streak	Anterior_primitive_streak	-0.36	-0.9	0	2.1	0	0	4.4	2.1	3.9	2.1
E7.25	E725_Anterior_primitive_streak	Anterior_primitive_streak	1.21	-3.13	0	3.7	2.2	0	3.9	2.8	4.5	2.8
E7.25	E725_Anterior_primitive_streak	Anterior_primitive_streak	-2.43	3.57	3.6	0	2	0	4.7	0	0	0
E7.25	E725_Anterior_primitive_streak	Anterior_primitive_streak	1.07	5.31	0	3.3	2.2	0	3.3	3.3	0	3.8
E7.25	E725_Anterior_primitive_streak	Anterior_primitive_streak	1.74	2	2.3	3.3	0	0	4.6	3.6	2.3	3.6
E7.25	E725_Anterior_primitive_streak	Anterior_primitive_streak	2.31	2.05	0	0	0	0	4.2	3.5	3.3	3.7
E7.25	E725_Anterior_primitive_streak	Anterior_primitive_streak	1.65	-1.88	0	3.4	0	0	3.4	0	3.4	1.9
E7.25	E725_Anterior_primitive_streak	Anterior_primitive_streak	4.61	-0.02	2.1	0	0	0	4.8	3.4	2.1	3.8
E7.25	E725_Anterior_primitive_streak	Anterior_primitive_streak	1.47	-0.59	0	2.6	0	0	4.3	2.6	3.8	3
E7.25	E725_Anterior_primitive_streak	Anterior_primitive_streak	-6.64	-0.1	0	2.7	0	0	3.7	0	2.1	3.7
E7.25	E725_Anterior_primitive_streak	Anterior_primitive_streak	1.74	5.49	0	2.9	0	0	4.3	2.9	2.5	2.5
E7.25	E725_Anterior_primitive_streak	Anterior_primitive_streak	3.55	-1.22	0	0	0	0	3.3	3.7	3	3.5
E7.25	E725_Anterior_primitive_streak	Anterior_primitive_streak	1.77	-1.05	0	3.2	0	0	4.1	3.7	4.1	4.6
E7.25	E725_Anterior_primitive_streak	Anterior_primitive_streak	-0.4	-1.07	0	2.5	0	0	3.5	3.1	3.1	2.5
E7.25	E725_Anterior_primitive_streak	Anterior_primitive_streak	0.15	0.75	0	3.3	0	0	3.5	3	3.5	3.5
E7.25	E725_Anterior_primitive_streak	Anterior_primitive_streak	-2.76	0.65	0	3.2	0	0	4.4	3.6	3.2	2
E7.25	E725_Anterior_primitive_streak	Anterior_primitive_streak	0.54	5.4	0	2.1	0	0	4.2	3.6	0	3.1
E7.25	E725_Anterior_primitive_streak	Anterior_primitive_streak	0.18	-2.49	0	2.3	0	0	3.6	2.9	3.6	4.5
E7.25	E725_Anterior_primitive_streak	Anterior_primitive_streak	3.85	0.07	0	0	0	0	4.8	3.5	3.5	3.9
E7.25	E725_Anterior_primitive_streak	Anterior_primitive_streak	-0.21	2.07	0	3.9	2.1	0	3.6	0	3.1	4.1
E7.25	E725_Anterior_primitive_streak	Anterior_primitive_streak	2.83	-0.42	0	0	0	0	3.8	3.2	3.5	3.8
E7.25	E725_Anterior_primitive_streak	Anterior_primitive_streak	-2.64	3.89	2.9	2.5	0	1.9	4.5	0	0	0
E7.25	E725_Anterior_primitive_streak	Anterior_primitive_streak	4.01	-0.71	0	2	0	0	3.8	3.7	4.2	3.9
E7.25	E725_Anterior_primitive_streak	Anterior_primitive_streak	-2.21	-4.04	2.1	4.1	2.7	0	3.4	2.1	2.7	3.4
E7.25	E725_Anterior_primitive_streak	Anterior_primitive_streak	2.52	0.12	0	2.9	0	0	4.3	2.9	2.9	3.7
E7.25	E725_Anterior_primitive_streak	Anterior_primitive_streak	3.89	-1.63	2.2	0	0	0	4.9	3.2	3.9	3.5
E7.25	E725_Anterior_primitive_streak	Anterior_primitive_streak	4.1	0.37	0	3	0	0	4.6	3.5	0	3.3
E7.25	E725_Anterior_primitive_streak	Anterior_primitive_streak	2.06	4.26	4	2.9	0	0	4.5	2.3	2.9	2.3
E7.25	E725_Anterior_primitive_streak	Anterior_primitive_streak	-0.79	-4.69	0	3.8	2.9	0	4	2.3	3.3	4
E7.25	E725_Anterior_primitive_streak	Anterior_primitive_streak	-0.83	1.48	3.3	3.3	0	0	4	2.6	3.7	3.3
E7.25	E725_Anterior_primitive_streak	Anterior_primitive_streak	0.7	1.81	0	2.9	0	0	4.3	2.9	0	4
E7.25	E725_Anterior_primitive_streak	Anterior_primitive_streak	2	3.09	0	1.9	0	0	4.2	3.4	2.5	4.1
E7.25	E725_Anterior_primitive_streak	Anterior_primitive_streak	2.08	2.91	1.7	3.5	0	0	4.2	2.7	3.5	3.6
E7.25	E725_Anterior_primitive_streak	Anterior_primitive_streak	0.63	-2.14	0	0	0	0	4	2.3	4.2	0
E7.25	E725_Anterior_primitive_streak	Anterior_primitive_streak	2.49	-2.71	0	2.8	0	0	3.8	0	3.4	3.4
E7.25	E725_Anterior_primitive_streak	Anterior_primitive_streak	1.72	3.89	0	0	0	0	4.7	2.8	0	3.2
E7.25	E725_Anterior_primitive_streak	Anterior_primitive_streak	1.71	-0.13	0	3.6	0	0	3.4	2.9	3.2	2.6
E7.25	E725_Anterior_primitive_streak	Anterior_primitive_streak	1.1	-4.38	0	2.9	0	0	2.2	2.9	4.3	3.9
E7.25	E725_Anterior_primitive_streak	Anterior_primitive_streak	3.98	-0.18	0	2.7	0	0	4.8	3.1	2.1	0
E7.25	E725_Anterior_primitive_streak	Anterior_primitive_streak	1.87	0.65	0	1.8	0	0	4.4	3.1	2.8	2.8
E7.25	E725_Anterior_primitive_streak	Anterior_primitive_streak	0.49	-2.65	0	3	2	0	3.7	0	3.5	4.2
E7.25	E725_Anterior_primitive_streak	Anterior_primitive_streak	-2.73	-4.41	0	3.9	0	0	3.5	2.8	0	3.2
E7.25	E725_Anterior_primitive_streak	Anterior_primitive_streak	0.91	-0.14	0	1.6	0	0	4.1	2.2	4.2	4.5
E7.25	E725_Anterior_primitive_streak	Anterior_primitive_streak	-1.99	3.11	3.1	1.9	0	0	4.8	2.5	0	0
E7.25	E725_Anterior_primitive_streak	Anterior_primitive_streak	0.84	6.14	3.3	0	0	0	4.4	0	0	0
E7.25	E725_Anterior_primitive_streak	Anterior_primitive_streak	0.76	-4.84	0	2.1	0	0	3.8	2.8	2.1	4
E7.25	E725_Anterior_primitive_streak	Anterior_primitive_streak	1	-0.56	2	2.6	0	0	3.7	2.6	3.8	3.3
E7.25	E725_Anterior_primitive_streak	Anterior_primitive_streak	3.37	2.35	2	3	0	0	4.6	2.6	2.6	3.3
E7.25	E725_Anterior_primitive_streak	Anterior_primitive_streak	1.87	-2.74	0	0	0	0	4	0	3.5	3.5
E7.25	E725_Anterior_primitive_streak	Anterior_primitive_streak	0.67	1.16	0	2.3	0	0	4.6	2.7	3.4	2.7
E7.25	E725_Anterior_primitive_streak	Anterior_primitive_streak	4.34	1.08	2	2	0	0	4.6	3.3	3	2.6
E7.25	E725_Anterior_primitive_streak	Anterior_primitive_streak	0.07	-1.29	0	3.7	0	0	3.4	0	4.4	3.9
E7.25	E725_Anterior_primitive_streak	Anterior_primitive_streak	2.3	-0.31	2	3.5	0	0	4.3	3.3	3.5	4.1
E7.25	E725_Anterior_primitive_streak	Anterior_primitive_streak	2.77	4.1	0	0	0	0	4.2	3.4	0	0
E7.25	E725_Anterior_primitive_streak	Anterior_primitive_streak	2.71	3.04	3.2	2.2	0	0	4.7	3.9	0	3.4
E7.25	E725_Anterior_primitive_streak	Anterior_primitive_streak	-3.54	2.94	0	1.6	0	0	4.4	2.2	2.5	0
E7.25	E725_Anterior_primitive_streak	Anterior_primitive_streak	-2.31	4.81	3.8	0	0	0	4.8	0	0	0
E7.25	E725_Anterior_primitive_streak	Anterior_primitive_streak	2.45	1.3	0	2.9	0	0	4.3	3.5	3.3	4.1
E7.25	E725_Anterior_primitive_streak	Anterior_primitive_streak	2.68	4.5	2.6	2	0	0	4.4	2	2	0
E7.25	E725_Anterior_primitive_streak	Anterior_primitive_streak	2.58	0.92	0	0	0	0	4.7	2.8	3.1	4.8
E7.25	E725_Anterior_primitive_streak	Anterior_primitive_streak	-5.59	-0.88	0	4.2	0	0	4.2	2.5	3	2.8
E7.25	E725_Anterior_primitive_streak	Anterior_primitive_streak	1.29	2.01	0	2.7	0	0	4.8	2.7	0	4.2
E7.25	E725_Anterior_primitive_streak	Anterior_primitive_streak	4.79	1.48	2.9	2.3	0	0	4.4	2.9	0	2.3
E7.25	E725_Anterior_primitive_streak	Anterior_primitive_streak	0.4	-0.13	0	2.1	0	0	4	2.1	3.8	0
E7.25	E725_Anterior_primitive_streak	Anterior_primitive_streak	1.71	-2.59	2.4	3.7	0	0	0	0	0	0
E7.25	E725_Anterior_primitive_streak	Anterior_primitive_streak	3	0.45	2.5	0	0	0	4.2	2.5	0	2.5
E7.25	E725_Anterior_primitive_streak	Anterior_primitive_streak	3.76	-1.5	0	3.6	0	0	4	3.4	4	3.8
E7.25	E725_Anterior_primitive_streak	Anterior_primitive_streak	5	0.69	0	0	0	0	4.2	3.7	3.2	3.7
E7.25	E725_Anterior_primitive_streak	Anterior_primitive_streak	0.92	0.81	1.9	1.9	2.5	0	3.8	3.8	3.9	3.9
E7.25	E725_Anterior_primitive_streak	Anterior_primitive_streak	1.53	3.91	3	3.9	0	0	4.7	2.7	0	3.5
E7.25	E725_Anterior_primitive_streak	Anterior_primitive_streak	1.77	-3.41	2.2	2.2	0	0	3.7	2.2	3.8	3.5
E7.25	E725_Anterior_primitive_streak	Anterior_primitive_streak	1.88	6.28	3.3	0	0	0	4.7	3.7	0	2.2
E7.25	E725_Anterior_primitive_streak	Anterior_primitive_streak	2.12	1.6	1.7	2.6	0	0	4.1	2.9	2.9	3.3
E7.25	E725_Anterior_primitive_streak	Anterior_primitive_streak	1.65	1.98	0	3.7	0	0	3.5	3.7	3.5	3.5
E7.25	E725_Anterior_primitive_streak	Anterior_primitive_streak	1	3.63	0	3.4	0	0	4.3	0	3	2.3
E7.25	E725_Anterior_primitive_streak	Anterior_primitive_streak	2.69	-3.1	0	0	0	0	4	0	3.9	3.4
E7.25	E725_Anterior_primitive_streak	Anterior_primitive_streak	4.51	-0.09	2.9	0	0	0	4.8	2.9	2.9	4
E7.25	E725_Anterior_primitive_streak	Anterior_primitive_streak	1.81	4.38	0	3	0	0	4.3	0	0	4.4
E7.25	E725_Anterior_primitive_streak	Anterior_primitive_streak	-0.35	-4.21	0	2.3	0	0	3.8	0	3.3	3.8
E7.25	E725_Anterior_primitive_streak	Anterior_primitive_streak	1.13	-3.36	0	4	0	0	3.5	3	3.6	2.6
E7.25	E725_Anterior_primitive_streak	Anterior_primitive_streak	0.63	-0.23	0	4.4	0	0	3.9	2.6	3.8	3
E7.25	E725_Anterior_primitive_streak	Anterior_primitive_streak	2.36	-0.82	0	3.3	0	0	3.7	2	3	0
E7.25	E725_Anterior_primitive_streak	Anterior_primitive_streak	0.98	-2.76	0	3.4	0	0	3.4	2.8	4.5	2.1
E7.25	E725_Anterior_primitive_streak	Anterior_primitive_streak	1.18	-4.42	0	3	0	0	3.4	2.4	3.4	2.4
E7.25	E725_Anterior_primitive_streak	Anterior_primitive_streak	4.26	1.98	2.1	0	0	0	4.5	3.1	0	4.4
E7.25	E725_Anterior_primitive_streak	Anterior_primitive_streak	0.57	0.03	0	2.7	0	0	3.9	2.7	3.8	2.7
E7.25	E725_Anterior_primitive_streak	Anterior_primitive_streak	3.16	-0.25	0	2.7	0	0	4.1	3.4	0	4.3
E7.25	E725_Anterior_primitive_streak	Anterior_primitive_streak	-0.09	-4.69	0	3	0	0	3.6	3.4	0	3.9
E7.25	E725_Anterior_primitive_streak	Anterior_primitive_streak	1.86	2.83	0	2.2	0	0	3.9	2.9	4.1	4.1
E7.25	E725_Anterior_primitive_streak	Anterior_primitive_streak	-1.42	-4.55	0	3.7	2.7	0	3.7	3.1	2	3.3
E7.25	E725_Anterior_primitive_streak	Anterior_primitive_streak	-0.04	-0.4	0	3.1	0	0	3.6	2.6	3.4	0
E7.25	E725_Anterior_primitive_streak	Anterior_primitive_streak	1.38	0.45	0	4.1	0	0	3.9	2.8	1.8	3.9
E7.25	E725_Anterior_primitive_streak	Anterior_primitive_streak	0.34	-4.84	0	3.2	2.2	0	3.5	2.8	3.5	2.2
E7.25	E725_Anterior_primitive_streak	Anterior_primitive_streak	3.97	0.09	0	3.4	0	0	4.3	3	2.6	3
E7.25	E725_Anterior_primitive_streak	Anterior_primitive_streak	-1.39	-3.3	0	3.8	2	0	4.4	3	2.6	0
E7.25	E725_Anterior_primitive_streak	Anterior_primitive_streak	1.9	5.16	3.3	3.7	0	0	4.6	3.3	0	0
E7.25	E725_Anterior_primitive_streak	Anterior_primitive_streak	4.5	1.77	0	3.4	0	0	4.7	4.2	2.7	3.4
E7.25	E725_Anterior_primitive_streak	Anterior_primitive_streak	2.52	5.94	3.1	3.6	0	0	4.8	3.4	0	0
E7.25	E725_Anterior_primitive_streak	Anterior_primitive_streak	2.86	1.62	0	3.6	0	0	4.4	2.4	4.1	3.6
E7.25	E725_Anterior_primitive_streak	Anterior_primitive_streak	-0.97	2.52	0	3.1	0	0	4.6	3.5	0	0
E7.25	E725_Anterior_primitive_streak	Anterior_primitive_streak	1.07	-1.76	0	2.7	2.7	0	3.6	3.4	3.8	3.4
E7.25	E725_Anterior_primitive_streak	Anterior_primitive_streak	4.34	0.72	1.8	4	0	0	4.6	3.5	2.4	1.8
E7.25	E725_Anterior_primitive_streak	Anterior_primitive_streak	4.67	-0.96	0	0	0	0	3.5	2.2	2.8	3.9
E7.25	E725_Anterior_primitive_streak	Anterior_primitive_streak	-2.23	4.38	0	0	0	0	4.6	0	0	0
E7.25	E725_Anterior_primitive_streak	Anterior_primitive_streak	2.63	0.75	0	3	0	0	4.2	3	2.3	4
E7.25	E725_Anterior_primitive_streak	Anterior_primitive_streak	2.19	3.55	2.2	3.9	0	0	4.2	3.7	0	3.7
E7.25	E725_Anterior_primitive_streak	Anterior_primitive_streak	-0.17	-0.26	2.1	2.1	0	0	4.2	2.1	3.7	4
E7.25	E725_Anterior_primitive_streak	Anterior_primitive_streak	-1.75	-4.5	2	3.5	0	0	3	3	3.7	4.2
E7.25	E725_Anterior_primitive_streak	Anterior_primitive_streak	-4.52	-0.17	0	3.9	0	0	2.9	0	2.9	1.9
E7.25	E725_Anterior_primitive_streak	Anterior_primitive_streak	1.5	3.01	3	3.4	0	0	4.8	4.2	0	3.9
E7.25	E725_Anterior_primitive_streak	Anterior_primitive_streak	2.97	-1.98	2	0	0	0	4.3	2	3.7	2.7
E7.25	E725_Anterior_primitive_streak	Anterior_primitive_streak	1.44	3.02	0	2.8	0	0	4	0	2.8	2.2
E7.25	E725_Anterior_primitive_streak	Anterior_primitive_streak	-0.61	-2.72	0	3.2	0	0	4	2.9	2.9	3.2
E7.25	E725_Anterior_primitive_streak	Anterior_primitive_streak	0.35	-5.11	0	2.2	2.2	0	3.9	2.2	4.4	0
E7.25	E725_Anterior_primitive_streak	Anterior_primitive_streak	4.48	0.31	0	0	0	0	4	2.9	2.5	3.7
E7.25	E725_Anterior_primitive_streak	Anterior_primitive_streak	0.81	1.05	2.7	3.3	0	0	3.5	2.7	3.7	3.5
E7.25	E725_Anterior_primitive_streak	Anterior_primitive_streak	0.63	1.57	0	2.4	0	0	3.1	2.4	4.3	4.4
E7.25	E725_Anterior_primitive_streak	Anterior_primitive_streak	-2.31	4.7	2.7	0	0	0	4.8	0	0	0
E7.25	E725_Anterior_primitive_streak	Anterior_primitive_streak	-3.44	2.57	2.4	3.8	1.8	0	4.5	2.4	3.4	1.8
E7.25	E725_Anterior_primitive_streak	Anterior_primitive_streak	-0.24	-4.7	0	0	0	0	3.8	2.3	4.2	4.6
E7.25	E725_Anterior_primitive_streak	Anterior_primitive_streak	1.38	2.42	0	3.5	0	0	4.1	2.3	2.7	3.8
E7.25	E725_Anterior_primitive_streak	Anterior_primitive_streak	1.64	0.15	0	2.6	0	0	3	3.7	3.3	3
E7.25	E725_Anterior_primitive_streak	Anterior_primitive_streak	-1.49	-4.27	0	3.8	3	0	3.7	0	0	2.6
E7.25	E725_Anterior_primitive_streak	Anterior_primitive_streak	-2.73	2.71	0	3.7	0	0	3.9	2.2	2.8	3.5
E7.25	E725_Anterior_primitive_streak	Anterior_primitive_streak	-5.81	-0.11	0	3.7	0	0	3.4	1.9	3.4	1.9
E7.25	E725_Anterior_primitive_streak	Anterior_primitive_streak	0.78	-3.97	0	2.7	0	0	4.6	2.7	2.7	3.1
E7.25	E725_Anterior_primitive_streak	Anterior_primitive_streak	2.56	-2.47	0	0	0	0	3.9	3.4	3.4	4.3
E7.25	E725_Anterior_primitive_streak	Anterior_primitive_streak	2.69	-2.92	0	2.1	0	0	3.9	2.7	3.4	3.6
E7.25	E725_Anterior_primitive_streak	Anterior_primitive_streak	1.02	-0.54	0	3.5	0	0	4	3.3	4.5	3
E7.25	E725_Anterior_primitive_streak	Anterior_primitive_streak	0.33	-3.27	0	3.3	0	0	2.9	2.3	3.6	3.3
E7.25	E725_Anterior_primitive_streak	Anterior_primitive_streak	-3.75	2.65	0	0	0	0	4.6	2.9	2.7	1.7
E7.25	E725_Anterior_primitive_streak	Anterior_primitive_streak	3.47	-0.43	2.1	2.7	0	0	4.2	2.7	3.7	2.7
E7.25	E725_Anterior_primitive_streak	Anterior_primitive_streak	4.79	-0.02	0	0	0	0	4.5	3.5	4.2	3.8
E7.25	E725_Anterior_primitive_streak	Anterior_primitive_streak	-3.35	1.4	0	2.7	0	0	4.2	1.7	2.7	0
E7.25	E725_Anterior_primitive_streak	Anterior_primitive_streak	-3.18	1.81	0	0	0	0	3.8	2.8	2.2	0
E7.25	E725_Anterior_primitive_streak	Anterior_primitive_streak	2.44	1.46	0	1.8	0	0	4.2	2.8	0	3.9
E7.25	E725_Anterior_primitive_streak	Anterior_primitive_streak	0.8	2.91	0	3.9	0	0	3.7	3	3.9	3
E7.25	E725_Anterior_primitive_streak	Anterior_primitive_streak	4.33	1.33	0	2	0	0	4.8	3.8	2	2.6
E7.25	E725_Anterior_primitive_streak	Anterior_primitive_streak	3.91	2.19	0	0	0	0	4.1	2.9	2.3	2.9
E7.25	E725_Anterior_primitive_streak	Anterior_primitive_streak	4.07	-0.31	0	1.8	0	0	4.5	3.5	2.4	4
E7.25	E725_Anterior_primitive_streak	Anterior_primitive_streak	3.25	0.29	0	2.9	0	0	4.5	3.3	3.5	3.1
E7.25	E725_Anterior_primitive_streak	Anterior_primitive_streak	1.4	-3.43	0	2.2	0	0	3.2	2.2	3.5	3.7
E7.25	E725_Anterior_primitive_streak	Anterior_primitive_streak	-2.8	4.6	2.1	2.1	0	0	4.6	0	0	0
E7.25	E725_Anterior_primitive_streak	Anterior_primitive_streak	-1.65	-4.79	0	3.8	0	0	3.8	2.8	2.8	3.2
E7.25	E725_Anterior_primitive_streak	Anterior_primitive_streak	4.47	-1.25	2.3	2.9	0	0	4.6	2.3	0	4
E7.25	E725_Anterior_primitive_streak	Anterior_primitive_streak	3.34	3.25	0	2.1	0	0	4.6	2.8	2.1	4.4
E7.25	E725_Anterior_primitive_streak	Anterior_primitive_streak	-0.45	-3.12	0	3.5	0	0	3.3	0	3.9	3.9
E7.25	E725_Anterior_primitive_streak	Anterior_primitive_streak	3.75	0.64	2	3.1	0	0	4	3.1	2	3.1
E7.25	E725_Anterior_primitive_streak	Anterior_primitive_streak	0.77	2.35	2.3	3.3	0	0	4	2.9	3.8	2.9
E7.25	E725_Anterior_primitive_streak	Anterior_primitive_streak	4.8	0.62	2	0	0	0	4.5	3.5	3.3	4.3
E7.25	E725_Anterior_primitive_streak	Anterior_primitive_streak	2.96	3.5	2.7	3.3	0	0	4	0	2.7	2.7
E7.25	E725_Anterior_primitive_streak	Anterior_primitive_streak	1.68	4.45	0	3.1	0	0	3.6	3.9	2.7	2.7
E7.25	E725_Anterior_primitive_streak	Anterior_primitive_streak	3.5	2.37	0	2.9	0	0	4.5	3.3	2.2	2.2
E7.25	E725_Anterior_primitive_streak	Anterior_primitive_streak	0.38	2.51	1.8	3.1	0	0	3.5	2.4	4.1	3.8
E7.25	E725_Anterior_primitive_streak	Anterior_primitive_streak	1.54	-0.99	0	3.6	0	0	4	3	3	4
E7.25	E725_Anterior_primitive_streak	Anterior_primitive_streak	2.51	0.86	0	2	0	0	4.5	2.4	3.4	2.9
E7.25	E725_Anterior_primitive_streak	Anterior_primitive_streak	-0.2	-3.74	0	3.7	0	0	2.2	0	4.6	4
E7.25	E725_Anterior_primitive_streak	Anterior_primitive_streak	2.67	2.23	1.8	0	0	0	4.3	2.8	3.1	4.3
E7.25	E725_Anterior_primitive_streak	Anterior_primitive_streak	0.83	-1.6	1.9	3.2	0	0	3.8	1.9	3.7	2.9
E7.25	E725_Anterior_primitive_streak	Anterior_primitive_streak	3.3	1.9	1.7	1.7	0	0	4.4	3.6	2.9	2.3
E7.25	E725_Anterior_primitive_streak	Anterior_primitive_streak	2.06	5.62	2.3	2.3	0	0	4.6	4	0	3.4
E7.25	E725_Anterior_primitive_streak	Anterior_primitive_streak	0.37	-1.99	0	3.9	2	0	3.5	0	2.6	0
E7.25	E725_Anterior_primitive_streak	Anterior_primitive_streak	0.92	-0.48	0	3.4	0	0	3.9	0	2.9	2.9
E7.25	E725_Anterior_primitive_streak	Anterior_primitive_streak	3.35	0.32	0	3.9	0	0	4.4	3.4	3.4	3.6
E7.25	E725_Anterior_primitive_streak	Anterior_primitive_streak	-0.07	-1.19	1.8	4.1	0	0	4.2	2.4	4.4	3.7
E7.25	E725_Anterior_primitive_streak	Anterior_primitive_streak	1.83	4.8	0	3.2	0	0	4.5	2.8	2.2	4.2
E7.25	E725_Anterior_primitive_streak	Anterior_primitive_streak	3.5	1.12	0	2.6	0	0	4.6	3	3.8	3.5
E7.25	E725_Anterior_primitive_streak	Anterior_primitive_streak	-0.53	1.27	1.9	2.9	0	0	3.8	3.6	2.5	2.9
E7.25	E725_Anterior_primitive_streak	Anterior_primitive_streak	2.66	1.89	0	2.9	0	0	4.6	3.1	3.1	4
E7.25	E725_Anterior_primitive_streak	Anterior_primitive_streak	1.58	2.68	0	3.1	0	0	3.8	2.8	4	4.4
E7.25	E725_Anterior_primitive_streak	Anterior_primitive_streak	0.13	-4.38	2.3	3.8	0	0	3.3	3.6	2.9	0
E7.25	E725_Anterior_primitive_streak	Anterior_primitive_streak	1.39	2.63	2.6	0	0	0	4.6	3.5	2.6	4.1
E7.25	E725_Anterior_primitive_streak	Anterior_primitive_streak	1.18	-1.66	0	3.2	0	0	3.8	1.9	5	3.7
E7.25	E725_Anterior_primitive_streak	Anterior_primitive_streak	-0.15	-1.2	0	3.6	0	0	3.8	2.1	3.9	0
E7.25	E725_Anterior_primitive_streak	Anterior_primitive_streak	0.07	1.9	0	4.4	0	0	3	0	4.2	3.9
E7.25	E725_Anterior_primitive_streak	Anterior_primitive_streak	0.8	-3.28	0	2.6	0	0	3.7	0	3.3	0
E7.25	E725_Anterior_primitive_streak	Anterior_primitive_streak	2.44	-2.25	0	3.3	0	0	4.3	0	3.9	4
E7.25	E725_Anterior_primitive_streak	Anterior_primitive_streak	4.81	1.22	0	2.6	0	0	4.5	3	2.6	4.2
E7.25	E725_Anterior_primitive_streak	Anterior_primitive_streak	3.83	-0.64	0	2.7	0	0	4.3	2.1	3.8	3.8
E7.25	E725_Anterior_primitive_streak	Anterior_primitive_streak	0.59	3.11	1.9	3.8	0	0	4.3	0	3.4	2.9
E7.25	E725_Anterior_primitive_streak	Anterior_primitive_streak	-0.18	-4.92	0	3.6	0	0	3.4	0	3.6	3.9
E7.25	E725_Anterior_primitive_streak	Anterior_primitive_streak	-1.82	-4.21	0	2.3	0	0	4.4	3	3	3
E7.25	E725_Anterior_primitive_streak	Anterior_primitive_streak	-1.15	-1.2	0	4	0	0	4.3	0	3.5	4
E7.25	E725_Anterior_primitive_streak	Anterior_primitive_streak	3.11	0.97	0	3.6	0	0	3.8	0	4	3.3
E7.25	E725_Anterior_primitive_streak	Anterior_primitive_streak	-3.02	1.76	1.6	3.7	1.6	0	3.7	2.8	3.4	0
E7.25	E725_Anterior_primitive_streak	Anterior_primitive_streak	-6.6	0.22	2	3	0	0	3.7	2.7	2	3.5
E7.25	E725_Anterior_primitive_streak	Anterior_primitive_streak	-2.2	3.24	2.9	1.9	0	0	4.6	1.9	1.9	0
E7.25	E725_Anterior_primitive_streak	Anterior_primitive_streak	2.58	6.05	3.1	2.7	0	0	4.3	3.1	0	2.7
E7.25	E725_Anterior_primitive_streak	Anterior_primitive_streak	0.71	-4.53	0	2.7	0	0	3.3	2.7	3.9	0
E7.25	E725_Anterior_primitive_streak	Anterior_primitive_streak	-0.58	3.87	0	2.8	0	0	4.3	2.8	3.9	3.1
E7.25	E725_Anterior_primitive_streak	Anterior_primitive_streak	2.58	2.77	0	2	0	0	4.8	3.6	0	3
E7.25	E725_Anterior_primitive_streak	Anterior_primitive_streak	-0.27	-5.09	0	3.2	0	0	3.7	2.8	3.2	3.2
E7.25	E725_Anterior_primitive_streak	Anterior_primitive_streak	0.35	1.99	0	3.9	0	0	3.4	3.1	3.9	3.8
E7.25	E725_Anterior_primitive_streak	Anterior_primitive_streak	-0.46	4.79	1.9	3.2	0	0	4.6	1.4	1.9	3.4
E7.25	E725_Anterior_primitive_streak	Anterior_primitive_streak	-2.6	2.01	2.4	0	0	0	4.6	2.4	2.8	2.8
E7.25	E725_Anterior_primitive_streak	Anterior_primitive_streak	-1.07	0.04	0	4.3	0	0	4.3	3.9	3.2	0
E7.25	E725_Anterior_primitive_streak	Anterior_primitive_streak	3.37	-0.2	0	1.9	1.9	0	4.6	1.9	3.2	4.2
E7.25	E725_Anterior_primitive_streak	Anterior_primitive_streak	-0.35	-1.77	0	4.5	0	0	3.9	0	4.2	2.6
E7.25	E725_Anterior_primitive_streak	Anterior_primitive_streak	-2.18	1.58	0	1.9	0	0	5	3.4	0	1.9
E7.25	E725_Anterior_primitive_streak	Anterior_primitive_streak	0.52	-2.4	0	2.9	0	0	3.9	2.9	4.8	3.2
E7.25	E725_Anterior_primitive_streak	Anterior_primitive_streak	1.78	-0.94	0	3.3	2	0	3.7	2.7	4.5	4.2
E7.25	E725_Anterior_primitive_streak	Anterior_primitive_streak	-0.2	-0.84	0	0	0	0	4.4	2.5	4	2.5
E7.25	E725_Anterior_primitive_streak	Anterior_primitive_streak	-2.96	2.16	0	1.8	0	0	4.4	2.8	3.3	1.8
E7.25	E725_Anterior_primitive_streak	Anterior_primitive_streak	2.73	2.11	1.7	3.3	0	0	4.6	2.3	0	3.1
E7.25	E725_Anterior_primitive_streak	Anterior_primitive_streak	4.63	1.61	2.6	2.6	0	0	4.5	2.6	3.9	0
E7.25	E725_Anterior_primitive_streak	Anterior_primitive_streak	2.64	2.7	1.8	3.7	0	0	5.1	2.8	1.8	3.3
E7.25	E725_Anterior_primitive_streak	Anterior_primitive_streak	0.44	5.37	3.6	3.6	0	0	4.9	3.4	1.9	1.9
E7.25	E725_Anterior_primitive_streak	Anterior_primitive_streak	-0.81	-4.47	2.2	3.8	0	0	3.3	3.3	3.5	2.2
E7.25	E725_Anterior_primitive_streak	Anterior_primitive_streak	3.59	2.84	2.1	4	0	0	4.4	3.6	2.1	3.4
E7.25	E725_Anterior_primitive_streak	Anterior_primitive_streak	0.4	-3.97	0	2.2	0	0	3.5	3.5	4.2	4
E7.25	E725_Anterior_primitive_streak	Anterior_primitive_streak	-2.84	1.52	2	2.6	0	0	4.6	2	0	2
E7.25	E725_Anterior_primitive_streak	Anterior_primitive_streak	0.36	1.33	0	4	0	0	4.2	2.5	3.9	3.4
E7.25	E725_Anterior_primitive_streak	Anterior_primitive_streak	-2.6	4.49	3.9	0	0	0	5	0	0	2.2
E7.25	E725_Anterior_primitive_streak	Anterior_primitive_streak	4.29	0.09	0	0	0	0	4.8	3.1	3.4	3.4
E7.25	E725_Anterior_primitive_streak	Anterior_primitive_streak	3.9	0.15	0	2.1	0	0	5.1	3.2	2.8	2.8
E7.25	E725_Anterior_primitive_streak	Anterior_primitive_streak	3.1	-2.42	0	2.2	0	0	4.1	3.2	3.5	2.8
E7.25	E725_Anterior_primitive_streak	Anterior_primitive_streak	-0.64	-0.29	0	2.9	0	0	3.6	1.9	4	1.9
E7.25	E725_Anterior_primitive_streak	Anterior_primitive_streak	0.59	-0.35	0	2.6	0	0	4	2.6	0	3.7
E7.25	E725_Anterior_primitive_streak	Anterior_primitive_streak	2.88	-2.47	0	0	0	0	4.3	2.1	4.3	4.1
E7.25	E725_Anterior_primitive_streak	Anterior_primitive_streak	0.19	2.35	2	3.6	0	0	3.4	2	3.8	3.4
E7.25	E725_Anterior_primitive_streak	Anterior_primitive_streak	2.17	1.59	1.8	3	0	0	4.4	2.8	4.1	3.2
E7.25	E725_Anterior_primitive_streak	Anterior_primitive_streak	-2.36	2.56	2.9	0	0	0	5.1	0	0	2.9
E7.25	E725_Anterior_primitive_streak	Anterior_primitive_streak	1.31	3.95	0	4.4	0	0	4.4	3.3	3.9	4
E7.25	E725_Anterior_primitive_streak	Anterior_primitive_streak	1.07	5.56	2.9	0	0	0	4.4	3.3	0	2.5
E7.25	E725_Anterior_primitive_streak	Anterior_primitive_streak	3.01	1.15	0	0	0	0	4.7	2.9	3.9	4.4
E7.25	E725_Anterior_primitive_streak	Anterior_primitive_streak	2.15	2.35	2.3	2.9	0	0	4.2	2.9	2.3	3.7
E7.25	E725_Anterior_primitive_streak	Anterior_primitive_streak	1.88	1.22	0	2.5	0	0	4.4	2.9	2.9	3.4
E7.25	E725_Anterior_primitive_streak	Anterior_primitive_streak	-3.04	1.48	0	2.7	0	0	4.3	2.3	2.3	0
E7.25	E725_Anterior_primitive_streak	Anterior_primitive_streak	2.4	0.3	0	3.3	0	0	4.3	2.1	0	4.5
E7.25	E725_Anterior_primitive_streak	Anterior_primitive_streak	1.47	-1.56	0	2.5	0	0	3.7	2.5	4.4	3.6
E7.25	E725_Anterior_primitive_streak	Anterior_primitive_streak	1.47	-1.09	0	2.9	0	0	4.3	3.4	3.5	4.3
E7.25	E725_Anterior_primitive_streak	Anterior_primitive_streak	0.28	0.45	0	3.6	0	0	2.9	2.9	4.1	3.6
E7.25	E725_Anterior_primitive_streak	Anterior_primitive_streak	2.65	-0.18	1.9	2.6	0	0	3.8	3.2	4.4	1.9
E7.25	E725_Anterior_primitive_streak	Anterior_primitive_streak	1.58	3.32	1.7	3.6	0	0	4.5	3.4	3.2	3.2
E7.25	E725_Anterior_primitive_streak	Anterior_primitive_streak	3.5	1.21	0	2.4	0	0	4.3	2.4	3.8	3.5
E7.25	E725_Anterior_primitive_streak	Anterior_primitive_streak	4.12	-1.84	0	2.2	0	0	4.3	2.2	3.5	3.7
E7.25	E725_Anterior_primitive_streak	Anterior_primitive_streak	-1.86	-4.19	0	4.8	2.1	0	3.1	2.7	2.1	3.8
E7.25	E725_Anterior_primitive_streak	Anterior_primitive_streak	-2.93	2.33	0	3.2	1.6	0	4.1	2.2	3.7	0
E7.25	E725_Anterior_primitive_streak	Anterior_primitive_streak	-1.08	-2.81	0	3.8	0	0	3.6	3.1	3.6	3.1
E7.25	E725_Anterior_primitive_streak	Anterior_primitive_streak	1.24	2.92	0	4.2	0	0	4.3	3.6	4	3.4
E7.25	E725_Anterior_primitive_streak	Anterior_primitive_streak	1.12	0.61	0	4	0	0	4.2	2.3	4	4.4
E7.25	E725_Anterior_primitive_streak	Anterior_primitive_streak	1.7	-1.32	0	0	2	0	4.3	3.5	4.2	4.5
E7.25	E725_Anterior_primitive_streak	Anterior_primitive_streak	3.04	-0.85	0	2.4	0	0	4.5	2.8	3.5	3.7
E7.25	E725_Anterior_primitive_streak	Anterior_primitive_streak	0.7	-3.81	0	2.3	0	0	3.6	0	3.6	2.3
E7.25	E725_Anterior_primitive_streak	Anterior_primitive_streak	1.68	5.74	4.3	2.9	0	0	4.6	1.9	0	0
E7.25	E725_Anterior_primitive_streak	Anterior_primitive_streak	2.43	3.51	0	2.6	0	0	4.1	3.5	2	4.5
E7.25	E725_Anterior_primitive_streak	Anterior_primitive_streak	-1.63	-4.57	0	3.6	0	0	0	2.1	0	2.1
E7.25	E725_Anterior_primitive_streak	Anterior_primitive_streak	-3.51	-0.28	0	3.7	1.7	0	3.8	2.3	3.3	3.5
E7.25	E725_Anterior_primitive_streak	Anterior_primitive_streak	0.32	3.26	0	4.4	0	0	4.6	2.2	3.9	4.4
E7.25	E725_Anterior_primitive_streak	Anterior_primitive_streak	2.96	-1.04	0	2.3	0	0	4.1	2.3	3.8	3
E7.25	E725_Anterior_primitive_streak	Anterior_primitive_streak	1.84	2.27	2.5	2.9	0	0	4.3	3.4	3.6	4
E7.25	E725_Anterior_primitive_streak	Anterior_primitive_streak	4.47	0.92	0	2.7	0	0	3.8	2.7	3.4	4.3
E7.25	E725_Anterior_primitive_streak	Anterior_primitive_streak	2.73	2.11	0	3	0	0	3.9	3.3	2.7	4.2
E7.25	E725_Anterior_primitive_streak	Anterior_primitive_streak	1.68	-3.61	2.1	3.7	0	0	2.8	3.4	4	2.8
E7.25	E725_Anterior_primitive_streak	Anterior_primitive_streak	0.53	3.65	2.1	3.8	0	0	4	3.6	3.4	4
E7.25	E725_Anterior_primitive_streak	Anterior_primitive_streak	-1.23	-4.63	2	3	2	0	3	3	4.1	2.6
E7.25	E725_Anterior_primitive_streak	Anterior_primitive_streak	1.91	-0.31	0	2.6	0	0	4.2	2.6	3.6	3
E7.25	E725_Anterior_primitive_streak	Anterior_primitive_streak	-1.27	-2.18	0	3.9	3.2	0	3.7	2.8	4.2	2.2
E7.25	E725_Anterior_primitive_streak	Anterior_primitive_streak	0.02	-4.02	0	3.1	0	0	3.4	0	0	3.1
E7.25	E725_Anterior_primitive_streak	Anterior_primitive_streak	1.07	-0.99	0	0	0	0	4.2	2.1	4.1	3.6
E7.25	E725_Anterior_primitive_streak	Anterior_primitive_streak	1.33	-4.29	2.1	3.4	0	0	3.1	0	3.1	2.1
E7.25	E725_Anterior_primitive_streak	Anterior_primitive_streak	-3.91	-3.94	2.9	4	0	0	2.9	0	0	3.6
E7.25	E725_Anterior_primitive_streak	Anterior_primitive_streak	1.39	5.35	0	2.7	0	0	3.6	2.7	0	3.8
E7.25	E725_Anterior_primitive_streak	Anterior_primitive_streak	0.19	-0.68	0	2.6	1.9	0	4.2	0	4	1.9
E7.25	E725_Anterior_primitive_streak	Anterior_primitive_streak	1.22	0.37	0	0	0	0	4.4	3.2	3.2	3.6
E7.25	E725_Anterior_primitive_streak	Anterior_primitive_streak	-0.12	-0.45	0	2.2	0	0	3.7	3.2	4	4
E7.25	E725_Anterior_primitive_streak	Anterior_primitive_streak	2.11	-1.21	0	3.7	0	0	3.7	0	3.7	3.8
E7.25	E725_Anterior_primitive_streak	Anterior_primitive_streak	1.99	3.95	0	3.6	0	0	4.5	1.9	1.9	3.2
E7.25	E725_Anterior_primitive_streak	Anterior_primitive_streak	0.55	-5	0	3.3	0	0	3	2	4.1	3.3
E7.25	E725_Anterior_primitive_streak	Anterior_primitive_streak	1.89	4.1	2.8	2.8	0	0	4.8	2.8	2.8	3.8
E7.25	E725_Anterior_primitive_streak	Anterior_primitive_streak	-0.06	-0.98	0	3	0	0	4.1	3.4	3.9	1.8
E7.25	E725_Anterior_primitive_streak	Anterior_primitive_streak	3.35	-1.8	0	3.2	0	0	3.8	1.8	3.8	0
E7.25	E725_Anterior_primitive_streak	Anterior_primitive_streak	0.08	-0.64	0	3.5	0	0	3.9	2.5	3.5	2.5
E7.25	E725_Anterior_primitive_streak	Anterior_primitive_streak	-3.33	2.97	0	2.7	0	0	4.6	0	1.7	3
E7.25	E725_Anterior_primitive_streak	Anterior_primitive_streak	-0.88	-3.7	0	3.3	0	0	3.9	2.6	3.3	2
E7.25	E725_Anterior_primitive_streak	Anterior_primitive_streak	2.42	0.7	0	1.8	0	0	4.5	0	3.7	4
E7.25	E725_Anterior_primitive_streak	Anterior_primitive_streak	1.84	-3.61	0	0	0	0	3	3	4.6	3
E7.25	E725_Anterior_primitive_streak	Anterior_primitive_streak	1.99	0.86	2.4	2.4	0	0	4.3	3.9	3.7	3.6
E7.25	E725_Anterior_primitive_streak	Anterior_primitive_streak	-5.63	0.19	1.9	2.6	1.9	0	2.6	2.6	3.6	2.9
E7.25	E725_Anterior_primitive_streak	Anterior_primitive_streak	0.47	-3.18	0	3.9	0	0	3.4	3.9	3.7	2.4
E7.25	E725_Anterior_primitive_streak	Anterior_primitive_streak	-4.68	-0.29	0	2.7	0	0	3.7	3.3	3.3	0
E7.25	E725_Anterior_primitive_streak	Anterior_primitive_streak	-0.39	-1.73	0	3.5	0	0	3.7	2	2.7	4.6
E7.25	E725_Anterior_primitive_streak	Anterior_primitive_streak	-2.7	1.44	0	2.4	0	0	4.4	2.8	3.6	2.4
E7.25	E725_Anterior_primitive_streak	Anterior_primitive_streak	-0.53	-4.86	0	2.9	0	0	3.3	2.9	4	2.9
E7.25	E725_Anterior_primitive_streak	Anterior_primitive_streak	2.51	5.3	3.7	3	0	0	4.5	3.5	0	0
E7.25	E725_Anterior_primitive_streak	Anterior_primitive_streak	3.22	-0.2	0	2.5	0	0	4.1	2.5	4.1	3.6
E7.25	E725_Anterior_primitive_streak	Anterior_primitive_streak	0.78	3.99	3.1	3.1	0	0	3.5	0	3.1	4.2
E7.25	E725_Anterior_primitive_streak	Anterior_primitive_streak	-1.3	-3.29	0	4.4	3.3	0	2.7	0	0	0
E7.25	E725_Anterior_primitive_streak	Anterior_primitive_streak	1	-4.21	0	3.2	0	0	3.5	2.6	3.9	3.9
E7.25	E725_Anterior_primitive_streak	Anterior_primitive_streak	1.61	-1.36	0	2.5	0	0	4	2.5	4	4.5
E7.25	E725_Anterior_primitive_streak	Anterior_primitive_streak	4	2	0	2.9	0	0	4.3	3.9	2.5	3.6
E7.25	E725_Anterior_primitive_streak	Anterior_primitive_streak	-0.74	4.85	0	0	0	0	4	3.5	3.5	2.4
E7.25	E725_Anterior_primitive_streak	Anterior_primitive_streak	-0.48	-4.68	0	2.8	3.7	0	2.8	2.2	4	2.8
E7.25	E725_Anterior_primitive_streak	Anterior_primitive_streak	1.75	-1.12	0	4	0	0	4.4	2.8	3.8	3.6
E7.25	E725_Anterior_primitive_streak	Anterior_primitive_streak	0.28	-4.42	2.1	4.2	2.1	0	2.7	2.1	3.3	4.3
E7.25	E725_Anterior_primitive_streak	Anterior_primitive_streak	2.45	1.83	0	2.9	0	0	4.7	2.5	1.9	3.7
E7.25	E725_Anterior_primitive_streak	Anterior_primitive_streak	-0.68	-3.64	0	3.7	2.2	0	4.2	2.8	4.2	3.2
E7.25	E725_Anterior_primitive_streak	Anterior_primitive_streak	2.33	-1.23	1.9	3.2	0	0	3.6	3.4	3.7	0
E7.25	E725_Anterior_primitive_streak	Anterior_primitive_streak	1.13	-4.02	0	3.4	0	0	4	2.2	3.7	4
E7.25	E725_Anterior_primitive_streak	Anterior_primitive_streak	-0.07	-4.61	0	4.3	0	0	3	2	3.3	0
E7.25	E725_Anterior_primitive_streak	Anterior_primitive_streak	0.12	3.37	0	4	0	0	3.8	3	3	3.3
E7.25	E725_Anterior_primitive_streak	Anterior_primitive_streak	-0.47	-2.33	0	4.4	0	0	3.8	1.9	2.9	1.9
E7.25	E725_Anterior_primitive_streak	Anterior_primitive_streak	-3.73	1.26	0	3	0	0	3.9	2.6	2.6	0
E7.25	E725_Anterior_primitive_streak	Anterior_primitive_streak	-1.91	2.62	0	3	0	0	4.5	3	3.4	3.4
E7.25	E725_Anterior_primitive_streak	Anterior_primitive_streak	2.27	2.43	3.2	3	0	0	4.5	1.6	2.2	4
E7.25	E725_Anterior_primitive_streak	Anterior_primitive_streak	0.85	-2.33	0	3.3	0	0	4.1	0	3.8	3.8
E7.25	E725_Anterior_primitive_streak	Anterior_primitive_streak	-3.22	2	2.1	2.1	0	0	4.5	2.1	2.7	2.4
E7.25	E725_Anterior_primitive_streak	Anterior_primitive_streak	-2.33	2.32	0	1.6	0	0	4.4	1.6	3.4	2.5
E7.25	E725_Anterior_primitive_streak	Anterior_primitive_streak	3.43	-1.58	0	0	0	0	4.4	3.4	3.6	3.4
E7.25	E725_Anterior_primitive_streak	Anterior_primitive_streak	1.53	-0.1	2.2	3.3	0	0	4.2	2.9	3.3	2.9
E7.25	E725_Anterior_primitive_streak	Anterior_primitive_streak	2.81	-0.7	0	3.1	0	0	3.7	2.7	3.3	3.1
E7.25	E725_Anterior_primitive_streak	Anterior_primitive_streak	-0.12	-2.4	0	4	0	0	3.5	0	2.5	0
E7.25	E725_Anterior_primitive_streak	Anterior_primitive_streak	0.56	-0.31	0	3.6	0	0	3.3	2.3	3.3	3.6
E7.25	E725_Anterior_primitive_streak	Anterior_primitive_streak	0.25	-1.71	0	3.3	0	0	4.2	2.3	4.3	2.9
E7.25	E725_Anterior_primitive_streak	Anterior_primitive_streak	2.73	1.24	0	2.4	0	0	4.4	0	3.6	4
E7.25	E725_Anterior_primitive_streak	Anterior_primitive_streak	1.71	-4	2.3	2.9	0	0	3.8	2.3	3.6	2.9
E7.25	E725_Anterior_primitive_streak	Anterior_primitive_streak	3.95	1.21	0	0	0	0	4.8	3.4	3.6	2.9
E7.25	E725_Anterior_primitive_streak	Anterior_primitive_streak	0.36	-4.78	2	3.8	2.6	0	2	0	4	2.6
E7.25	E725_Anterior_primitive_streak	Anterior_primitive_streak	2.33	4.3	1.8	3	0	0	4.9	2.4	2.8	0
E7.25	E725_Anterior_primitive_streak	Anterior_primitive_streak	0.79	3.02	2.5	3.1	0	0	4.3	3.1	4.3	3.9
E7.25	E725_Anterior_primitive_streak	Anterior_primitive_streak	-3.51	1.58	1.6	2.2	0	0	4.2	1.6	2.2	3.3
E7.25	E725_Anterior_primitive_streak	Anterior_primitive_streak	0.09	-4.38	0	3.5	0	0	3.1	3.5	3.5	3.7
E7.25	E725_Anterior_primitive_streak	Anterior_primitive_streak	3.58	3.24	0	2.4	0	0	4.7	2.4	2.4	3.9
E7.25	E725_Anterior_primitive_streak	Anterior_primitive_streak	0.72	-3.02	0	3.1	0	0	3.9	2.7	3.8	3.4
E7.25	E725_Anterior_primitive_streak	Anterior_primitive_streak	-2.55	1.99	2.2	1.6	0	0	4.8	2.5	2.5	2.8
E7.25	E725_Anterior_primitive_streak	Anterior_primitive_streak	1.54	-3.53	0	2.1	0	0	3.8	2.1	3.8	3.4
E7.25	E725_Anterior_primitive_streak	Anterior_primitive_streak	1.31	-1.55	0	3	0	0	4.4	3	4.5	3.8
E7.25	E725_Anterior_primitive_streak	Anterior_primitive_streak	-0.62	-4.34	3	3	3	0	3.3	3	3	3.6
E7.25	E725_Anterior_primitive_streak	Anterior_primitive_streak	-0.31	0.45	0	4	0	0	3.5	2.6	4.2	4.2
E7.25	E725_Anterior_primitive_streak	Anterior_primitive_streak	-4.99	-3.36	0	4.9	0	0	2.9	0	0	2.5
E7.25	E725_Anterior_primitive_streak	Anterior_primitive_streak	-0.45	-4.6	0	3.7	2	0	3.5	0	3.1	0
E7.25	E725_Anterior_primitive_streak	Anterior_primitive_streak	0.77	1.5	0	4.7	0	0	3.4	1.8	3.5	3.9
E7.25	E725_Anterior_primitive_streak	Anterior_primitive_streak	-2.48	4.34	3.5	2	0	0	4.5	2	0	0
E7.25	E725_Anterior_primitive_streak	Anterior_primitive_streak	2.02	-2.88	0	2.1	0	0	3.7	3.4	3.6	3.1
E7.25	E725_Anterior_primitive_streak	Anterior_primitive_streak	2.5	2.59	0	3	0	0	4.6	2.6	2.6	3.3
E7.25	E725_Anterior_primitive_streak	Anterior_primitive_streak	0.64	-1.93	0	3.9	0	0	3.9	1.6	2.9	2.9
E7.25	E725_Anterior_primitive_streak	Anterior_primitive_streak	-3.53	1.88	0	2.2	1.6	0	4.4	2.2	3.6	0
E7.25	E725_Anterior_primitive_streak	Anterior_primitive_streak	2.64	-1.69	0	2.7	0	0	4	0	3.9	2.1
E7.25	E725_Anterior_primitive_streak	Anterior_primitive_streak	-2.58	-4.42	0	3.5	0	0	3.3	2.6	3	0
E7.25	E725_Anterior_primitive_streak	Anterior_primitive_streak	3.22	-2.7	0	2.2	0	0	4	2.8	3.9	3.5
E7.25	E725_Anterior_primitive_streak	Anterior_primitive_streak	0.38	-2.45	0	3.1	2.1	2.1	3.7	0	3.4	3.7
E7.25	E725_Anterior_primitive_streak	Anterior_primitive_streak	2.36	-0.64	1.9	3.4	0	0	4.5	2.9	4	4.3
E7.25	E725_Anterior_primitive_streak	Anterior_primitive_streak	2.46	5.01	3.7	1.9	0	0	4.5	3.4	0	4.1
E7.25	E725_Anterior_primitive_streak	Anterior_primitive_streak	-3.05	2.72	0	0	0	0	4.1	2.2	2.2	2.2
E7.25	E725_Anterior_primitive_streak	Anterior_primitive_streak	1.43	3.42	2.2	3.7	0	0	4	1.6	3.2	4.3
E7.25	E725_Anterior_primitive_streak	Anterior_primitive_streak	4.19	-1.06	0	2.8	0	0	4.8	2.8	3.7	3.6
E7.25	E725_Anterior_primitive_streak	Anterior_primitive_streak	1.64	0.68	0	2.9	0	0	4.4	2.6	3.4	4
E7.5	E75_Definitive_endoderm	Definitive_endoderm	0.25	-1.07	0	4	3.6	0	2.6	0	2.3	2.6
E7.5	E75_Anterior_primitive_streak	Anterior_primitive_streak	3.5	-0.4	0	3.6	1.9	0	4.5	2.5	3.4	2.9
E7.5	E75_Definitive_endoderm	Definitive_endoderm	0.47	-4.6	2	4.5	3	0	2	0	3	3.5
E7.5	E75_Definitive_endoderm	Definitive_endoderm	-0.97	-2.36	2.6	3	0	0	2.6	0	0	3
E7.5	E75_Definitive_endoderm	Definitive_endoderm	-1.09	0.89	0	5.1	0	0	3.4	0	0	0
E7.5	E75_Definitive_endoderm	Definitive_endoderm	-4.23	-2.46	2.5	4.6	0	0	3.1	0	0	3.7
E7.5	E75_Definitive_endoderm	Definitive_endoderm	-2.12	-1.4	0	3.7	3.5	0	3.7	0	0	2.4
E7.5	E75_Anterior_primitive_streak	Anterior_primitive_streak	0.73	-0.39	0	4.3	2.6	0	3.3	2	2	2
E7.5	E75_Definitive_endoderm	Definitive_endoderm	-1.75	-2.08	0	4.7	3.8	0	2.7	2.1	0	0
E7.5	E75_Gut	Gut	-2.72	-2.56	3.4	4.2	3.4	1.9	3.4	0	0	1.9
E7.5	E75_Definitive_endoderm	Definitive_endoderm	-0.77	1.37	0	5.3	0	0	2.5	0	3.1	0
E7.5	E75_Gut	Gut	-2.26	-1.95	3.4	5.7	2.4	0	2.4	0	0	0
E7.5	E75_Definitive_endoderm	Definitive_endoderm	-1.64	-2.99	0	4.3	0	0	2.7	0	0	3.8
E7.5	E75_Definitive_endoderm	Definitive_endoderm	-0.84	1.67	0	5	2.7	0	3.9	0	4.2	2.7
E7.5	E75_Anterior_primitive_streak	Anterior_primitive_streak	1.7	-0.43	0	4.1	0	0	3.7	2.9	3.1	1.9
E7.5	E75_Gut	Gut	-2.59	-2.1	0	4.7	4.7	0	2.5	0	0	1.9
E7.5	E75_Definitive_endoderm	Definitive_endoderm	-3.42	2.77	0	4.1	3.4	0	3.8	0	2	0
E7.5	E75_Definitive_endoderm	Definitive_endoderm	-2.33	-2.07	0	4.8	3.6	0	0	1.9	0	0
E7.5	E75_Definitive_endoderm	Definitive_endoderm	-3.97	-2.37	4	4.5	0	0	2.4	0	0	1.8
E7.5	E75_Definitive_endoderm	Definitive_endoderm	-4.34	-3.58	3.2	4.7	0	0	2.6	0	0	4
E7.5	E75_Definitive_endoderm	Definitive_endoderm	-0.89	-2.57	0	4.3	3.6	0	0	0	2.6	0
E7.5	E75_Definitive_endoderm	Definitive_endoderm	-0.35	3.52	0	4.9	0	0	3.2	0	0	0
E7.5	E75_Definitive_endoderm	Definitive_endoderm	2.35	1.61	2.4	4.7	0	0	3.5	2	0	3.4
E7.5	E75_Gut	Gut	-4.37	-2.91	3.7	4.8	0	1.9	0	0	0	0
E7.5	E75_Definitive_endoderm	Definitive_endoderm	2.26	4.96	3.1	3.1	0	0	4.3	3.3	0	2.7
E7.5	E75_Gut	Gut	-3.39	-1.86	2.9	5.2	5.1	0	1.9	0	0	0
E7.5	E75_Definitive_endoderm	Definitive_endoderm	-0.6	0.1	0	4.2	2.7	0	3.1	0	3.1	0
E7.5	E75_Definitive_endoderm	Definitive_endoderm	0.93	4.75	0	4.5	0	0	4.4	0	3.5	2.8
E7.5	E75_Anterior_primitive_streak	Anterior_primitive_streak	1.64	-1.17	0	4.5	0	0	2.9	0	3.3	0
E7.5	E75_Definitive_endoderm	Definitive_endoderm	-1.85	-0.5	2.7	3.7	3.3	0	3.3	2.7	0	2.7
E7.5	E75_Gut	Gut	-3.09	-1.18	2.9	4.2	3.6	0	3.2	1.9	0	0
E7.5	E75_Definitive_endoderm	Definitive_endoderm	0.78	1.66	0	4.6	0	0	4.6	2.2	3.9	2.8
E7.5	E75_Definitive_endoderm	Definitive_endoderm	-2.02	0.18	1.9	4.5	0	0	3.3	0	0	1.9
E7.5	E75_Definitive_endoderm	Definitive_endoderm	1.73	1.5	0	4.7	0	0	2.6	1.6	2.8	2.2
E7.5	E75_Definitive_endoderm	Definitive_endoderm	-1.35	-1.8	0	5.3	3.6	0	3.1	2.8	2.8	0
E7.5	E75_Definitive_endoderm	Definitive_endoderm	-1.96	-2.58	0	4.1	4	0	2.8	1.8	1.8	1.8
E7.5	E75_Definitive_endoderm	Definitive_endoderm	0.51	-1.08	2.9	4.3	3.9	0	1.9	0	0	2.9
E7.5	E75_Definitive_endoderm	Definitive_endoderm	-1.3	-0.79	0	5.4	3.5	0	2	2	2	0
E7.5	E75_Gut	Gut	-3.45	-1.55	2.2	4.8	4.4	2.2	2.2	2.2	0	0
E7.5	E75_Definitive_endoderm	Definitive_endoderm	-1.38	-3.76	0	4.5	3.7	0	2.8	1.9	1.9	0
E7.5	E75_Definitive_endoderm	Definitive_endoderm	2.27	5.75	3	4.4	0	0	4.6	3	2.3	3.6
E7.5	E75_Definitive_endoderm	Definitive_endoderm	0.03	-0.58	0	3.7	2.6	2.6	3.7	0	2.6	0
E7.5	E75_Definitive_endoderm	Definitive_endoderm	0.2	4.56	0	4.2	0	0	2.7	2.7	4	3.6
E7.5	E75_Definitive_endoderm	Definitive_endoderm	-3.55	-2.16	3.5	5.1	0	2	3.7	0	0	0
E7.5	E75_Definitive_endoderm	Definitive_endoderm	-3.62	-3.29	3.2	4.9	0	0	3	0	0	3.2
E7.5	E75_Gut	Gut	-3.6	-2.39	3.7	4.6	3.8	1.6	1.6	0	0	1.6
E7.5	E75_Gut	Gut	-4.52	-0.82	3.5	4.9	3.7	0	2.1	0	0	2.1
E7.5	E75_Definitive_endoderm	Definitive_endoderm	1.25	-3.16	0	4.4	0	0	2.8	0	3.5	0
E7.5	E75_Definitive_endoderm	Definitive_endoderm	3.26	-2.54	2	3.8	0	0	3	2	0	2
E7.5	E75_Definitive_endoderm	Definitive_endoderm	-4.43	-2.24	3.4	5	0	0	3.6	1.8	1.8	2.4
E7.5	E75_Anterior_primitive_streak	Anterior_primitive_streak	1.32	-3.85	0	4.2	3.6	0	2.5	1.9	0	0
E7.5	E75_Definitive_endoderm	Definitive_endoderm	1.3	4.75	0	4.5	0	0	3.7	0	0	3.2
E7.5	E75_Definitive_endoderm	Definitive_endoderm	1.52	1.97	4.2	4.5	0	0	3.2	0	0	3.2
E7.5	E75_Gut	Gut	-3.24	-1.62	0	5.6	3	2.4	0	0	0	0
E7.5	E75_Gut	Gut	-3	-1.84	3.2	4.4	3.4	2.6	3.2	0	0	0
E7.5	E75_Definitive_endoderm	Definitive_endoderm	-2.65	-1.21	3.2	4.8	0	0	3.5	0	0	2.2
E7.5	E75_Definitive_endoderm	Definitive_endoderm	0.62	1	0	5.3	2.4	0	2.4	0	2.7	1.5
E7.5	E75_Anterior_primitive_streak	Anterior_primitive_streak	1.34	-3.99	0	4.1	3.3	0	2.4	2.8	3.4	0
E7.5	E75_Definitive_endoderm	Definitive_endoderm	-2.08	-3.04	0	4	2.9	0	0	0	0	2.9
E7.5	E75_Definitive_endoderm	Definitive_endoderm	1.06	0.11	2.3	5.5	2.9	0	0	0	2.3	0
E7.5	E75_Definitive_endoderm	Definitive_endoderm	-5.98	-0.21	2.6	5.1	0	0	3.4	1.2	0	2.8
E7.5	E75_Definitive_endoderm	Definitive_endoderm	1.11	3.57	2.1	4.9	0	0	3.4	0	0	4.5
E7.5	E75_Definitive_endoderm	Definitive_endoderm	-1.43	-1.9	2.4	5.3	4.3	0	2.4	0	3.4	0
E7.5	E75_Definitive_endoderm	Definitive_endoderm	1.12	-2.33	0	5.1	2.6	0	2.6	0	2.6	2.6
E7.5	E75_Anterior_primitive_streak	Anterior_primitive_streak	-0.18	-3.9	0	4.1	3.1	0	2.8	2.4	2.4	0
E7.5	E75_Anterior_primitive_streak	Anterior_primitive_streak	4.23	-0.48	0	1.8	0	0	4	2.8	3.4	3.8
E7.5	E75_Gut	Gut	-2.8	-2.33	3.3	4.9	3.8	2.9	1.9	0	0	3.1
E7.5	E75_Anterior_primitive_streak	Anterior_primitive_streak	3.93	1.55	0	4	0	0	4.2	0	2.5	4.2
E7.5	E75_Definitive_endoderm	Definitive_endoderm	-0.24	-1.74	1.7	4.7	0	0	2.7	2.7	0	3.6
E7.5	E75_Anterior_primitive_streak	Anterior_primitive_streak	0.71	-0.82	0	2.9	2.9	0	2.5	2.5	2.9	0
E7.5	E75_Definitive_endoderm	Definitive_endoderm	-1.51	-2.02	0	4.5	3.9	0	1.9	0	2.5	2.5
E7.5	E75_Definitive_endoderm	Definitive_endoderm	-3.85	-2.47	3.7	4.6	2.4	0	3.7	3.1	0	3.4
E7.5	E75_Definitive_endoderm	Definitive_endoderm	3.29	3.86	3	0	0	0	4.6	3	0	3.9
E7.5	E75_Definitive_endoderm	Definitive_endoderm	-1.64	-2.72	2.7	4.2	0	0	3.1	0	0	3.3
E7.5	E75_Gut	Gut	-0.36	0.13	0	5.2	2.4	0	2.4	0	2.4	3.4
E7.5	E75_Anterior_primitive_streak	Anterior_primitive_streak	1.38	-2.85	0	4.3	3.4	0	2.1	2.1	2.1	0
E7.5	E75_Definitive_endoderm	Definitive_endoderm	-0.28	-4.98	1.7	4.6	0	0	3.2	1.7	0	0
E7.5	E75_Definitive_endoderm	Definitive_endoderm	-2.14	0.95	1.2	4.7	2.7	0	2.1	0	1.2	1.8
E7.5	E75_Anterior_primitive_streak	Anterior_primitive_streak	4.71	-0.35	0	2.6	0	0	3.7	2.6	3.3	2.6
E7.5	E75_Definitive_endoderm	Definitive_endoderm	-5.99	-0.66	3.2	5	0	0	3	0	1.6	3.6
E7.5	E75_Definitive_endoderm	Definitive_endoderm	-1.59	-1.65	3.5	4.8	2	0	3.7	0	0	3.7
E7.5	E75_Definitive_endoderm	Definitive_endoderm	-0.59	-3.37	2.6	4.2	3.3	0	3.5	0	0	2.6
E7.5	E75_Gut	Gut	-5.91	0.31	3.4	5.1	3.7	0	1.7	0	0	0
E7.5	E75_Gut	Gut	0.96	-3.24	0	2.9	3.7	2.5	1.9	0	0	0
E7.5	E75_Definitive_endoderm	Definitive_endoderm	-3.49	-2.4	3.5	4.5	0	0	2.5	0	0	3.1
E7.5	E75_Definitive_endoderm	Definitive_endoderm	-2.4	-3.59	2.1	3.9	2.1	0	3.6	0	2.1	2.7
E7.5	E75_Definitive_endoderm	Definitive_endoderm	1.86	5.47	2.6	3.4	0	0	4.6	2.6	0	2.6
E7.5	E75_Anterior_primitive_streak	Anterior_primitive_streak	0.51	-1.59	0	4	2.9	0	3.3	3.8	4.1	0
E7.5	E75_Gut	Gut	-0.52	0.54	2.7	4.3	3.8	0	0	0	0	0
E7.5	E75_Definitive_endoderm	Definitive_endoderm	1.31	4.26	1.9	4.1	1.9	0	3.2	2.6	3.4	3.9
E7.5	E75_Definitive_endoderm	Definitive_endoderm	-3.75	-2.78	2.2	4.8	0	0	2.2	0	0	2.2
E7.5	E75_Definitive_endoderm	Definitive_endoderm	-0.49	-0.16	0	2.6	2.6	0	3.6	0	0	0
E7.5	E75_Definitive_endoderm	Definitive_endoderm	-1.09	-2.91	0	4.4	3.9	0	2.9	2.2	4.1	0
E7.5	E75_Anterior_primitive_streak	Anterior_primitive_streak	3.55	1.1	0	3.5	0	0	4.6	0	3.3	2.5
E7.5	E75_Definitive_endoderm	Definitive_endoderm	1.19	-1.2	0	4.8	3.4	0	2.5	0	0	3.4
E7.5	E75_Definitive_endoderm	Definitive_endoderm	1.1	-3.38	2.7	3.4	4.7	0	2.7	0	0	0
E7.5	E75_Gut	Gut	-2.65	-3.02	1.9	4.5	3.5	0	3.1	1.9	1.9	2.8
E7.5	E75_Definitive_endoderm	Definitive_endoderm	2.7	5.32	2.8	4	0	0	4.6	3	2.2	3
E7.5	E75_Anterior_primitive_streak	Anterior_primitive_streak	0	-3.01	0	4	3.5	0	3.5	2.5	3.4	0
E7.5	E75_Definitive_endoderm	Definitive_endoderm	1.17	2.67	1.9	5.1	0	0	3.4	2.9	2.5	4.2
E7.5	E75_Anterior_primitive_streak	Anterior_primitive_streak	-0.47	-3.99	0	4.5	0	0	2.4	0	0	0
E7.5	E75_Gut	Gut	-5.2	0.37	2.9	5.1	3.4	1.5	1.9	0	0	1
E7.5	E75_Definitive_endoderm	Definitive_endoderm	-1.9	4.62	5.2	0	0	0	4.5	0	0	0
E7.5	E75_Definitive_endoderm	Definitive_endoderm	0.44	3.93	2.7	3.7	0	0	4.2	0	2.7	3.5
E7.5	E75_Definitive_endoderm	Definitive_endoderm	-4.76	-3.11	4.2	5.2	0	0	3.3	0	0	2
E7.5	E75_Definitive_endoderm	Definitive_endoderm	-3.16	-0.23	2.7	3.6	0	0	2.7	0	0	0
E7.5	E75_Anterior_primitive_streak	Anterior_primitive_streak	0.72	-2.1	1.8	3.9	1.8	0	3.1	1.8	1.8	2.5
E7.5	E75_Definitive_endoderm	Definitive_endoderm	-2.88	-3.92	2.6	4.7	2.9	0	2.9	0	0	0
E7.5	E75_Definitive_endoderm	Definitive_endoderm	-4.64	-2.03	3.1	4.2	0	0	3.3	0	1.8	3.5
E7.5	E75_Definitive_endoderm	Definitive_endoderm	1.71	5.96	0	0	0	0	4.1	2.3	2.3	3.8
E7.5	E75_Definitive_endoderm	Definitive_endoderm	0.77	1.99	0	4.2	0	0	3.9	0	0	2.4
E7.5	E75_Anterior_primitive_streak	Anterior_primitive_streak	1.47	1.83	2.4	4.3	0	0	4.4	0	4	4.3
E7.5	E75_Definitive_endoderm	Definitive_endoderm	-1.61	-4.73	2.7	4.7	3.6	0	3.3	0	1.5	0
E7.5	E75_Definitive_endoderm	Definitive_endoderm	-1.07	-2.53	2.9	4.8	0	0	0	1.9	0	2.5
E7.5	E75_Gut	Gut	-4.43	-3.47	2.1	4.8	0	0	3.4	0	0	0
E7.5	E75_Definitive_endoderm	Definitive_endoderm	-0.68	5.53	4.7	0	0	0	5	0	0	0
E7.5	E75_Definitive_endoderm	Definitive_endoderm	-0.4	5.16	1.7	3.4	0	0	3.8	3	1.7	3.7
E7.5	E75_Definitive_endoderm	Definitive_endoderm	-5.17	-2.59	2.9	4.8	0	0	3.7	1.5	0	3
E7.5	E75_Definitive_endoderm	Definitive_endoderm	3.2	0.51	0	4.4	0	0	3.8	2	2	3
E7.5	E75_Definitive_endoderm	Definitive_endoderm	0.05	-2.74	0	4.3	2.7	0	3	2	2	0
E7.5	E75_Gut	Gut	0.07	2.83	0	4.4	0	0	0	0	0	3.3
E7.5	E75_Gut	Gut	-3.4	-2.06	4.6	5.4	3.4	0	0	0	0	0
E7.5	E75_Gut	Gut	-3.13	-1.75	2	4.5	2.7	0	3	0	0	0
E7.5	E75_Definitive_endoderm	Definitive_endoderm	-3.98	-2.03	4	4.3	0	0	3.1	0	0	3.7
