day	Anno	celltype	UMAP_1	UMAP_2	marker:Tbx4	marker:Hoxa11	up:Pitx1	up:Prrx2	up:Snai1	up:Hoxa10	up:Twist2	up:Twist1	up:Gata5	up:Tbx4	up:Tbx20	up:Gata4	up:Myrf	up:Klf14	down:Mesp1	down:Cdx4	down:Pou5f1	down:Foxf1	down:Hand1	down:T	down:Hoxb1	down:Evx1	down:Foxo4	down:Mixl1
E7.5	E75_Extraembryonic_mesoderm	Extraembryonic_mesoderm	-3.15	-0.36	0	0	0	0	0	0	2	2	0	0	2	0	0	0	3.3	0	2.7	3	4.6	0	2	0	2	0
E7.5	E75_Extraembryonic_mesoderm	Extraembryonic_mesoderm	-4.75	-2.78	0	0	0	0	1.8	1.8	0	0	0	0	1.8	0	0	0	3.6	2.8	3.5	2.4	4.6	2.4	0	2.4	0	0
E7.5	E75_Extraembryonic_mesoderm	Extraembryonic_mesoderm	1.86	3.95	0	0	0	0	0	0	0	2	0	0	0	2	0	0	0	0	0	2	3.7	0	0	0	0	0
E7.5	E75_Extraembryonic_mesoderm	Extraembryonic_mesoderm	-0.68	-4.14	0	0	0	1.4	0	0	0	0	0	0	0	1.4	0	0	3.6	0	3.1	3	4.5	0	3	0	0	0
E7.5	E75_Extraembryonic_mesoderm	Extraembryonic_mesoderm	0.7	-3.67	0	0	0	1.8	0	0	0	1.8	0	0	2.4	0	0	0	3	0	2.8	3.7	4.3	2.4	3	3	1.8	2.4
E7.5	E75_Extraembryonic_mesoderm	Extraembryonic_mesoderm	-0.95	2.65	0	0	0	0	0	0	0	0	0	0	0	2	0	0	2	0	0	3	2.7	0	0	0	0	0
E7.5	E75_Extraembryonic_mesoderm	Extraembryonic_mesoderm	2.47	4.73	0	0	0	2	0	0	0	0	0	0	2	2	0	0	2	0	2	3.6	4	0	0	0	0	0
E7.5	E75_Extraembryonic_mesoderm	Extraembryonic_mesoderm	0.94	3.43	0	0	0	0	0	0	1.9	0	1.9	0	0	1.9	0	1.9	4.1	0	1.9	2.9	2.9	0	0	1.9	0	0
E7.5	E75_Extraembryonic_mesoderm	Extraembryonic_mesoderm	-1.55	-3.13	0	0	0	0	2.6	0	0	0	0	0	0	2	0	0	3.6	2.6	3.5	3.8	4	0	0	0	0	0
E7.5	E75_Extraembryonic_mesoderm	Extraembryonic_mesoderm	1.73	1.51	0	0	0	0	1.4	0	0	0	0	0	2.6	0	0	0	1.4	2.4	2.4	3.5	4.8	0	1.4	1.4	2	1.4
E7.5	E75_Extraembryonic_mesoderm	Extraembryonic_mesoderm	1.87	-1	0	0	0	0	2.1	0	0	0	0	0	2.1	0	0	0	2.1	2.1	2.7	2.1	4.2	2.1	0	2.7	2.1	2.1
E7.5	E75_Extraembryonic_mesoderm	Extraembryonic_mesoderm	1.46	3.52	0	0	1	0	1.5	1.8	1.8	0	0	0	0	1	0	0	3.4	0	3.6	2.4	4.7	2.1	2.1	1.8	1.5	0
E7.5	E75_Extraembryonic_mesoderm	Extraembryonic_mesoderm	4.01	2	0	0	0	0	0	0	2.6	0	0	0	0	2.6	0	0	0	0	0	2.6	4.3	0	2.6	0	2.6	0
E7.5	E75_Extraembryonic_mesoderm	Extraembryonic_mesoderm	1.82	0.92	0	0	2.1	1.5	0	0	0	0	2.1	0	2.1	0	0	0	0	0	3	3.3	5.1	0	0	1.5	2.5	0
E7.5	E75_Extraembryonic_mesoderm	Extraembryonic_mesoderm	-0.64	-5.22	0	0	0	2.2	2.2	0	0	0	0	0	1.6	0	0	0	3.9	3.1	3.7	3.5	3.9	0	2.9	1.6	2.2	0
E7.5	E75_Extraembryonic_mesoderm	Extraembryonic_mesoderm	-0.15	1.75	0	0	0	0	0	0	0	0	0	0	2.4	0	0	0	0	0	3.1	3.5	4	2.4	2.4	0	0	0
E7.5	E75_Extraembryonic_mesoderm	Extraembryonic_mesoderm	-1.08	4.65	0	0	0	0	0	0	0	0	0	0	0	0	0	0	0	0	3	3.4	4.1	0	0	2.4	3.4	0
E7.5	E75_Extraembryonic_mesoderm	Extraembryonic_mesoderm	0.89	-3.02	0	0	0	1.4	1.4	0	0	0	0	0	1.4	0	0	0	3.6	1.9	3.3	3.3	4.4	1.4	1.4	2.3	1.4	0
E7.5	E75_Extraembryonic_mesoderm	Extraembryonic_mesoderm	1.72	2.41	0	1.7	0	1.7	0	1.7	0	0	2.3	0	1.7	1.7	0	0	0	0	2.6	3.7	4.9	0	2.6	1.7	2.3	0
E7.5	E75_Extraembryonic_mesoderm	Extraembryonic_mesoderm	1.04	1.59	0	0	0	3.4	0	0	0	0	0	0	2.4	0	0	0	0	0	2.4	3	4.4	0	0	0	3.4	0
E7.5	E75_Extraembryonic_mesoderm	Extraembryonic_mesoderm	-2.01	-0.56	1.8	0	1.8	0	0	1.8	0	0	0	1.8	0	1.8	0	0	2.4	3.5	2.4	3.3	5	1.8	0	2.8	1.8	1.8
E7.5	E75_Extraembryonic_mesoderm	Extraembryonic_mesoderm	-1.31	1.45	0	0	0	1.7	2.3	1.7	1.7	0	0	0	2.3	0	0	0	0	3.2	3.3	3.2	5	3.7	1.7	1.7	2.7	1.7
E7.5	E75_Extraembryonic_mesoderm	Extraembryonic_mesoderm	1.08	-1.76	0	0	0	0	0	0	2.8	0	0	0	2.8	0	0	0	2.2	2.2	2.2	3.7	3.9	3.2	0	0	0	0
E7.5	E75_Extraembryonic_mesoderm	Extraembryonic_mesoderm	-1.11	3.23	0	0	0	2	0	0	0	0	0	0	0	0	0	0	0	0	0	3	3.3	0	0	0	0	0
E7.5	E75_Extraembryonic_mesoderm	Extraembryonic_mesoderm	-0.68	0.41	0	0	0	2	2	0	0	2	0	0	0	2	0	0	4.8	0	3.1	2	3.3	0	0	0	0	0
E7.5	E75_Extraembryonic_mesoderm	Extraembryonic_mesoderm	-0.81	-4.92	0	0	0	1.5	0	0	1.5	1.5	0	0	0	0	0	0	3.7	3	3.4	1.5	3.1	3	2.5	2.1	1.5	0
E7.5	E75_Extraembryonic_mesoderm	Extraembryonic_mesoderm	2.51	2.39	0	0	0	0	0	0	0	0	0	0	0	0	0	0	2.7	0	0	3.3	4.1	0	0	0	0	0
E7.5	E75_Extraembryonic_mesoderm	Extraembryonic_mesoderm	2.94	0.72	0	0	0	0	0	0	0	0	0	0	1.9	1.9	0	0	0	0	2.5	2.5	3.5	0	2.5	0	2.5	0
E7.5	E75_Extraembryonic_mesoderm	Extraembryonic_mesoderm	3.46	3.56	0	0	2	2.6	0	0	0	0	2	0	0	2	0	0	0	0	2	3	4.7	0	0	0	2	0
E7.5	E75_Extraembryonic_mesoderm	Extraembryonic_mesoderm	0.93	0.93	0	0	0	0	0	0	0	0	0	0	0	0	0	0	0	0	1.9	2.5	4.3	0	0	0	0	0
E7.5	E75_Extraembryonic_mesoderm	Extraembryonic_mesoderm	-0.79	2.09	0	0	0	0	2.3	0	0	0	0	0	1.7	0	0	0	4.9	0	2.3	3.6	2.9	0	0	1.7	0	0
E7.5	E75_Extraembryonic_mesoderm	Extraembryonic_mesoderm	-4.99	-2.49	0	0	0	0	2.5	0	0	0	0	0	1.9	0	1.9	0	3.7	2.5	4.1	3.3	4.2	3.1	1.9	3.1	2.8	0
E7.5	E75_Extraembryonic_mesoderm	Extraembryonic_mesoderm	-0.28	-0.43	0	0	0	0	0	0	0	1.8	0	0	0	1.8	0	0	2.8	2.8	1.8	3.6	4.7	0	1.8	0	3.1	0
E7.5	E75_Extraembryonic_mesoderm	Extraembryonic_mesoderm	2.66	2.46	0	0	0	0	0	0	0	0	2	0	0	2	0	0	2	0	2.6	3.7	3.5	0	0	0	0	0
E7.5	E75_Extraembryonic_mesoderm	Extraembryonic_mesoderm	-3.88	-2.44	0	2	2	2.6	0	2.6	2	0	0	0	2	2	0	0	3	3	3	3.3	5.2	3	0	2	2.6	0
E7.5	E75_Extraembryonic_mesoderm	Extraembryonic_mesoderm	-0.56	0.81	0	0	0	0	2.1	0	2.1	0	0	0	2.1	0	0	0	2.7	2.7	3.4	2.1	4.6	0	0	0	2.1	0
E7.5	E75_Extraembryonic_mesoderm	Extraembryonic_mesoderm	-1.94	-3.78	0	0	0	0	0	0	0	1.8	0	0	0	0	0	0	3.1	2.5	3.8	1.8	4.4	0	2.5	1.8	1.8	0
E7.5	E75_Extraembryonic_mesoderm	Extraembryonic_mesoderm	-1.38	3.17	0	0	0	0	1.6	0	0	1.6	0	0	0	1.6	0	0	2.9	0	2.2	3.8	4.7	0	1.6	0	1.6	0
E7.5	E75_Extraembryonic_mesoderm	Extraembryonic_mesoderm	-1.64	2.13	0	0	0	1.5	1.5	0	0	0	0	0	2.1	0	0	0	0	3.6	2.1	3.1	5	2.1	0	0	2.5	0
E7.5	E75_Extraembryonic_mesoderm	Extraembryonic_mesoderm	1.05	-1.72	0	0	0	0	2.7	0	0	0	0	0	0	0	0	0	2	3.1	3.1	2.7	4.7	0	2	0	2.7	2
E7.5	E75_Extraembryonic_mesoderm	Extraembryonic_mesoderm	-3.66	-3.89	0	0	0	0	0	0	0	0	0	0	0	0	0	0	4	4.1	3	3.7	4.9	2	3	2.6	2	0
E7.5	E75_Extraembryonic_mesoderm	Extraembryonic_mesoderm	-0.46	1.94	0	0	0	1.7	1.7	0	0	1.2	2.3	0	0	1.2	0	0	3.7	0	3	3.1	3.9	0	0	0	1.2	0
E7.5	E75_Extraembryonic_mesoderm	Extraembryonic_mesoderm	-3.67	-3.95	0	0	0	2.1	2.1	0	0	0	0	0	0	0	0	0	4.4	2.7	3.6	3.1	4.2	2.1	2.1	3.1	0	0
E7.5	E75_Extraembryonic_mesoderm	Extraembryonic_mesoderm	0.47	2.28	0	0	0	0	1.6	0	0	0	2.2	0	0	0	0	0	0	0	2.2	3.4	4.7	0	0	0	1.6	1.6
E7.5	E75_Extraembryonic_mesoderm	Extraembryonic_mesoderm	-3.51	-3.12	0	0	0	0	0	0	0	0	0	0	0	0	0	0	2.5	0	3.2	3.8	4.2	2.5	0	0	0	0
E7.5	E75_Extraembryonic_mesoderm	Extraembryonic_mesoderm	-0.68	-3.48	0	0	0	2.2	0	0	0	2.2	0	0	0	0	0	0	3.9	2.2	4	4	3.5	3.5	2.2	2.2	2.2	0
E7.5	E75_Extraembryonic_mesoderm	Extraembryonic_mesoderm	1.58	0.95	0	0	1.7	0	0	0	0	0	0	0	1.7	0	1.7	0	0	0	3.2	3.2	3.9	0	0	1.7	0	1.7
E7.5	E75_Extraembryonic_mesoderm	Extraembryonic_mesoderm	4.32	0.6	0	0	3.4	0	2.1	2.1	2.1	0	0	0	0	0	0	0	0	0	2.1	3.6	3.9	0	0	2.1	0	2.1
E7.5	E75_Extraembryonic_mesoderm	Extraembryonic_mesoderm	2.34	3.91	0	0	0	0	0	0	0	0	2.3	0	2.3	0	0	2.3	0	0	0	2.3	4.3	0	0	0	0	0
E7.5	E75_Extraembryonic_mesoderm	Extraembryonic_mesoderm	1.63	4.13	0	0	0	0	0	0	0	0	0	0	0	0	0	0	2.3	0	2.3	0	3	0	0	0	0	0
E7.5	E75_Extraembryonic_mesoderm	Extraembryonic_mesoderm	-0.35	3.44	0	0	0	2.4	0	0	0	0	0	0	0	0	0	0	0	0	0	2.7	4	0	0	0	1.8	0
E7.5	E75_Extraembryonic_mesoderm	Extraembryonic_mesoderm	-2.07	-0.91	0	0	0	0	2.1	0	0	1.5	0	0	0	0	0	0	3.7	4	3.4	2.5	4.3	1.5	2.9	2.1	0	0
E7.5	E75_Extraembryonic_mesoderm	Extraembryonic_mesoderm	-1.79	1.27	0	0	0	1.4	0	2	0	0	0	0	1.4	1.4	0	0	3.5	3.4	2	2.6	4.4	2.6	1.4	2	1.4	0
E7.5	E75_Extraembryonic_mesoderm	Extraembryonic_mesoderm	3.2	1.06	0	0	3.5	0	0	0	2.2	0	0	0	0	0	0	0	0	0	0	3.9	3.7	0	2.2	2.2	0	0
E7.5	E75_Extraembryonic_mesoderm	Extraembryonic_mesoderm	2.07	1.52	0	0	0	0	0	0	0	0	0	0	0	2	0	0	3.1	0	0	3.5	4.2	0	2	0	0	0
E7.5	E75_Extraembryonic_mesoderm	Extraembryonic_mesoderm	4.39	0.41	0	0	0	0	0	0	3.2	0	0	0	0	0	0	0	0	0	2.2	4	4.2	0	0	0	0	0
E7.5	E75_Extraembryonic_mesoderm	Extraembryonic_mesoderm	-0.73	-2.42	0	0	1.9	0	2.9	0	0	1.9	0	0	0	0	0	0	1.9	1.9	3.2	3.2	4.4	2.6	0	1.9	0	0
E7.5	E75_Extraembryonic_mesoderm	Extraembryonic_mesoderm	1.04	2.05	0	0	2.2	0	2.2	2.8	0	0	0	0	0	0	0	0	0	2.8	3.2	3.7	3.5	0	0	0	2.2	0
E7.5	E75_Extraembryonic_mesoderm	Extraembryonic_mesoderm	-3.28	-1.3	0	0	0	0	0	0	0	0	0	0	2.3	0	0	0	2.9	3.6	3.3	3.8	4.7	0	0	0	2.3	2.3
E7.5	E75_Extraembryonic_mesoderm	Extraembryonic_mesoderm	-0.15	-4.36	0	0	0	0	0	0	0	0	0	0	0	0	0	0	4	3.9	3.7	2.2	3.5	0	3.5	2.2	0	0
E7.5	E75_Extraembryonic_mesoderm	Extraembryonic_mesoderm	-4.7	-2.65	0	0	3	2	2.6	2	0	0	0	0	0	0	0	0	3.7	2.6	2.6	3	4.6	2	0	2	0	0
E7.5	E75_Extraembryonic_mesoderm	Extraembryonic_mesoderm	0.02	-1	0	0	0	0	2.7	0	0	0	0	0	1.7	0	0	0	3.9	0	3.7	2.7	3.8	1.7	2.4	1.7	0	1.7
E7.5	E75_Extraembryonic_mesoderm	Extraembryonic_mesoderm	0.11	3.26	0	0	0	0	2.9	0	0	0	0	0	0	0	0	0	1.9	0	0	3.2	3.6	0	0	0	0	0
E7.5	E75_Extraembryonic_mesoderm	Extraembryonic_mesoderm	-2.24	-3.92	0	0	0	0	2.4	0	0	0	0	0	0	0	0	0	3	3	2.4	3	4.7	3.4	2.4	2.4	3	0
E7.5	E75_Extraembryonic_mesoderm	Extraembryonic_mesoderm	-0.53	1.66	0	0	1.9	0	1.9	0	0	1.9	0	0	0	0	0	0	3.4	2.5	3.2	3.7	4.9	0	0	1.9	2.9	0
E7.5	E75_Extraembryonic_mesoderm	Extraembryonic_mesoderm	-5.2	-2.25	0	0	0	2.2	2.2	3.5	0	0	0	0	0	0	0	0	4.5	3.3	0	2.2	4.2	3.3	0	2.2	2.2	0
E7.5	E75_Extraembryonic_mesoderm	Extraembryonic_mesoderm	0.74	0.56	0	0	2.8	2.2	2.2	0	2.2	0	0	0	0	0	0	0	0	0	0	4.2	4.7	2.8	0	2.2	2.8	0
E7.5	E75_Extraembryonic_mesoderm	Extraembryonic_mesoderm	-1.54	-1.58	0	0	0	2.6	2.6	0	0	2	0	0	2	2	0	0	4.1	2.6	2	3	4.5	3.7	0	0	2	0
E7.5	E75_Extraembryonic_mesoderm	Extraembryonic_mesoderm	0.68	-4.9	0	0	0	0	1.9	0	0	0	0	0	0	1.9	0	0	4.2	2.5	2.9	3.3	3.7	2.5	3.1	1.9	0	1.9
E7.5	E75_Extraembryonic_mesoderm	Extraembryonic_mesoderm	-1.82	-0.4	0	0	0	0	2.5	0	0	0	0	0	0	0	0	0	2.5	3.1	1.9	3.8	4.7	2.5	1.9	3.1	0	0
E7.5	E75_Extraembryonic_mesoderm	Extraembryonic_mesoderm	1.48	-0.77	0	0	0	0	0	0	2.9	0	0	0	0	0	0	0	0	2.9	2.3	3.6	4	0	0	0	0	0
E7.5	E75_Extraembryonic_mesoderm	Extraembryonic_mesoderm	-2.3	-3.53	0	0	2.2	0	0	2.2	0	0	0	0	2.2	0	2.2	0	2.8	3.5	3.2	4.1	4	0	2.8	2.2	2.2	0
E7.5	E75_Extraembryonic_mesoderm	Extraembryonic_mesoderm	-1.37	-3.83	0	0	0	0	2.6	0	0	0	0	0	0	0	0	0	3.6	0	3.6	4.1	5	2.6	0	3.2	2.6	3.2
E7.5	E75_Extraembryonic_mesoderm	Extraembryonic_mesoderm	-4.54	-2.2	0	0	1.8	0	2.5	0	0	0	0	0	0	0	0	0	3.3	3.1	3.1	3.3	4.6	0	1.8	2.5	2.8	2.5
E7.5	E75_Extraembryonic_mesoderm	Extraembryonic_mesoderm	3.79	1.35	0	0	3.2	0	0	0	0	1.9	0	0	0	0	0	0	0	0	1.9	1.9	3.8	0	0	1.9	0	1.9
E7.5	E75_Extraembryonic_mesoderm	Extraembryonic_mesoderm	1.63	-2	0	0	2	0	2	0	2.6	0	0	0	0	2	0	0	3	3	3	3.5	4.3	0	0	2	0	0
E7.5	E75_Extraembryonic_mesoderm	Extraembryonic_mesoderm	0.66	2.78	0	0	0	2.2	2.9	0	0	0	2.2	0	0	2.2	0	0	4.1	0	0	3.9	4.6	0	0	0	0	0
E7.5	E75_Extraembryonic_mesoderm	Extraembryonic_mesoderm	-0.86	-2.64	0	0	0	2.5	1.9	0	2.5	0	0	0	1.9	0	0	0	3.1	1.9	3.5	4.2	4.3	1.9	2.8	0	1.9	0
E7.5	E75_Extraembryonic_mesoderm	Extraembryonic_mesoderm	0.56	-2.64	0	0	0	2.1	2.1	0	0	0	0	0	0	0	0	0	2.1	0	3.1	3.4	4.3	0	0	0	0	0
E7.5	E75_Extraembryonic_mesoderm	Extraembryonic_mesoderm	-1.79	-4.18	0	0	0	0	0	0	0	2.2	2.2	0	0	0	0	0	4.4	2.2	4.1	3.7	4.7	3.2	0	2.2	0	0
E7.5	E75_Extraembryonic_mesoderm	Extraembryonic_mesoderm	1.66	-0.11	0	0	2.3	2.3	3.3	2.9	0	0	0	0	0	0	0	0	0	4.2	4.1	3.3	3.8	2.9	0	2.9	0	2.3
E7.5	E75_Extraembryonic_mesoderm	Extraembryonic_mesoderm	1.86	3.17	0	0	0	2.9	0	0	0	0	0	0	0	0	2.3	0	2.3	0	2.3	3.6	4.6	0	0	0	0	0
E7.5	E75_Extraembryonic_mesoderm	Extraembryonic_mesoderm	1.93	1.45	0	0	0	0	0	2.7	0	2.1	0	0	0	0	2.1	0	2.1	0	3.1	4	4.5	0	2.1	0	2.1	0
E7.5	E75_Extraembryonic_mesoderm	Extraembryonic_mesoderm	-3.63	-2.66	0	0	0	3	0	2.3	0	0	0	0	0	0	0	0	3.8	3	3	4.4	5.1	2.3	0	2.3	0	0
E7.5	E75_Extraembryonic_mesoderm	Extraembryonic_mesoderm	4.01	2.83	0	0	2.8	0	0	0	0	0	0	0	0	0	0	0	0	0	0	3.5	4.6	0	2.2	0	2.2	0
E7.5	E75_Extraembryonic_mesoderm	Extraembryonic_mesoderm	-1.14	3.06	0	0	0	0	0	0	0	0	0	0	2	2	0	0	2	0	0	3.3	4	0	2	2	0	0
E7.5	E75_Extraembryonic_mesoderm	Extraembryonic_mesoderm	0.08	4.74	0	0	0	0	0	0	0	0	0	0	0	0	0	0	0	0	0	3.9	4.5	0	0	0	0	0
E7.5	E75_Extraembryonic_mesoderm	Extraembryonic_mesoderm	0.04	4.51	0	0	0	2.5	0	0	0	0	0	0	2.5	1.9	1.9	0	2.9	1.9	1.9	3.7	4.5	1.9	2.5	1.9	0	0
E7.5	E75_Extraembryonic_mesoderm	Extraembryonic_mesoderm	2.56	0.97	0	0	3.2	0	2.5	0	2.5	0	0	0	2.5	1.9	0	0	0	0	2.9	4.2	4.8	0	0	0	2.9	0
E7.5	E75_Extraembryonic_mesoderm	Extraembryonic_mesoderm	2.6	1.88	0	0	0	0	0	0	0	0	0	0	0	2.5	0	0	0	0	0	3.8	3.8	0	0	0	3.2	0
E7.5	E75_Extraembryonic_mesoderm	Extraembryonic_mesoderm	1.32	1.97	0	0	3.4	0	1.7	0	1.7	0	0	0	0	0	0	0	0	2.3	0	3.4	4.4	0	0	0	0	1.7
E7.5	E75_Extraembryonic_mesoderm	Extraembryonic_mesoderm	-5.15	-2.36	0	0	0	0	0	0	0	0	0	0	0	0	0	0	2.8	2.4	4	1.8	4.1	2.8	1.8	0	1.8	0
E7.5	E75_Extraembryonic_mesoderm	Extraembryonic_mesoderm	0.79	3.3	0	0	0	3	0	0	0	0	0	0	0	0	0	0	0	0	0	4	3.3	0	0	0	0	0
E7.5	E75_Extraembryonic_mesoderm	Extraembryonic_mesoderm	2.49	4.92	0	2.3	3.3	0	0	2.3	2.3	2.3	0	0	2.9	0	0	2.3	0	0	2.9	3.6	4.4	0	0	2.3	0	0
E7.5	E75_Extraembryonic_mesoderm	Extraembryonic_mesoderm	1.25	-2.92	0	0	0	2	0	0	2	0	0	0	2	2	0	0	2.7	0	2	3.3	3.3	0	2	0	0	0
E7.5	E75_Extraembryonic_mesoderm	Extraembryonic_mesoderm	-1.14	-3.6	0	0	0	2	2	0	2	0	0	0	0	0	0	0	3.3	3.7	3.7	3.8	3.8	3	0	2	2	0
E7.5	E75_Extraembryonic_mesoderm	Extraembryonic_mesoderm	-4.02	-3.69	0	0	0	2.5	2.5	0	0	0	0	0	0	0	0	0	2.5	2.5	3.8	3.8	4.4	0	0	0	0	0
E7.5	E75_Extraembryonic_mesoderm	Extraembryonic_mesoderm	-2.27	-3.69	0	0	0	0	3.5	0	0	0	0	0	0	0	0	0	4.1	3.7	0	2.2	4.8	2.9	0	0	0	2.2
E7.5	E75_Extraembryonic_mesoderm	Extraembryonic_mesoderm	2.59	1.09	0	0	2.4	0	0	0	0	0	0	0	0	0	0	0	0	0	2.4	3.8	4.8	2.4	2.4	2.4	0	2.4
E7.5	E75_Extraembryonic_mesoderm	Extraembryonic_mesoderm	2.91	1.35	0	0	2	0	0	0	2.7	0	0	0	2	0	0	0	0	0	2	4.1	4.8	0	0	0	2	0
E7.5	E75_Extraembryonic_mesoderm	Extraembryonic_mesoderm	-0.98	-1.79	0	0	0	1.9	2.5	1.9	0	0	0	0	0	0	0	0	3.1	4.3	2.5	3.7	5.1	1.9	0	0	0	0
E7.5	E75_Extraembryonic_mesoderm	Extraembryonic_mesoderm	0.29	1.02	0	0	0	0	0	0	0	0	0	0	0	0	2.3	0	0	0	3.9	0	0	0	0	0	0	0
E7.5	E75_Extraembryonic_mesoderm	Extraembryonic_mesoderm	-4.62	-2.68	0	0	0	2.4	3	3	0	0	0	0	0	0	0	0	3	4.1	3	2.4	4.5	3.7	3	2.4	2.4	0
E7.5	E75_Extraembryonic_mesoderm	Extraembryonic_mesoderm	-0.12	-3.63	0	0	0	0	0	0	0	0	0	0	2.1	0	0	0	3.1	0	3.6	3.6	4	3.8	0	0	2.1	0
E7.5	E75_Extraembryonic_mesoderm	Extraembryonic_mesoderm	0.68	2.75	0	0	3.6	0	2.3	3.8	0	3.3	0	0	0	0	0	0	0	3	0	3.3	5.3	0	0	0	0	0
E7.5	E75_Extraembryonic_mesoderm	Extraembryonic_mesoderm	2.78	2.12	0	0	0	2.2	0	0	0	0	2.2	0	0	2.2	0	0	2.8	0	2.2	2.8	3.5	0	0	0	0	0
E7.5	E75_Extraembryonic_mesoderm	Extraembryonic_mesoderm	0.97	0.63	0	0	1.5	0	1.5	0	1.5	0	0	0	1.5	1.5	0	0	4	0	2.9	3.6	4.3	2.4	2.4	2.4	0	2.4
E7.5	E75_Extraembryonic_mesoderm	Extraembryonic_mesoderm	0.12	-4.51	0	0	0	2.2	2.2	0	1.6	1.6	1.6	0	0	0	0	0	3	2.8	2.8	3.7	4.4	3.4	2.8	2.2	0	2.6
E7.5	E75_Extraembryonic_mesoderm	Extraembryonic_mesoderm	-2.58	-3.06	0	0	0	0	0	0	3.4	0	0	0	2.3	0	0	0	3.6	3.4	3.4	3.9	4.5	3.4	0	0	2.3	3
E7.5	E75_Extraembryonic_mesoderm	Extraembryonic_mesoderm	-1.34	-0.77	0	0	0	0	3.7	3.9	0	0	0	0	0	0	0	0	3.4	3.4	3	2.4	4.9	2.4	0	0	0	2.4
E7.5	E75_Extraembryonic_mesoderm	Extraembryonic_mesoderm	2.94	2.17	0	0	0	0	3	0	0	2.4	0	0	0	2.4	0	0	2.4	0	1.8	3.4	4.3	0	3	0	0	0
E7.5	E75_Extraembryonic_mesoderm	Extraembryonic_mesoderm	0.47	1.1	0	2.3	2.7	0	2.3	3.4	0	0	0	0	0	1.7	0	0	0	0	1.7	3.5	4.3	1.7	0	1.7	0	0
E7.5	E75_Extraembryonic_mesoderm	Extraembryonic_mesoderm	2.59	0.19	0	0	0	0	0	0	1.8	0	1.8	0	0	2.4	0	0	2.4	0	1.8	3.2	3.4	0	2.4	0	0	0
E7.5	E75_Extraembryonic_mesoderm	Extraembryonic_mesoderm	1.6	1.64	0	0	0	2.2	2.2	0	0	0	0	0	0	2.8	0	0	0	0	0	3.5	4.3	0	0	0	2.8	0
E7.5	E75_Extraembryonic_mesoderm	Extraembryonic_mesoderm	-1.1	1.81	0	0	2.2	0	0	0	0	2.2	0	0	2.2	2.2	0	0	2.2	3.2	0	3.2	4.3	3.2	0	0	0	2.2
E7.5	E75_Extraembryonic_mesoderm	Extraembryonic_mesoderm	3.65	1.08	0	0	2.1	0	2.1	0	2.1	0	0	0	0	0	0	0	2.1	0	2.1	3.7	4.5	0	2.1	0	2.8	0
E7.5	E75_Extraembryonic_mesoderm	Extraembryonic_mesoderm	2.18	-0.12	0	0	0	0	1.8	1.8	2.7	1.8	1.8	0	0	0	0	0	2.7	3.4	2.4	2.4	3.7	2.7	0	0	0	1.8
E7.5	E75_Extraembryonic_mesoderm	Extraembryonic_mesoderm	-1.61	-4.23	0	0	2.3	0	3.3	2.3	0	0	0	0	0	2.3	0	0	4.5	4.1	4	2.3	5	0	2.3	0	0	2.3
E7.5	E75_Extraembryonic_mesoderm	Extraembryonic_mesoderm	0.02	1.99	0	0	0	0	3	0	2	0	0	0	2	0	0	0	0	2	0	3.7	4.2	2	0	0	0	2
E7.5	E75_Extraembryonic_mesoderm	Extraembryonic_mesoderm	-1.17	-1.37	0	0	0	0	2	0	0	2	0	0	0	0	0	0	3.7	3.3	2	3	4.9	3.5	0	2	0	2
E7.5	E75_Extraembryonic_mesoderm	Extraembryonic_mesoderm	1.24	0.17	0	0	0	1.9	0	0	2.5	0	0	0	1.9	0	0	0	2.5	2.9	2.5	3.4	4.9	2.5	0	0	1.9	2.5
E7.5	E75_Extraembryonic_mesoderm	Extraembryonic_mesoderm	2.97	4.31	0	0	0	2	2	2	0	0	0	0	2	0	0	0	0	0	2	3.4	5.2	0	0	0	2	0
E7.5	E75_Extraembryonic_mesoderm	Extraembryonic_mesoderm	-2.61	-4.05	0	0	0	0	2.4	3.5	0	0	0	0	2.4	0	0	0	4.3	3.8	2.4	3.1	4.9	0	0	2.4	0	0
E7.5	E75_Extraembryonic_mesoderm	Extraembryonic_mesoderm	-1.24	2.2	0	0	0	0	2.8	0	0	0	0	0	2.8	2.2	0	0	2.8	0	2.2	3.2	4	0	0	0	0	0
E7.5	E75_Extraembryonic_mesoderm	Extraembryonic_mesoderm	-1.03	-4.23	0	0	0	2.2	0	0	0	0	0	0	0	0	0	0	4.4	2.2	3.5	4	4	0	2.2	0	0	0
E7.5	E75_Extraembryonic_mesoderm	Extraembryonic_mesoderm	-5.34	-2.08	0	0	0	0	2.9	2.9	0	0	0	0	0	0	0	0	2.9	2.9	3.3	2.9	4.3	2.9	0	0	0	0
E7.5	E75_Extraembryonic_mesoderm	Extraembryonic_mesoderm	-1.88	-2.16	0	0	2.3	2.3	2.3	2.3	2.3	0	0	0	2.3	0	0	0	0	3.3	3.6	4.5	5.6	0	0	2.3	2.3	0
E7.5	E75_Extraembryonic_mesoderm	Extraembryonic_mesoderm	2.31	2.67	0	0	0	0	0	0	0	0	0	0	0	2.2	0	0	4	0	3.2	2.8	2.8	0	3.2	0	2.8	0
E7.5	E75_Extraembryonic_mesoderm	Extraembryonic_mesoderm	0.3	3.65	0	0	0	0	2.2	0	0	0	2.2	0	0	0	0	0	2.2	0	0	3.8	3.2	0	2.8	0	0	0
E7.5	E75_Extraembryonic_mesoderm	Extraembryonic_mesoderm	0.18	5.29	0	0	0	0	2.9	0	0	1.6	0	0	1.6	1.6	0	0	3.5	0	2.9	3.1	3.5	0	1.6	0	0	0
E7.5	E75_Extraembryonic_mesoderm	Extraembryonic_mesoderm	-3.07	-2.15	2.2	0	0	2.2	3.2	2.8	0	2.2	0	2.2	2.2	0	0	0	2.2	3.9	3.2	4.4	4.9	0	0	2.8	0	0
E7.5	E75_Extraembryonic_mesoderm	Extraembryonic_mesoderm	-2.13	-5.08	0	0	0	0	0	0	0	0	0	0	0	0	0	0	3.7	2.2	2.8	4	3.7	2.2	3.8	0	2.2	0
E7.5	E75_Extraembryonic_mesoderm	Extraembryonic_mesoderm	2.13	0.02	1.8	0	2.5	0	1.8	1.8	0	0	0	1.8	1.8	0	0	0	1.8	1.8	2.5	4	3.8	0	0	1.8	0	0
E7.5	E75_Extraembryonic_mesoderm	Extraembryonic_mesoderm	-0.52	-1.44	0	0	2	0	0	0	0	0	0	0	0	0	0	0	3.5	3	3	3.8	4.9	0	0	3.5	0	0
E7.5	E75_Extraembryonic_mesoderm	Extraembryonic_mesoderm	3.06	1.64	1.7	0	2.7	2.3	2.3	2.7	1.7	1.7	0	1.7	0	0	0	0	2.3	2.7	2.7	3.5	4.2	0	0	2.7	0	0
E7.5	E75_Extraembryonic_mesoderm	Extraembryonic_mesoderm	-2.58	-1.43	0	0	0	0	3.6	0	0	0	0	0	2.9	0	0	0	2.9	0	3.6	3.6	4.6	3.3	2.2	3.6	0	2.2
E7.5	E75_Extraembryonic_mesoderm	Extraembryonic_mesoderm	-5.38	-2.6	0	0	0	0	2.8	2.1	2.8	0	0	0	2.1	0	0	0	3.1	2.8	2.8	3.8	4	3.4	0	3.1	2.8	2.8
E7.5	E75_Extraembryonic_mesoderm	Extraembryonic_mesoderm	-0.68	-4.81	0	0	2.1	2.1	3.1	0	0	0	0	0	0	0	0	0	4.2	0	3.7	3.1	3.1	0	2.7	0	0	0
E7.5	E75_Extraembryonic_mesoderm	Extraembryonic_mesoderm	0.87	-3.1	0	0	0	0	0	2.1	0	0	0	0	0	2.1	0	0	2.7	3.1	2.7	4.1	4.6	2.1	2.1	2.1	0	2.1
E7.5	E75_Extraembryonic_mesoderm	Extraembryonic_mesoderm	-3.81	-1.98	0	0	0	0	0	0	0	0	0	0	0	0	0	0	4.1	3.2	4.3	2.5	4.8	2.9	1.9	1.9	0	0
E7.5	E75_Extraembryonic_mesoderm	Extraembryonic_mesoderm	2.82	1.71	0	0	0	0	0	0	2.2	0	0	0	0	2.2	0	0	0	0	2.2	2.8	4.4	0	2.2	0	2.8	0
E7.5	E75_Extraembryonic_mesoderm	Extraembryonic_mesoderm	0.25	-3.3	0	0	0	0	2.5	0	0	0	0	0	0	0	0	0	3.8	3.7	3.7	2.9	3.4	3.5	0	1.9	2.5	0
E7.5	E75_Extraembryonic_mesoderm	Extraembryonic_mesoderm	-1.81	-2.49	0	0	0	0	2	0	0	2	0	0	0	0	0	0	3.3	3.5	3.5	3	5.4	2	0	3	0	0
E7.5	E75_Extraembryonic_mesoderm	Extraembryonic_mesoderm	-0.01	0.92	0	2.3	3.3	0	2.9	3.3	0	0	0	0	2.3	0	0	0	0	0	2.3	3.8	4.8	2.3	0	2.3	0	0
E7.5	E75_Extraembryonic_mesoderm	Extraembryonic_mesoderm	-0.91	4.19	0	0	0	2.7	0	0	0	0	0	0	0	0	0	0	0	0	0	3.8	4	0	0	0	2.7	0
E7.5	E75_Extraembryonic_mesoderm	Extraembryonic_mesoderm	0.99	-1.27	0	0	2.4	2.4	2.8	1.8	2.4	0	0	0	0	0	0	0	0	2.4	2.8	3.1	4.4	0	0	1.8	1.8	0
E7.5	E75_Extraembryonic_mesoderm	Extraembryonic_mesoderm	-1.15	0.12	0	0	0	0	3.4	0	0	2.4	0	0	0	0	0	0	2.4	3.9	2.4	0	4.4	2.4	0	0	3	0
E7.5	E75_Extraembryonic_mesoderm	Extraembryonic_mesoderm	-0.56	2.73	0	0	2.2	0	2.8	0	0	0	0	0	0	0	0	0	0	2.2	0	2.2	4.5	2.2	0	0	0	0
E7.5	E75_Extraembryonic_mesoderm	Extraembryonic_mesoderm	-3.3	-4.01	0	2.2	2.2	2.2	0	2.2	0	2.2	0	0	0	0	0	0	4.4	3.9	2.9	4.1	5	0	2.9	2.2	2.2	2.2
E7.5	E75_Extraembryonic_mesoderm	Extraembryonic_mesoderm	1.5	2.5	0	0	0	0	0	0	0	0	0	0	0	0	0	0	0	0	3.1	3.6	4.2	0	0	0	0	0
E7.5	E75_Extraembryonic_mesoderm	Extraembryonic_mesoderm	-1.7	-3.81	0	0	0	0	2.7	0	2.1	0	0	0	2.1	0	0	0	3.8	2.7	2.7	3.8	5.2	3.1	0	2.1	0	0
E7.5	E75_Extraembryonic_mesoderm	Extraembryonic_mesoderm	-4.46	-2.03	0	0	0	2.7	0	0	0	0	2	0	0	0	0	0	4.3	0	4	3.5	5.1	0	0	0	0	0
E7.5	E75_Extraembryonic_mesoderm	Extraembryonic_mesoderm	-1.68	-4.73	0	0	0	2.1	2.8	2.1	0	0	0	0	0	0	0	0	2.8	3.1	2.8	3.4	4.6	2.1	3.4	2.1	0	3.1
E7.5	E75_Extraembryonic_mesoderm	Extraembryonic_mesoderm	0.87	4.33	2.2	0	2.2	0	2.2	2.9	0	2.2	0	2.2	0	0	0	0	0	0	0	4.2	3.9	2.2	0	2.2	0	0
E7.5	E75_Extraembryonic_mesoderm	Extraembryonic_mesoderm	-2.58	0.48	0	0	0	2.4	2.4	0	0	0	0	0	0	0	0	0	3.5	0	3.5	2.4	4.2	0	0	0	0	0
E7.5	E75_Extraembryonic_mesoderm	Extraembryonic_mesoderm	1.83	3.87	0	0	0	1.8	3.2	0	0	1.8	1.8	0	0	0	0	0	3.2	0	0	3	4.1	0	0	0	0	0
E7.5	E75_Extraembryonic_mesoderm	Extraembryonic_mesoderm	1.96	3.8	0	0	0	2.4	0	0	2.4	0	0	0	0	0	0	0	0	0	3	3.7	3.7	0	0	0	0	0
E7.5	E75_Extraembryonic_mesoderm	Extraembryonic_mesoderm	2.22	4.14	0	0	0	2.2	0	0	0	0	2.8	0	2.2	0	0	0	0	0	0	2.8	3.2	0	0	0	0	0
E7.5	E75_Extraembryonic_mesoderm	Extraembryonic_mesoderm	2.53	-0.01	0	0	0	0	0	2.2	2.8	0	2.2	0	0	0	0	0	0	2.2	3.2	4	3.8	2.2	2.2	0	0	0
E7.5	E75_Extraembryonic_mesoderm	Extraembryonic_mesoderm	-2.57	1.19	0	2.6	0	0	2.6	3.2	0	0	0	0	2.6	0	0	0	2.6	0	0	3.2	4.6	0	0	2.6	0	3.2
E7.5	E75_Extraembryonic_mesoderm	Extraembryonic_mesoderm	2.82	0.92	0	0	2.8	0	2.1	2.1	0	0	0	0	2.1	0	0	2.1	0	0	2.1	3.6	3.4	0	0	0	0	0
E7.5	E75_Extraembryonic_mesoderm	Extraembryonic_mesoderm	-0.71	3.3	0	0	0	0	0	0	0	0	2	0	2	0	0	0	3	0	3.5	4	4.9	0	0	2	0	0
E7.5	E75_Extraembryonic_mesoderm	Extraembryonic_mesoderm	2.61	3.02	0	0	3.3	0	2.3	3.3	0	0	0	0	0	2.3	0	0	0	3.3	0	2.9	3.8	0	0	2.3	0	0
E7.5	E75_Extraembryonic_mesoderm	Extraembryonic_mesoderm	4.44	1.29	0	0	3.3	0	2.3	2.9	0	2.3	0	0	0	0	0	0	0	2.3	0	3.8	4	2.3	0	0	0	0
E7.5	E75_Extraembryonic_mesoderm	Extraembryonic_mesoderm	0.59	-0.74	0	0	1.8	0	1.8	1.8	0	1.8	0	0	2.5	0	0	0	0	0	3.5	1.8	4.2	3.1	0	0	0	0
E7.5	E75_Extraembryonic_mesoderm	Extraembryonic_mesoderm	2.08	4.89	0	0	3.4	2.1	2.1	3.4	2.1	0	0	0	0	0	0	0	0	0	0	3.6	3.1	0	2.1	0	0	0
E7.5	E75_Extraembryonic_mesoderm	Extraembryonic_mesoderm	-1.76	-3.49	0	0	0	2	3	0	2	0	0	0	0	0	2	0	2.6	3.5	3.7	3.7	4.2	2	2.6	2.6	0	3
E7.5	E75_Extraembryonic_mesoderm	Extraembryonic_mesoderm	-0.8	4.18	0	0	0	0	0	0	0	0	0	0	0	2.4	0	0	2.4	0	2.4	3.7	4.6	0	0	0	2.4	0
E7.5	E75_Extraembryonic_mesoderm	Extraembryonic_mesoderm	-1.36	-3.22	0	0	0	2.1	2.1	0	2.7	0	0	0	0	2.7	0	0	4.3	3.4	0	3.4	4.4	0	0	0	2.7	0
E7.5	E75_Extraembryonic_mesoderm	Extraembryonic_mesoderm	-5.04	-1.97	0	0	2.1	0	0	0	0	0	0	0	0	0	0	0	3.6	3.6	3.1	3.1	5	3.1	2.7	0	3.1	0
E7.5	E75_Extraembryonic_mesoderm	Extraembryonic_mesoderm	-4.28	-3.3	0	0	0	2.4	2.8	0	0	0	0	0	0	0	0	0	3.9	3.1	3.8	3.3	4.8	3.5	1.2	2.6	1.2	0
E7.5	E75_Extraembryonic_mesoderm	Extraembryonic_mesoderm	-1.27	0.95	0	0	1.4	2.3	0	2	2.6	0	0	0	0	0	0	0	3.5	2.8	2.6	3.3	4.6	1.4	0	1.4	2	0
E7.5	E75_Extraembryonic_mesoderm	Extraembryonic_mesoderm	-3.01	0.53	0	0	0	2.2	0	0	0	0	0	0	0	2.2	0	0	0	0	2.8	4	4	0	0	0	2.2	0
E7.5	E75_Extraembryonic_mesoderm	Extraembryonic_mesoderm	-2.97	-2.4	0	0	0	0	0	2.5	0	0	0	0	0	0	0	0	2.5	3.6	0	3.2	4.5	2.5	0	2.5	0	0
E7.5	E75_Extraembryonic_mesoderm	Extraembryonic_mesoderm	2.89	1.13	0	0	0	0	0	1.4	2	1.4	0	0	0	0	0	0	2.3	2.3	2.6	3.2	4.2	2.3	0	2	2	0
E7.5	E75_Extraembryonic_mesoderm	Extraembryonic_mesoderm	2.36	-1.63	0	0	0	0	1.7	2.3	1.7	0	0	0	0	0	0	0	3.3	1.7	3.6	3.4	4.6	3.1	1.7	2.3	1.7	1.7
E7.5	E75_Extraembryonic_mesoderm	Extraembryonic_mesoderm	-0.6	0.87	0	0	3.2	0	2.4	3.2	1.7	0	0	0	0	1.7	0	0	0	2.7	0	4.1	4.4	2.4	0	2.4	1.7	1.7
E7.5	E75_Extraembryonic_mesoderm	Extraembryonic_mesoderm	0.34	-2.51	0	0	0	1.6	1.6	0	2.2	2.5	0	0	0	0	0	0	2.5	3.3	2.8	3.5	3.5	2.8	1.6	1.6	0	2.2
E7.5	E75_Extraembryonic_mesoderm	Extraembryonic_mesoderm	-4.84	-1.88	0	0	0	0	1.7	0	1.7	0	0	0	0	0	0	0	3.2	3.2	3.4	0	4.5	3.5	0	2.3	0	0
E7.5	E75_Extraembryonic_mesoderm	Extraembryonic_mesoderm	-1.89	0.01	1.5	0	2.1	0	2.1	3.1	1.5	1.5	0	1.5	1.5	0	0	0	3.1	3.2	3.2	4	4.8	0	0	0	2.1	1.5
E7.5	E75_Extraembryonic_mesoderm	Extraembryonic_mesoderm	-3.91	-2.01	0	0	0	1.7	1.7	1.7	0	0	0	0	0	0	0	0	4.7	3.4	2.3	3.2	4.9	0	3	0	1.7	1.7
E7.5	E75_Extraembryonic_mesoderm	Extraembryonic_mesoderm	-4	-2.98	0	0	0	0	2.4	0	0	0	0	0	2.4	0	0	0	3.8	1.8	3.6	3.2	5.2	2.4	1.8	1.8	0	1.8
E7.5	E75_Extraembryonic_mesoderm	Extraembryonic_mesoderm	-0.88	-2.95	0	0	0	0	2.3	0	0	0	0	0	0	2.7	0	0	3.9	1.7	3	4.3	4.8	0	3	0	1.7	1.7
E7.5	E75_Extraembryonic_mesoderm	Extraembryonic_mesoderm	3.75	2.87	1.6	0	2.2	0	2.2	2.5	0	0	0	1.6	0	0	0	0	0	0	2.2	3.2	4.5	1.6	0	1.6	0	1.6
E7.5	E75_Extraembryonic_mesoderm	Extraembryonic_mesoderm	-0.59	-4.4	0	0	0	1.8	0	1.8	0	0	0	0	0	0	0	0	3	3.4	3.3	2.8	4.3	2.4	0	3.4	0	1.8
E7.5	E75_Extraembryonic_mesoderm	Extraembryonic_mesoderm	3.94	2.21	0	0	0	0	0	3.4	2.1	0	0	0	0	0	0	2.1	0	0	0	3.8	4.1	0	0	0	2.1	0
E7.5	E75_Extraembryonic_mesoderm	Extraembryonic_mesoderm	-1.62	-1.34	0	1.7	0	1.7	2.9	3.1	1.7	0	0	0	0	1.7	0	0	3.5	2.3	2.7	3.6	5	2.3	1.7	2.3	2.7	1.7
E7.5	E75_Extraembryonic_mesoderm	Extraembryonic_mesoderm	2.9	4.42	0	0	3.3	0	1.9	0	1.9	0	0	0	0	2.5	1.9	0	0	0	0	3.9	4	0	0	0	0	1.9
E7.5	E75_Extraembryonic_mesoderm	Extraembryonic_mesoderm	0.46	-3.61	0	0	0	0	2.5	0	2.9	0	0	0	1.9	0	0	0	2.9	2.9	2.9	3.2	3.4	0	0	2.9	1.9	1.9
E7.5	E75_Extraembryonic_mesoderm	Extraembryonic_mesoderm	-2.83	-4.23	0	0	0	3.2	2.5	0	0	0	0	0	0	2.5	0	0	3.8	3.6	3.8	3.6	2.5	0	3.2	2.5	0	2.5
E7.5	E75_Extraembryonic_mesoderm	Extraembryonic_mesoderm	3.95	1.04	0	0	2.8	0	0	1.8	0	0	0	0	0	1.8	0	0	0	0	0	4.2	4.7	0	0	0	2.4	0
E7.5	E75_Extraembryonic_mesoderm	Extraembryonic_mesoderm	-1.15	2.29	0	0	0	0	2	0	0	1.4	1.4	0	0	2	0	0	3.6	0	2.4	3.3	3.5	0	2	0	1.4	0
E7.5	E75_Extraembryonic_mesoderm	Extraembryonic_mesoderm	0.17	3.03	0	0	0	1.7	0	0	0	0	0	0	0	1.7	0	0	0	0	1.7	2.6	3.9	1.7	2.6	0	0	0
E7.5	E75_Extraembryonic_mesoderm	Extraembryonic_mesoderm	-0.59	0.92	0	0	1.5	1.5	0	1.5	2.7	1.5	0	0	0	0	0	0	3.8	3.7	2.1	3.4	4.7	2.1	1.5	2.5	0	1.5
E7.5	E75_Extraembryonic_mesoderm	Extraembryonic_mesoderm	2	3.47	0	0	3.3	0	2.3	2.3	0	0	0	0	0	0	0	0	0	0	0	0	3.8	0	0	2.3	0	2.3
E7.5	E75_Extraembryonic_mesoderm	Extraembryonic_mesoderm	-1.56	2.93	0	0	0	0	0	0	0	0	0	0	0	1.9	0	0	1.9	0	0	3.1	3.8	0	1.9	0	0	0
E7.5	E75_Extraembryonic_mesoderm	Extraembryonic_mesoderm	-0.3	4.47	0	0	0	0	0	0	0	0	0	0	0	0	2.1	0	0	0	0	2.7	4.6	0	0	0	0	0
E7.5	E75_Extraembryonic_mesoderm	Extraembryonic_mesoderm	0.46	4.39	0	0	0	2.6	1.9	0	0	0	0	0	1.9	0	1.9	0	0	0	0	1.9	2.9	0	0	0	0	0
E7.5	E75_Extraembryonic_mesoderm	Extraembryonic_mesoderm	0.01	3.39	0	0	2.5	2.5	0	3.1	0	1.9	1.9	0	0	0	0	0	0	2.9	0	3.5	4.7	0	0	0	0	0
E7.5	E75_Extraembryonic_mesoderm	Extraembryonic_mesoderm	-1.69	1.44	1.8	0	0	2.5	2.5	3.1	0	0	2.5	1.8	1.8	1.8	0	0	1.8	3.5	2.5	3.5	5.2	0	0	2.5	0	0
E7.5	E75_Extraembryonic_mesoderm	Extraembryonic_mesoderm	-0.47	-2.4	0	0	0	0	2.8	1.8	0	0	0	0	0	0	0	0	3.7	2.8	3.3	3.5	4.3	2.4	2.4	1.8	1.8	2.4
E7.5	E75_Extraembryonic_mesoderm	Extraembryonic_mesoderm	-4.47	-2.91	0	0	0	1.6	1.6	0	2.6	1.6	0	0	0	0	0	0	3.4	3.2	3.4	4.2	4.6	2.2	1.6	2.6	2.2	0
E7.5	E75_Extraembryonic_mesoderm	Extraembryonic_mesoderm	-2.43	-4.62	1.8	0	0	2.8	2.5	0	1.8	0	0	1.8	0	0	0	0	3.1	3.6	3.5	3.8	5	3.1	0	1.8	2.5	2.8
E7.5	E75_Extraembryonic_mesoderm	Extraembryonic_mesoderm	1.61	-2.86	0	0	0	2	0	0	0	2.6	0	0	0	2	0	0	2	0	2	3.5	3.5	2	2.6	2	0	0
E7.5	E75_Extraembryonic_mesoderm	Extraembryonic_mesoderm	-1.46	-5.2	0	0	0	0	2.2	0	0	0	1.6	0	0	0	0	0	4.7	3.9	2.8	3.3	4.3	1.6	2.2	2.2	0	1.6
E7.5	E75_Extraembryonic_mesoderm	Extraembryonic_mesoderm	-2.55	-2.11	0	0	0	0	2.1	3.4	0	0	0	0	0	0	0	0	2.7	2.7	3.4	4.3	3.9	2.7	2.1	2.7	2.7	2.1
E7.5	E75_Extraembryonic_mesoderm	Extraembryonic_mesoderm	4.05	0.88	1.7	0	2.7	0	2.3	2.3	1.7	0	0	1.7	0	0	0	0	0	2.7	2.3	4.1	4.4	1.7	0	3	1.7	1.7
E7.5	E75_Extraembryonic_mesoderm	Extraembryonic_mesoderm	-1.94	-4.35	0	0	0	0	0	0	0	0	0	0	0	0	0	0	2.9	4.2	2.9	0	4.4	3.5	3.9	0	0	2.9
E7.75	E775_Allantois	Allantois	0.92	4.21	0	0	0	3.1	2.5	3.1	0	0	0	0	0	0	0	0	0	2.5	0	3.5	4.9	0	2.5	0	0	0
E7.75	E775_Extraembryonic_mesoderm	Extraembryonic_mesoderm	-1.21	-5.1	0	0	0	1.9	1.9	0	0	0	0	0	0	0	0	0	3.3	0	4.1	2.9	5.1	2.5	1.9	1.9	0	0
E7.75	E775_Extraembryonic_mesoderm	Extraembryonic_mesoderm	-0.78	-3.42	0	0	0	0	2.4	0	0	0	0	0	2.4	0	0	0	0	3.1	2.4	3.5	4.7	0	0	0	0	0
E7.75	E775_Extraembryonic_mesoderm	Extraembryonic_mesoderm	-4.17	-1.88	0	0	0	0	0	0	0	0	2.3	0	0	2.3	0	0	2.3	4	3.6	0	4.8	3.3	0	3	0	2.3
E7.75	E775_Extraembryonic_mesoderm	Extraembryonic_mesoderm	-1.26	-3.05	0	0	0	0	3	2	0	0	0	0	0	0	0	0	4.6	3	2.6	3.9	5.4	3	0	2.6	0	0
E7.75	E775_Extraembryonic_mesoderm	Extraembryonic_mesoderm	1.48	-1.04	0	0	3.1	0	0	2.1	2.1	0	0	0	0	0	0	0	0	3.1	0	4.1	2.7	0	0	0	2.7	0
E7.75	E775_Allantois	Allantois	2.01	1.99	0	0	3.5	0	0	2.2	0	0	0	0	0	0	0	0	0	0	2.2	2.8	3.8	0	0	0	0	0
E7.75	E775_Allantois	Allantois	-0.84	3.8	0	0	2.5	3.2	2.5	3.8	2.5	2.5	0	0	3.2	2.5	0	0	0	0	2.5	3.8	3.8	0	0	2.5	0	0
E7.75	E775_Allantois	Allantois	0.36	2.67	2.6	0	4.6	0	0	3.2	2.6	0	0	2.6	2.6	0	0	0	0	0	2.6	0	3.9	0	0	0	0	0
E7.75	E775_Extraembryonic_mesoderm	Extraembryonic_mesoderm	1.2	-1.32	0	0	3.4	0	0	4.3	0	0	0	0	2.7	0	0	0	2.7	2.7	0	3.4	4	0	0	0	0	0
E7.75	E775_Extraembryonic_mesoderm	Extraembryonic_mesoderm	0.17	-1.3	0	0	0	2.2	0	0	0	0	0	0	0	2.2	2.2	0	2.2	3.2	3.2	3.2	5.3	2.2	2.2	2.2	2.8	0
E7.75	E775_Extraembryonic_mesoderm	Extraembryonic_mesoderm	0.51	-2.09	0	0	0	0	0	2.3	0	0	0	0	0	0	0	0	3.3	3.3	3.6	3.8	4.5	0	2.3	3	3	0
E7.75	E775_Extraembryonic_mesoderm	Extraembryonic_mesoderm	-1.75	-4.5	0	0	1.9	1.9	2.9	0	2.5	0	1.9	0	1.9	1.9	1.9	0	4	4.3	3.7	3.4	4.9	3.7	1.9	2.5	0	1.9
E7.75	E775_Extraembryonic_mesoderm	Extraembryonic_mesoderm	-4.86	-2.48	0	0	0	0	2.3	3	0	0	0	0	2.3	0	0	0	4.7	3.4	3.9	2.3	5	0	2.3	2.3	3	0
E7.75	E775_Allantois	Allantois	0.25	0.39	0	0	0	3.4	3.4	2.7	3.4	0	0	0	0	0	0	0	0	0	0	3.4	5	0	2.7	0	0	0
E7.75	E775_Extraembryonic_mesoderm	Extraembryonic_mesoderm	-1.41	-2.17	0	2	0	0	2	3	0	2	0	0	0	0	0	0	2	2.6	3.3	3.5	5.2	2	0	2.6	0	3
E7.75	E775_Extraembryonic_mesoderm	Extraembryonic_mesoderm	1.15	2.38	0	0	3.3	0	0	0	2.7	0	0	0	0	1.7	0	0	0	0	0	3.8	5.1	0	0	1.7	0	0
E7.75	E775_Allantois	Allantois	0.44	4.15	2.9	0	2.2	3.3	2.2	2.2	0	2.2	0	2.9	0	0	2.2	0	0	3.3	2.9	4.2	2.9	2.2	0	0	2.2	0
E7.75	E775_Extraembryonic_mesoderm	Extraembryonic_mesoderm	-5.31	-2.38	0	0	0	0	0	2.3	0	0	0	0	0	0	2.3	0	0	2.3	3.7	2.3	3.9	3.9	2.3	0	0	0
E7.75	E775_Extraembryonic_mesoderm	Extraembryonic_mesoderm	3.68	2.78	0	0	3.2	0	1.6	0	2.2	0	0	0	1.6	0	0	0	0	0	2.2	3.6	4	1.6	0	0	0	0
E7.75	E775_Extraembryonic_mesoderm	Extraembryonic_mesoderm	-3.24	-1.73	0	0	2.8	2.8	2.8	2.8	0	0	0	0	0	0	0	0	0	2.8	0	3.5	5	0	2.8	0	2.8	0
E7.75	E775_Extraembryonic_mesoderm	Extraembryonic_mesoderm	-1.92	-5.09	0	0	2	3.5	2	2.6	0	2	2	0	0	0	0	0	3	3.9	3.9	0	5.5	0	2.6	0	2.6	0
E7.75	E775_Extraembryonic_mesoderm	Extraembryonic_mesoderm	-2.96	-3.93	0	2.1	0	0	2.1	2.8	0	0	0	0	0	0	0	0	3.4	4	3.8	2.1	4.7	2.1	0	2.1	2.1	0
E7.75	E775_Extraembryonic_mesoderm	Extraembryonic_mesoderm	-1.21	-2.47	0	0	0	0	3.2	0	2.9	0	0	0	0	0	0	0	3.7	3.5	0	3.5	3.9	2.2	0	0	0	2.9
E7.75	E775_Extraembryonic_mesoderm	Extraembryonic_mesoderm	-1.85	-2.55	0	0	0	0	0	0	0	2.2	0	0	0	0	0	0	3.2	3.2	2.8	3.5	4.9	0	2.8	2.2	0	0
E7.75	E775_Extraembryonic_mesoderm	Extraembryonic_mesoderm	-5.08	-1.89	0	0	1.8	1.8	1.8	1.8	0	1.8	0	0	0	0	0	0	3.7	3.3	4	2.4	3.6	2.8	0	1.8	2.8	0
E7.75	E775_Extraembryonic_mesoderm	Extraembryonic_mesoderm	-0.18	-1.17	0	0	0	0	0	0	2.4	0	0	0	3	0	0	0	3.4	2.4	0	3.4	4.3	3	0	2.4	0	0
E7.75	E775_Extraembryonic_mesoderm	Extraembryonic_mesoderm	-0.12	-0.07	0	0	0	0	0	2.2	0	0	0	0	2.2	2.2	0	0	3.3	2.9	3.3	3.5	5	0	0	0	2.2	0
E7.75	E775_Extraembryonic_mesoderm	Extraembryonic_mesoderm	1.41	-3.81	0	0	0	0	0	0	0	0	0	0	0	0	0	0	2.2	0	2.8	2.8	4.2	2.2	0	2.8	0	0
E7.75	E775_Extraembryonic_mesoderm	Extraembryonic_mesoderm	-0.91	1.58	0	0	0	0	3.1	3.1	0	0	0	0	2.1	0	0	0	3.6	3.9	0	2.7	4.8	0	0	2.1	2.1	0
E7.75	E775_Extraembryonic_mesoderm	Extraembryonic_mesoderm	-2.23	-3.53	2	0	0	0	2.7	0	0	0	0	2	0	0	0	0	3.9	2	3.3	3.5	4.7	0	3.3	2.7	0	2.7
E7.75	E775_Extraembryonic_mesoderm	Extraembryonic_mesoderm	-3.87	-4.01	0	0	0	2.8	0	2.2	0	2.2	0	0	0	0	0	0	4.5	3.7	2.2	3.5	5.5	2.8	2.8	2.8	0	3.2
E7.75	E775_Extraembryonic_mesoderm	Extraembryonic_mesoderm	1.61	1.22	0	0	2.6	1.4	2.8	1.4	0	0	0	0	0	1.4	0	0	1.4	1.9	3.3	3.3	4.7	0	0	1.9	1.9	0
E7.75	E775_Extraembryonic_mesoderm	Extraembryonic_mesoderm	-4.7	-2.96	0	2.1	0	0	2.1	2.1	0	0	0	0	0	0	0	0	4.2	3.1	4.1	4.1	5	3.4	2.1	2.1	0	0
E7.75	E775_Extraembryonic_mesoderm	Extraembryonic_mesoderm	-5.5	-2.72	0	0	0	0	0	2.7	0	0	0	0	0	0	0	0	3.3	3.7	4	0	3.7	0	0	3.3	2.7	0
E7.75	E775_Extraembryonic_mesoderm	Extraembryonic_mesoderm	1.63	2.2	1.9	1.9	3.4	0	1.9	0	1.9	2.5	0	1.9	1.9	0	0	0	0	0	2.5	3.7	4.5	0	0	0	0	0
E7.75	E775_Extraembryonic_mesoderm	Extraembryonic_mesoderm	-0.73	3.6	0	2.2	3.2	0	0	3.2	2.2	0	0	0	0	0	0	0	0	2.2	3.2	2.8	5.3	0	0	0	0	0
E7.75	E775_Extraembryonic_mesoderm	Extraembryonic_mesoderm	-0.3	-5.26	0	2.2	0	0	0	2.2	2.2	2.2	0	0	0	0	0	0	3.5	3.5	3.5	2.8	5.1	2.8	2.2	0	0	0
E7.75	E775_Allantois	Allantois	1.22	3.31	2.3	3	2.3	3	0	3	0	0	3	2.3	0	0	0	0	0	0	0	2.3	4.5	0	0	0	0	0
E7.75	E775_Extraembryonic_mesoderm	Extraembryonic_mesoderm	3.72	1.08	0	0	2.9	1.9	1.9	0	0	2.5	0	0	1.9	0	0	0	0	1.9	1.9	1.9	3.2	0	0	1.9	0	0
E7.75	E775_Allantois	Allantois	-2.26	0.62	0	0	2.5	3.2	0	2.5	0	0	0	0	0	0	0	0	0	3.2	2.5	2.5	4.9	0	0	0	0	0
E7.75	E775_Extraembryonic_mesoderm	Extraembryonic_mesoderm	-0.41	4.41	0	0	2.4	0	0	0	0	0	0	0	0	0	0	0	0	0	3	4.1	4.8	0	0	0	0	0
E7.75	E775_Extraembryonic_mesoderm	Extraembryonic_mesoderm	2.86	-0.06	0	0	0	0	2.7	0	0	0	0	0	0	2	0	0	0	2	3.1	3.1	4.6	3.1	0	2	2	2.7
E7.75	E775_Extraembryonic_mesoderm	Extraembryonic_mesoderm	2.55	3.16	0	0	3.1	0	0	0	2.1	0	0	0	0	0	0	0	0	2.1	0	3.6	4.1	0	0	0	0	0
E7.75	E775_Allantois	Allantois	-0.3	4.27	0	0	3	0	2.6	2.6	2	0	2	0	0	0	0	0	0	3	0	2	3.5	0	0	0	0	0
E7.75	E775_Extraembryonic_mesoderm	Extraembryonic_mesoderm	0.3	0.09	0	0	0	0	2.5	3.2	3.2	0	0	0	0	2.5	0	0	2.5	0	3.2	3.8	4.4	2.5	0	0	0	0
E7.75	E775_Extraembryonic_mesoderm	Extraembryonic_mesoderm	1.5	1.04	0	0	2.8	0	0	1.8	2.4	2.4	0	0	1.8	1.8	0	0	1.8	1.8	0	1.8	4.3	1.8	0	1.8	1.8	1.8
E7.75	E775_Allantois	Allantois	-3.62	-0.65	0	0	2.4	3	0	3	0	0	0	0	2.4	2.4	0	0	0	0	0	3	4.8	0	0	0	2.4	0
E7.75	E775_Extraembryonic_mesoderm	Extraembryonic_mesoderm	-1.2	0.79	2	2	0	0	2	2	2.6	0	0	2	0	0	0	0	3.6	3.2	2	2.6	4.6	0	0	2	0	0
E7.75	E775_Extraembryonic_mesoderm	Extraembryonic_mesoderm	-3.1	-1.03	0	0	2.9	0	0	0	2.9	0	0	0	0	0	0	0	0	3.6	2.9	0	5.2	2.9	2.9	0	2.9	0
E7.75	E775_Extraembryonic_mesoderm	Extraembryonic_mesoderm	0.27	-0.85	0	0	0	0	0	0	2.8	2.8	0	0	0	0	0	0	0	2.8	0	0	3.5	2.8	0	0	2.8	0
E7.75	E775_Extraembryonic_mesoderm	Extraembryonic_mesoderm	-0.91	-1.17	0	0	2.3	0	0	0	2.3	2.3	0	0	2.3	0	0	0	3.6	0	2.9	3.8	4.8	3.3	0	0	2.3	2.3
E7.75	E775_Extraembryonic_mesoderm	Extraembryonic_mesoderm	1.03	0.24	2.5	2.5	3.3	2.5	2.5	3.3	2.5	1.9	0	2.5	2.5	0	0	0	0	0	0	2.8	4.3	0	0	0	0	0
E7.75	E775_Extraembryonic_mesoderm	Extraembryonic_mesoderm	-2.35	-0.42	0	2	3	0	2	0	0	0	2	0	0	0	0	0	2	4.4	3	3	5	2	0	0	2.7	2
E7.75	E775_Extraembryonic_mesoderm	Extraembryonic_mesoderm	-0.92	0.72	2.1	0	0	0	2.1	2.1	0	0	0	2.1	0	0	0	0	2.1	3.4	3.4	2.7	4.8	0	0	2.1	0	0
E7.75	E775_Extraembryonic_mesoderm	Extraembryonic_mesoderm	1.5	2.92	0	0	0	0	1.9	0	0	0	0	0	0	0	0	0	0	1.9	1.9	3.1	5.2	3.4	0	2.5	1.9	0
E7.75	E775_Extraembryonic_mesoderm	Extraembryonic_mesoderm	0.86	-3.25	0	0	0	2.9	0	0	0	0	0	0	0	0	0	0	3.6	0	0	2.9	3.6	0	2.9	2.9	0	0
E7.75	E775_Extraembryonic_mesoderm	Extraembryonic_mesoderm	-1.56	-5.09	0	0	0	2.1	2.1	0	2.1	0	0	0	0	0	0	0	3.1	3.8	3.1	3.6	5.3	2.1	3.1	2.1	2.7	0
E7.75	E775_Extraembryonic_mesoderm	Extraembryonic_mesoderm	-1.8	-1.99	0	2.4	3.7	0	3	3.7	0	0	0	0	0	2.4	0	0	0	2.4	2.4	3.9	5	0	0	0	0	0
E7.75	E775_Extraembryonic_mesoderm	Extraembryonic_mesoderm	3.49	-0.01	0	0	2.7	0	0	0	0	2.1	0	0	2.1	0	0	0	0	0	0	2.1	3.6	0	0	0	0	0
E7.75	E775_Allantois	Allantois	-0.37	5	2.2	0	2.2	2.2	2.9	2.9	2.2	0	0	2.2	0	0	0	0	0	0	0	2.2	4.7	2.9	0	2.2	0	0
E7.75	E775_Extraembryonic_mesoderm	Extraembryonic_mesoderm	-2.58	-4.78	0	0	0	0	0	2.1	0	0	0	0	0	0	0	0	4.1	4.1	3.1	2.7	4.7	0	2.1	2.1	2.7	3.4
E7.75	E775_Extraembryonic_mesoderm	Extraembryonic_mesoderm	-3.55	-2.49	0	2.4	0	2.4	0	3	0	0	0	0	0	0	0	0	3.9	3.7	3.4	0	4.5	3.4	2.4	2.4	3	2.4
E7.75	E775_Extraembryonic_mesoderm	Extraembryonic_mesoderm	3.03	-0.2	2.2	0	0	0	2.9	2.9	0	2.2	0	2.2	0	0	0	0	0	0	0	3.8	3.5	0	2.2	0	3.3	0
E7.75	E775_Allantois	Allantois	0.84	2.85	2.3	0	3.6	0	0	3	0	0	0	2.3	0	2.3	0	0	0	0	0	2.3	3.9	0	0	0	0	0
E7.75	E775_Extraembryonic_mesoderm	Extraembryonic_mesoderm	-4.89	-2.93	0	0	0	0	0	0	0	0	0	0	0	0	0	0	0	0	4.2	0	3.9	3.5	0	0	0	0
E7.75	E775_Allantois	Allantois	-2.53	-0.58	0	0	2.8	2.8	2.8	3.5	0	2.8	0	0	0	0	0	0	0	3.5	2.8	2.8	5	0	0	0	2.8	0
E7.75	E775_Extraembryonic_mesoderm	Extraembryonic_mesoderm	-1.5	-2.28	0	0	0	0	0	0	0	0	0	0	0	0	0	0	0	2.9	2.9	3.6	4.8	0	0	0	0	0
E7.75	E775_Extraembryonic_mesoderm	Extraembryonic_mesoderm	-3.16	-3.34	0	0	0	3.3	0	2.7	0	2.7	0	0	0	0	0	0	3.7	2.7	0	3.3	5.6	2.7	0	0	0	0
E7.75	E775_Extraembryonic_mesoderm	Extraembryonic_mesoderm	3.28	-0.24	0	0	2.2	0	0	0	2.2	0	0	0	0	0	0	0	2.2	2.8	0	2.8	3.9	0	0	0	3.2	0
E7.75	E775_Extraembryonic_mesoderm	Extraembryonic_mesoderm	-0.3	-0.22	0	0	0	3.3	3.3	0	0	0	0	0	0	0	0	0	0	0	2.6	4	4	0	0	0	3.3	2.6
E7.75	E775_Extraembryonic_mesoderm	Extraembryonic_mesoderm	1.13	-1.49	0	0	0	2.2	2.2	2.8	0	2.8	2.2	0	0	2.2	0	0	2.8	0	0	3.5	4.3	0	0	2.2	0	0
E7.75	E775_Extraembryonic_mesoderm	Extraembryonic_mesoderm	-4.29	-3.5	0	0	0	0	0	1.9	0	0	0	0	1.9	1.9	0	0	4.5	4.2	3.2	3.6	4.8	3.4	1.9	0	2.5	4
E7.75	E775_Extraembryonic_mesoderm	Extraembryonic_mesoderm	3.41	1.95	0	0	3.2	2	0	0	0	0	0	0	0	2.6	0	0	0	0	2	3	4.8	0	0	2	0	0
E7.75	E775_Extraembryonic_mesoderm	Extraembryonic_mesoderm	1.65	1.29	1.6	0	3.5	0	2.1	2.1	0	1.6	0	1.6	0	0	0	0	0	0	0	3.6	3.3	0	0	1.6	0	1.6
E7.75	E775_Extraembryonic_mesoderm	Extraembryonic_mesoderm	-3.4	-1.84	0	0	0	2.3	2.3	0	0	0	0	0	0	2.3	0	0	3.4	3.4	0	2.3	4.8	0	0	3	0	0
E7.75	E775_Extraembryonic_mesoderm	Extraembryonic_mesoderm	1.02	-0.5	0	2.1	2.1	0	0	0	2.1	2.1	0	0	0	2.7	0	0	0	2.1	2.7	2.7	4.4	0	0	2.7	0	0
E7.75	E775_Extraembryonic_mesoderm	Extraembryonic_mesoderm	3.58	0.2	0	0	0	0	0	0	0	0	0	0	2.2	0	0	0	0	2.2	0	3.5	3.5	0	0	0	0	0
E7.75	E775_Allantois	Allantois	1.77	3.23	3	3	3.3	0	2.3	2.3	2.3	2.3	0	3	0	3	2.3	0	0	0	2.3	2.3	3.8	0	0	0	3.3	2.3
E7.75	E775_Extraembryonic_mesoderm	Extraembryonic_mesoderm	2.22	-2.92	0	0	2.4	0	0	1.8	1.8	0	0	0	0	0	0	0	0	0	2.8	3.1	3.6	0	0	1.8	0	1.8
E7.75	E775_Extraembryonic_mesoderm	Extraembryonic_mesoderm	1.72	3.06	0	0	3.3	0	2.7	0	0	0	0	0	0	0	0	0	0	0	0	3.7	4.7	0	0	0	0	0
E7.75	E775_Extraembryonic_mesoderm	Extraembryonic_mesoderm	-0.29	-3.52	0	0	2.5	0	0	1.9	2.5	0	0	0	0	1.9	1.9	0	2.8	1.9	2.8	4	3.1	0	1.9	2.5	1.9	1.9
E7.75	E775_Extraembryonic_mesoderm	Extraembryonic_mesoderm	-1.96	0.09	0	0	2.6	2.2	2.6	2.2	1.6	0	0	0	0	0	0	0	3.4	3.8	2.9	3.4	4.6	0	0	1.6	2.2	2.2
E7.75	E775_Extraembryonic_mesoderm	Extraembryonic_mesoderm	-1	-3.01	0	0	0	0	0	3	3	0	0	0	0	0	0	0	3.7	3	3	4.6	4.6	0	0	0	3	0
E7.75	E775_Extraembryonic_mesoderm	Extraembryonic_mesoderm	3.25	0.92	0	0	2.9	0	0	3.4	1.9	0	0	0	0	0	0	0	0	0	2.5	2.9	4.5	0	0	2.9	1.9	0
E7.75	E775_Extraembryonic_mesoderm	Extraembryonic_mesoderm	2.8	-1.56	0	2.3	2.3	2.3	2.9	2.3	2.3	0	0	0	2.3	0	0	0	0	0	0	4.5	0	0	0	2.3	2.3	0
E7.75	E775_Extraembryonic_mesoderm	Extraembryonic_mesoderm	-1.91	2.95	3.7	0	2.4	2.4	3.7	3	2.4	0	0	3.7	0	0	0	0	2.4	3.4	3.7	4.3	4.8	0	0	0	0	0
E7.75	E775_Extraembryonic_mesoderm	Extraembryonic_mesoderm	-0.93	-3.29	0	0	2.6	2.6	0	2.6	2.6	0	0	0	0	0	0	0	2.6	3.9	3.6	3.9	3.9	3.2	2.6	0	0	0
E7.75	E775_Extraembryonic_mesoderm	Extraembryonic_mesoderm	-2.2	-5.04	0	0	3	2.3	3.7	0	0	0	0	0	0	0	0	0	2.3	3.9	3	3	5	0	2.3	3	0	0
E7.75	E775_Extraembryonic_mesoderm	Extraembryonic_mesoderm	-2.93	-3.34	0	2.3	0	0	2.3	3	2.3	0	0	0	0	2.3	0	0	3	3	3	3.8	4.7	3.8	0	0	0	3
E7.75	E775_Allantois	Allantois	-1.2	4.14	0	0	3.2	0	2.5	3.8	2.5	3.2	0	0	2.5	0	0	0	0	3.6	2.5	3.2	4.2	0	0	0	0	0
E7.75	E775_Allantois	Allantois	2.49	3.22	2	2	3.3	2.6	2.6	2.6	0	0	0	2	2	0	0	0	0	0	0	3.5	3.5	0	0	0	0	0
E7.75	E775_Extraembryonic_mesoderm	Extraembryonic_mesoderm	-5.34	-2.94	0	0	3.2	0	0	0	0	0	0	0	0	0	0	0	2.8	3.2	2.8	3.7	5	0	0	0	2.8	0
E7.75	E775_Extraembryonic_mesoderm	Extraembryonic_mesoderm	-1.27	-4.47	0	0	0	2	3	0	2	2	0	0	0	0	0	0	4.5	3.7	2.6	3.3	3.8	2	2.6	0	2	0
E7.75	E775_Extraembryonic_mesoderm	Extraembryonic_mesoderm	2.87	4.43	0	2.1	3.1	0	2.1	2.1	0	0	0	0	2.1	0	0	0	0	0	3.1	3.4	3.6	0	0	2.1	0	0
E7.75	E775_Extraembryonic_mesoderm	Extraembryonic_mesoderm	0.32	-4.85	0	0	0	2.5	2.8	0	1.8	0	0	0	1.8	0	0	0	3.9	3.8	0	4.1	4.3	1.8	0	2.5	2.5	0
E7.75	E775_Extraembryonic_mesoderm	Extraembryonic_mesoderm	0.43	1.81	0	0	3.2	2.8	0	3.2	0	0	0	0	0	0	0	0	0	2.8	2.1	3.8	4.6	0	0	0	0	0
E7.75	E775_Extraembryonic_mesoderm	Extraembryonic_mesoderm	-2.3	-2.49	0	0	0	0	0	0	2.7	0	0	0	0	0	0	0	2.7	3.8	3.1	3.1	4.1	2.1	0	2.7	2.7	0
E7.75	E775_Allantois	Allantois	2.07	2.52	2.7	0	3.1	0	2.1	3.6	0	0	0	2.7	0	0	0	0	0	0	2.1	3.1	4	0	0	0	2.1	0
E7.75	E775_Extraembryonic_mesoderm	Extraembryonic_mesoderm	-2.81	-4.79	0	0	0	2.6	0	0	0	0	0	0	0	0	0	0	0	3.9	3.6	4.1	3.9	3.2	0	0	3.6	0
E7.75	E775_Extraembryonic_mesoderm	Extraembryonic_mesoderm	-1.41	0.38	0	0	3.5	0	0	2.2	0	0	0	0	0	0	0	0	2.2	3.7	3.2	4.2	4.3	2.2	0	0	2.2	0
E7.75	E775_Allantois	Allantois	-1.42	2.04	0	0	2.9	0	2.3	3.3	2.9	3.3	2.9	0	2.3	0	0	0	0	3.3	0	4.2	4.5	0	0	2.3	0	0
E7.75	E775_Extraembryonic_mesoderm	Extraembryonic_mesoderm	1.01	-1.52	0	0	2	0	2	2	0	0	0	0	2	0	0	0	2	2	0	0	4	0	2	3.3	2	0
E7.75	E775_Allantois	Allantois	1.92	1.13	3	0	3	0	0	3	0	0	0	3	0	0	0	0	0	0	0	0	0	0	0	0	0	0
E7.75	E775_Extraembryonic_mesoderm	Extraembryonic_mesoderm	3.01	3.64	2	0	3	2	0	2	2	0	0	2	0	0	0	0	0	0	2	2.6	4.6	0	0	2	2	0
E7.75	E775_Extraembryonic_mesoderm	Extraembryonic_mesoderm	1.05	0.9	2.2	2.8	0	3.2	2.2	3.5	2.8	0	0	2.2	0	2.2	2.8	0	2.2	3.2	0	2.8	3.8	0	0	2.2	0	0
E7.75	E775_Extraembryonic_mesoderm	Extraembryonic_mesoderm	0.91	1.39	0	0	0	0	2.5	2.5	0	0	0	0	2.5	0	0	0	0	3.2	0	3.8	4	0	0	0	2.5	0
E7.75	E775_Extraembryonic_mesoderm	Extraembryonic_mesoderm	1.53	-2.15	0	0	2.3	0	0	0	0	0	0	0	2.3	0	0	0	0	2.3	0	3.6	3.8	0	0	0	0	0
E7.75	E775_Extraembryonic_mesoderm	Extraembryonic_mesoderm	4.08	0.34	0	0	3.5	0	0	2	0	0	0	0	2	0	0	0	0	3	2.7	2.7	4.7	0	0	0	2.7	2
E7.75	E775_Allantois	Allantois	1.45	4.55	0	0	3.6	0	0	0	0	0	0	0	0	0	0	0	0	0	0	4.6	4.9	0	0	0	0	0
E7.75	E775_Extraembryonic_mesoderm	Extraembryonic_mesoderm	1.55	-0.36	0	0	3.2	0	0	0	2.5	0	0	0	0	0	0	0	0	3.2	3.2	4.1	4.1	0	0	0	0	0
E7.75	E775_Extraembryonic_mesoderm	Extraembryonic_mesoderm	1.05	3.37	2	0	2.7	0	0	3.5	2	0	0	2	0	0	0	0	2.7	2	2	0	4.7	0	0	0	3	0
E7.75	E775_Extraembryonic_mesoderm	Extraembryonic_mesoderm	-5.46	-2.53	0	0	0	0	0	3	0	0	0	0	0	0	0	0	0	4.6	0	3	4.1	0	0	0	0	0
E7.75	E775_Allantois	Allantois	2.65	4.01	0	0	2.3	2.3	2.3	2.3	2.3	0	0	0	0	0	0	0	0	2.3	2.3	0	4	0	0	0	0	0
E7.75	E775_Extraembryonic_mesoderm	Extraembryonic_mesoderm	0.83	3.93	0	1.3	2.7	1.9	1.9	2.7	2.3	0	1.3	0	0	0	0	0	0	0	2.5	2.9	4.6	0	0	0	0	0
E7.75	E775_Allantois	Allantois	-0.97	2.49	0	0	2.9	2.3	0	2.9	0	2.3	0	0	2.3	0	0	0	0	0	0	2.3	3.8	0	0	0	0	0
E7.75	E775_Allantois	Allantois	1.55	3.93	0	0	3.7	3	0	2.4	0	0	0	0	0	0	0	0	0	0	0	2.4	4.1	0	0	0	0	0
E7.75	E775_Extraembryonic_mesoderm	Extraembryonic_mesoderm	-3.04	-4.16	0	0	0	2	0	0	0	0	0	0	0	2	0	0	4	4.7	3.9	3	5.2	2	2.6	0	2	0
E7.75	E775_Allantois	Allantois	-2.9	-0.29	0	2.4	3.4	0	2.4	3.4	0	0	3	0	0	2.4	0	0	0	3	3	3.4	5.4	0	0	0	0	0
E7.75	E775_Extraembryonic_mesoderm	Extraembryonic_mesoderm	3.95	2.06	0	0	3.6	0	2.3	2.9	0	0	0	0	0	0	0	0	0	0	0	2.9	4.9	0	0	0	2.3	0
E7.75	E775_Extraembryonic_mesoderm	Extraembryonic_mesoderm	0.58	-4.06	0	0	0	0	1.8	2.4	1.8	1.8	0	0	0	0	0	0	0	2.7	2.4	3.2	3.8	0	0	0	1.8	0
E7.75	E775_Extraembryonic_mesoderm	Extraembryonic_mesoderm	1.32	0.83	1.7	0	1.7	1.7	0	2.9	0	2.3	0	1.7	0	1.7	0	0	0	2.9	0	2.3	0	1.7	0	0	1.7	0
E7.75	E775_Extraembryonic_mesoderm	Extraembryonic_mesoderm	3.03	1.87	0	0	2.2	0	2.8	2.2	0	0	0	0	0	0	0	0	0	0	0	2.2	3.7	0	0	0	2.2	0
E7.75	E775_Extraembryonic_mesoderm	Extraembryonic_mesoderm	4.19	1.42	2.3	0	2.9	0	0	2.3	2.9	0	0	2.3	0	0	0	0	0	0	0	3.6	4	0	0	0	2.3	0
E7.75	E775_Extraembryonic_mesoderm	Extraembryonic_mesoderm	-0.32	0.58	0	2.8	2.8	2.1	2.8	2.8	0	2.1	0	0	0	0	0	0	2.8	4.1	2.1	3.1	4.1	0	0	2.1	0	0
E7.75	E775_Extraembryonic_mesoderm	Extraembryonic_mesoderm	-0.69	0.14	0	0	0	0	0	0	0	0	0	0	0	0	0	0	2.6	3.2	0	4.1	3.9	0	0	0	0	0
E7.75	E775_Extraembryonic_mesoderm	Extraembryonic_mesoderm	-3.03	-2.58	0	2.7	0	0	0	0	0	0	0	0	0	0	0	0	3.4	3.8	0	3.8	4.6	0	0	0	0	0
E7.75	E775_Extraembryonic_mesoderm	Extraembryonic_mesoderm	1.24	5.18	0	0	0	0	0	0	0	0	0	0	0	0	0	0	0	0	2.9	2.9	3.7	0	0	0	0	0
E7.75	E775_Allantois	Allantois	4.27	0.86	0	0	2.7	0	0	3.6	0	0	0	0	0	0	0	0	0	2.1	0	2.7	3.8	0	0	0	0	0
E7.75	E775_Extraembryonic_mesoderm	Extraembryonic_mesoderm	-2.38	-4.01	0	0	0	1.9	2.5	2.5	1.9	0	0	0	0	0	0	0	3.8	3.9	2.9	3.7	4.4	0	2.9	2.5	0	2.9
E7.75	E775_Allantois	Allantois	0.4	0.9	1.7	0	3.4	0	2.6	3.6	0	0	0	1.7	1.7	0	0	0	0	0	0	3.7	3.9	0	0	1.7	0	0
E7.75	E775_Allantois	Allantois	2.68	3.8	0	1.9	3.5	1.9	2.9	0	0	1.9	2.5	0	1.9	1.9	1.9	0	0	0	0	2.5	3.1	0	0	0	0	0
E7.75	E775_Extraembryonic_mesoderm	Extraembryonic_mesoderm	-0.01	-2.94	0	1.5	2.5	0	2.1	2.8	1.5	0	0	0	1.5	0	0	0	0	3	3.4	3.1	4.3	1.5	1.5	1.5	1.5	0
E7.75	E775_Extraembryonic_mesoderm	Extraembryonic_mesoderm	2.48	-1.61	0	0	2.6	0	0	0	0	0	0	0	2	0	0	0	0	3.3	0	3	3	0	0	2.6	0	0
E7.75	E775_Extraembryonic_mesoderm	Extraembryonic_mesoderm	-3.44	-2.55	0	0	2.1	3.1	0	2.1	2.1	2.1	0	0	0	0	2.1	0	0	3.1	0	0	5.3	0	0	2.1	2.7	0
E7.75	E775_Extraembryonic_mesoderm	Extraembryonic_mesoderm	-2.51	-2.84	1.8	1.8	2.4	0	2.4	2.4	1.8	0	0	1.8	0	0	0	0	1.8	3.1	3.1	1.8	4.8	0	1.8	0	0	0
E7.75	E775_Extraembryonic_mesoderm	Extraembryonic_mesoderm	-1.37	-1.9	0	0	1.7	2.6	2.6	3.1	2.3	1.7	1.7	0	2.3	2.6	0	0	3.9	3.1	2.9	3.4	4.7	1.7	1.7	2.6	1.7	0
E7.75	E775_Extraembryonic_mesoderm	Extraembryonic_mesoderm	-0.22	-2.97	0	0	3.9	0	0	0	0	0	0	0	0	0	0	0	0	3.9	2.9	2.9	3.9	0	0	0	0	0
E7.75	E775_Extraembryonic_mesoderm	Extraembryonic_mesoderm	-1.56	0.06	0	0	3	2.8	2.8	3.2	1.6	2.8	0	0	1.6	1.6	2.2	0	0	2.8	2.2	3.4	5.1	0	0	1.6	0	0
E7.75	E775_Allantois	Allantois	-1.38	0.04	0	0	4.3	2.9	3.3	3.3	0	2.3	0	0	2.3	2.3	2.3	0	0	0	0	2.3	2.9	0	0	0	0	0
E7.75	E775_Allantois	Allantois	-0.19	2.97	2.2	0	4.2	3.2	3.2	2.2	0	0	0	2.2	2.8	2.8	0	0	0	3.2	0	3.2	2.8	0	0	0	0	0
E7.75	E775_Extraembryonic_mesoderm	Extraembryonic_mesoderm	-3.13	-0.14	0	1.8	3.6	2.4	2.8	3.1	2.4	1.8	0	0	0	3.6	0	0	0	1.8	2.4	3.6	4.3	0	0	0	2.4	0
E7.75	E775_Allantois	Allantois	-1.33	2.87	0	0	3.5	4	3.2	0	2.2	0	0	0	2.2	2.2	0	0	0	2.2	0	2.8	4.3	0	0	0	0	0
E7.75	E775_Allantois	Allantois	-0.71	4.77	0	0	3	4.4	2.4	2.4	3	0	2.4	0	0	2.4	2.4	0	0	0	0	0	3.4	0	0	0	0	0
E7.75	E775_Extraembryonic_mesoderm	Extraembryonic_mesoderm	-0.19	-2.03	0	0	3	0	2	0	2	2	0	0	0	0	2	0	2.6	3	2	4.2	3.5	0	0	2	2.6	0
E7.75	E775_Allantois	Allantois	2.32	3.06	0	0	2.7	3.8	3.8	3.4	0	3.4	0	0	0	0	0	0	0	0	0	0	3.4	0	0	0	0	0
E7.75	E775_Allantois	Allantois	1.86	2.93	0	0	3.4	3.1	3.1	2.4	3.1	2.4	0	0	2.4	2.4	0	0	0	0	0	0	3.1	0	0	0	0	0
E7.75	E775_Extraembryonic_mesoderm	Extraembryonic_mesoderm	-1.2	-3.81	0	0	3.5	2	2.6	2.6	2	0	0	0	0	0	0	0	2	3.3	0	2	4.3	0	0	0	0	0
E7.75	E775_Extraembryonic_mesoderm	Extraembryonic_mesoderm	0.13	-1.36	0	2.3	3.1	1.7	0	3.5	2.7	1.7	0	0	1.7	0	0	0	0	4	0	2.3	1.7	0	0	0	2.3	0
E7.75	E775_Extraembryonic_mesoderm	Extraembryonic_mesoderm	-1.46	-3.7	0	2	3	2	3.3	4.2	2	0	0	0	2	0	0	0	0	4.1	2.7	2.7	3.5	2	2	2	2	2
E7.75	E775_Allantois	Allantois	0.96	0.28	1.8	1.8	3.2	2.4	2.8	0	1.8	0	2.4	1.8	0	1.8	0	1.8	0	2.4	0	3	3.2	0	0	0	0	0
E7.75	E775_Extraembryonic_mesoderm	Extraembryonic_mesoderm	-1.27	-1.47	2	2	2	2	2	3.3	0	2	0	2	2	2.6	0	0	3.3	3.5	2.6	2	5	2	2	3	0	0
E7.75	E775_Allantois	Allantois	1.31	1.98	2.8	2.4	3.4	0	0	3.1	2.8	2.4	2.4	2.8	0	2.4	1.8	0	0	0	3.1	1.8	4.4	0	0	1.8	0	0
E7.75	E775_Allantois	Allantois	0.94	2	3	0	3	2.4	0	2.4	0	3.4	2.4	3	0	0	0	2.4	0	0	0	2.4	4.1	0	0	0	0	0
E7.75	E775_Allantois	Allantois	3.6	1.62	0	2.4	3.3	1.8	3.6	3.7	1.8	0	1.8	0	2.8	1.8	0	0	0	2.4	0	3.1	4.6	0	0	1.8	0	0
E7.75	E775_Extraembryonic_mesoderm	Extraembryonic_mesoderm	-4.85	-1.61	0	1.9	3.2	2.6	2.6	0	0	2.9	0	0	0	0	0	0	0	2.6	2.6	0	4.6	0	0	0	0	0
E7.75	E775_Allantois	Allantois	0.54	5.01	0	0	3.6	3.5	2	3.5	2	0	0	0	2.6	0	2	0	0	0	2	3.8	4.5	0	0	0	0	0
E7.75	E775_Extraembryonic_mesoderm	Extraembryonic_mesoderm	-0.12	-1.65	1.8	1.8	2.7	1.8	3	2.7	1.8	1.8	0	1.8	0	0	0	0	0	3.8	1.8	3.4	3.6	0	0	0	1.8	0
E7.75	E775_Allantois	Allantois	-1.38	3.69	0	2.3	4.1	3.3	3.8	2.3	2.3	0	2.3	0	2.3	3.3	0	2.3	0	0	0	0	4	0	0	0	0	0
E7.75	E775_Extraembryonic_mesoderm	Extraembryonic_mesoderm	-1.83	-1.6	0	0	3	0	3	2.6	0	2	2	0	2.6	2	0	0	0	3	3.2	2.6	4.2	0	0	0	0	2
E7.75	E775_Allantois	Allantois	2.62	0.16	2.2	0	3.5	0	2.8	0	2.2	2.8	0	2.2	0	0	0	0	0	0	0	2.8	3.2	0	0	0	0	0
E7.75	E775_Extraembryonic_mesoderm	Extraembryonic_mesoderm	-5.08	-3.29	0	2.2	0	2.9	2.2	3.3	0	0	0	0	0	2.2	0	0	0	2.2	3.3	0	4.5	2.2	0	0	0	0
E7.75	E775_Extraembryonic_mesoderm	Extraembryonic_mesoderm	-0.49	-2.66	0	0	3.1	0	2.3	0	2.3	1.7	0	0	1.7	0	0	0	1.7	3.9	2.6	2.3	3.7	3.1	1.7	1.7	1.7	0
E7.75	E775_Allantois	Allantois	-0.92	0.56	2.1	0	2.1	3.1	3.7	2.7	0	3.4	0	2.1	2.1	2.1	0	0	0	0	0	0	3.6	0	0	0	0	0
E7.75	E775_Extraembryonic_mesoderm	Extraembryonic_mesoderm	-0.46	-1.9	0	0	0	0	2.5	1.9	0	0	0	0	0	0	0	0	3.7	2.5	2.5	3.2	4.1	2.9	0	2.5	0	0
E7.75	E775_Allantois	Allantois	3.28	3.48	0	1.9	3.5	0	2.9	1.9	3.1	1.9	1.9	0	0	1.9	0	3.5	0	0	0	1.9	4.7	0	0	0	0	0
E7.75	E775_Extraembryonic_mesoderm	Extraembryonic_mesoderm	-1.8	-1.74	0	2	3.3	0	3	2.6	0	0	2	0	2	2	0	0	0	2	2.6	2	4.2	2	0	0	0	0
E7.75	E775_Allantois	Allantois	-0.3	2.36	2.3	1.7	3.8	0	2.3	3.8	0	2.3	0	2.3	2.3	0	2.3	1.7	0	2.3	0	1.7	4.5	0	0	0	0	0
E7.75	E775_Extraembryonic_mesoderm	Extraembryonic_mesoderm	-3.59	-1.54	0	0	3.9	3.5	2.8	2.8	2.8	2.8	0	0	2.8	2.8	0	0	0	3.5	0	0	3.9	0	0	0	2.8	0
E7.75	E775_Extraembryonic_mesoderm	Extraembryonic_mesoderm	-0.52	-2.05	0	0	0	1.8	0	0	1.8	1.8	0	0	0	0	0	0	0	3.5	2.8	3.6	4.3	1.8	0	1.8	0	0
E7.75	E775_Extraembryonic_mesoderm	Extraembryonic_mesoderm	-4.35	-2.06	2.4	0	0	0	0	3	0	2.4	0	2.4	3	0	0	0	3.4	3	3	2.4	4.9	0	0	0	2.4	0
E7.75	E775_Allantois	Allantois	-0.4	1.22	0	2.6	4.2	2.6	3	3	0	3.3	0	0	0	0	0	0	0	2.6	0	2	3.8	0	0	0	0	0
E7.75	E775_Allantois	Allantois	0.54	1	2.4	0	1.8	1.8	2.7	3.7	2.7	1.8	0	2.4	2.4	1.8	0	1.8	0	0	0	2.4	4	1.8	0	0	0	0
E7.75	E775_Extraembryonic_mesoderm	Extraembryonic_mesoderm	-3.47	-3.89	0	0	2	2	2.6	0	0	0	0	0	0	0	0	0	3.7	4.1	2	3.3	4.9	0	2.6	0	2	2.6
E7.75	E775_Allantois	Allantois	0.67	1.02	1.7	0	3.1	0	3.4	2.2	2.2	1.7	0	1.7	0	2.2	0	0	0	0	1.7	2.2	4.2	0	1.7	1.7	1.7	0
E7.75	E775_Extraembryonic_mesoderm	Extraembryonic_mesoderm	-1.37	-1.33	0	0	2.9	0	2.5	2.5	0	0	0	0	0	0	0	0	0	3.4	2.5	3.6	4.9	1.9	0	0	3.2	0
E7.75	E775_Allantois	Allantois	-0.56	2.84	1.9	2.6	2.9	3.4	2.9	2.6	0	0	1.9	1.9	1.9	0	0	0	0	0	1.9	1.9	3.2	0	0	0	0	0
E7.75	E775_Allantois	Allantois	0.55	0.04	0	2.5	3.7	3.4	1.9	2.5	0	2.5	1.9	0	0	0	0	0	0	0	0	1.9	4.2	0	0	0	0	0
E7.75	E775_Extraembryonic_mesoderm	Extraembryonic_mesoderm	-0.93	-2.13	0	1.7	1.7	0	2.9	1.7	2.7	1.7	0	0	0	0	1.7	0	3.8	2.7	2.3	3.2	4.6	0	2.3	2.7	0	0
E7.75	E775_Extraembryonic_mesoderm	Extraembryonic_mesoderm	-1.03	-2.13	0	0	2.4	0	2.4	0	1.8	2.4	0	0	1.8	0	0	0	3.6	3.3	3	3.3	4.3	3	0	1.8	0	3
E7.75	E775_Extraembryonic_mesoderm	Extraembryonic_mesoderm	-0.38	-2.91	0	0	2.8	0	1.8	3.5	0	1.8	0	0	0	0	0	0	0	2.4	2.4	3.1	2.4	2.8	0	0	1.8	1.8
E7.75	E775_Extraembryonic_mesoderm	Extraembryonic_mesoderm	-2.16	-1.6	2.1	0	0	2.1	3.1	3.4	0	0	0	2.1	2.1	0	0	0	2.7	3.4	2.1	2.7	4.6	0	0	0	3.1	0
E7.75	E775_Extraembryonic_mesoderm	Extraembryonic_mesoderm	-1.53	-0.97	0	2	3.5	0	2	2.6	0	2	0	0	0	2.6	0	0	0	0	2.6	3	5.3	2	0	2	0	0
E7.75	E775_Extraembryonic_mesoderm	Extraembryonic_mesoderm	1.65	1.19	0	0	2.7	0	3	0	1.8	0	0	0	0	0	0	0	0	0	2.7	1.8	4.1	1.8	0	0	2.4	0
E7.75	E775_Allantois	Allantois	4.23	1.3	2.3	0	4	0	0	2.9	0	0	0	2.3	2.3	0	0	0	0	0	0	0	4.6	0	0	0	0	0
E7.75	E775_Extraembryonic_mesoderm	Extraembryonic_mesoderm	-0.99	-0.4	2.1	2.4	2.7	2.1	3.1	3.1	2.1	1.5	0	2.1	0	0	0	0	0	3.2	0	2.4	4.3	1.5	0	0	0	0
E7.75	E775_Allantois	Allantois	0.57	-0.49	2.8	3.5	0	2.2	2.2	2.2	0	0	2.2	2.8	0	0	0	0	0	0	0	0	2.8	0	0	0	0	0
E7.75	E775_Allantois	Allantois	1.04	1.41	0	2.2	4	3	2.6	0	0	2.2	0	0	1.6	2.8	0	1.6	0	0	0	1.6	3.5	0	0	0	0	0
E7.75	E775_Allantois	Allantois	1.24	3.06	0	0	2.6	3.3	3.3	3.9	0	0	0	0	0	0	0	0	0	0	0	0	4.6	0	0	0	0	0
E7.75	E775_Extraembryonic_mesoderm	Extraembryonic_mesoderm	-2.79	-1.39	3	0	0	2	3.5	3	0	0	2	3	2.7	2.7	0	0	0	3.7	2	3.5	4.5	0	0	2	2	0
E7.75	E775_Allantois	Allantois	-1.21	-1.04	2	2.6	4.1	2.6	2.6	2.6	2	2	0	2	2.6	2.6	0	0	0	2	2	2	4	0	0	2	0	0
E7.75	E775_Extraembryonic_mesoderm	Extraembryonic_mesoderm	1.2	-4.11	0	0	2.6	1.4	2.8	2.3	1.4	0	2	0	0	2	0	0	0	1.4	2.6	1.4	3.9	2	1.4	1.4	1.4	0
E7.75	E775_Allantois	Allantois	1.4	0.19	2.1	0	2.7	3.1	2.1	2.7	2.1	2.1	0	2.1	0	0	0	0	0	0	0	0	3.1	0	0	0	0	0
E7.75	E775_Allantois	Allantois	-0.63	5.04	0	2.2	4.3	4	2.8	0	3.2	0	2.2	0	2.2	0	2.8	0	0	0	0	2.2	2.8	0	0	0	0	0
E7.75	E775_Allantois	Allantois	0.96	-0.24	0	0	2.6	3.2	0	0	0	0	0	0	0	0	0	0	0	0	0	0	0	0	0	0	0	0
E7.75	E775_Allantois	Allantois	3.41	2.91	0	2.9	4.4	1.9	2.6	2.9	1.9	1.9	0	0	2.9	0	0	1.9	0	0	0	2.9	4.1	0	0	0	0	0
E7.75	E775_Extraembryonic_mesoderm	Extraembryonic_mesoderm	-2.19	-2.64	0	0	2.1	0	2.7	2.1	0	0	0	0	0	2.1	2.1	0	2.7	3.9	3.3	3.1	5.3	2.1	0	2.1	0	2.1
E7.75	E775_Extraembryonic_mesoderm	Extraembryonic_mesoderm	0.48	-0.77	1.7	1.7	2.9	2.6	2.6	1.7	2.6	2.6	0	1.7	2.2	0	0	0	1.7	2.2	2.6	2.6	2.9	0	0	2.2	0	0
E7.75	E775_Extraembryonic_mesoderm	Extraembryonic_mesoderm	-5.62	-2.32	0	0	0	0	2.2	0	0	0	0	0	0	0	0	0	3.8	3.3	2.9	0	5.1	3.9	0	2.2	2.2	2.2
E7.75	E775_Allantois	Allantois	-1.83	-1.18	2	1.5	2	2.4	2.7	2.7	1.5	1.5	1.5	2	1.5	2.7	1.5	0	1.5	2.4	2.7	3.5	4.3	0	0	1.5	2.4	1.5
E7.75	E775_Extraembryonic_mesoderm	Extraembryonic_mesoderm	-2.83	-2.9	0	0	3.4	2.7	3.1	0	2.1	2.1	0	0	0	0	0	0	2.1	3.1	2.7	2.7	4.4	0	2.1	0	2.1	0
E7.75	E775_Allantois	Allantois	0.31	3.46	1.8	0	4.1	3.6	2.8	3.1	1.8	2.8	2.8	1.8	2.8	2.4	1.8	0	0	0	0	2.4	4.1	0	0	0	0	0
E7.75	E775_Allantois	Allantois	0.33	1.93	0	0	3.6	0	2.3	2.9	0	0	2.3	0	0	0	0	2.9	0	0	2.3	2.3	3.8	0	0	0	0	0
E7.75	E775_Extraembryonic_mesoderm	Extraembryonic_mesoderm	-2.48	-3.31	0	2.5	1.9	1.9	1.9	3.9	0	2.5	0	0	1.9	0	0	0	3.9	4	2.5	3.5	4.5	2.5	0	3.3	1.9	1.9
E7.75	E775_Extraembryonic_mesoderm	Extraembryonic_mesoderm	-2.02	1.99	0	0	3.9	2.4	3.3	1.8	2.8	2.4	0	0	2.4	2.4	0	0	1.8	1.8	1.8	2.8	2.4	0	0	0	0	0
E7.75	E775_Extraembryonic_mesoderm	Extraembryonic_mesoderm	-0.99	0.6	0	0	3.8	3.3	2.9	0	0	3.3	0	0	0	0	0	2.3	0	2.9	2.9	3.8	3.3	0	0	2.3	0	0
E7.75	E775_Allantois	Allantois	3.59	0.77	0	0	3.4	2.1	2.1	2.8	2.8	2.1	0	0	2.8	0	0	0	0	0	0	0	3.7	0	0	0	0	0
E7.75	E775_Extraembryonic_mesoderm	Extraembryonic_mesoderm	-3.47	-3.55	0	2.9	3.6	2.5	2.5	3.2	0	0	0	0	0	0	0	0	1.9	3.6	2.9	1.9	4.9	0	0	1.9	1.9	2.5
E7.75	E775_Allantois	Allantois	-0.57	2.08	2.1	0	2.7	2.7	4.1	2.1	2.1	2.1	0	2.1	0	0	0	0	0	3.1	0	2.7	3.8	0	0	2.1	0	0
E7.75	E775_Extraembryonic_mesoderm	Extraembryonic_mesoderm	-2.37	-1.31	0	0	3.1	2.7	2	3.3	2	0	0	0	0	0	0	0	0	2.7	3.1	3.3	4.9	0	0	0	0	0
E7.75	E775_Extraembryonic_mesoderm	Extraembryonic_mesoderm	-0.36	3.04	0	1.7	3.1	1.7	1.7	1.7	0	0	1.7	0	2.6	0	1.7	0	0	2.3	2.6	2.9	4	0	0	0	0	0
E7.75	E775_Extraembryonic_mesoderm	Extraembryonic_mesoderm	1.81	-3.14	0	0	0	0	0	0	0	2.2	0	0	0	0	0	0	0	3.5	0	0	2.2	0	0	2.8	0	0
E7.75	E775_Extraembryonic_mesoderm	Extraembryonic_mesoderm	-2.71	-4.56	0	2.6	1.9	1.9	0	3.6	0	1.9	0	0	0	0	0	0	0	3.9	1.9	4.2	4.2	0	0	1.9	1.9	2.9
E7.75	E775_Extraembryonic_mesoderm	Extraembryonic_mesoderm	-4.82	-3.3	0	2.1	0	0	0	2.7	0	0	0	0	0	0	0	0	4.3	4.2	0	3.4	4.8	0	0	2.7	2.1	2.1
E7.75	E775_Allantois	Allantois	1.84	0.94	0	0	4.2	0	2.6	2	0	2.6	0	0	0	0	0	0	0	3	0	2.6	3.3	0	0	2	0	0
E7.75	E775_Allantois	Allantois	-1.67	2.66	0	0	3.8	3.5	4	2.2	2.2	3.5	3.2	0	2.2	0	0	0	0	2.2	0	0	4.4	0	0	0	0	0
E7.75	E775_Extraembryonic_mesoderm	Extraembryonic_mesoderm	-2.12	-3.18	2.6	0	2	2.6	3	3.2	0	2	0	2.6	0	2	0	0	0	2.6	2	3	4.5	0	0	2	0	0
E7.75	E775_Allantois	Allantois	0	4.63	0	0	3.3	2.9	3.5	3.1	3.4	0	0	0	2.2	1.6	0	0	0	0	0	3.4	3.7	0	0	0	0	0
E7.75	E775_Allantois	Allantois	3.2	4.12	0	1.9	3.9	2.9	3.7	2.9	2.9	0	0	0	1.9	1.9	1.9	0	0	0	0	2.5	4.3	0	0	1.9	0	0
E7.75	E775_Allantois	Allantois	0.56	3.52	0	2.3	3.6	3.3	3.8	2.9	2.3	3.6	2.3	0	2.9	0	2.3	0	0	2.3	0	2.3	4.3	0	0	0	0	0
E7.75	E775_Allantois	Allantois	3.26	0.98	0	2	2.6	0	0	3	2	0	2	0	2	2	0	0	0	0	0	2	3.5	0	0	0	2	0
E7.75	E775_Extraembryonic_mesoderm	Extraembryonic_mesoderm	-5.54	-2.73	0	0	0	2.1	0	3.4	0	0	0	0	2.1	0	0	0	4.2	2.1	0	2.7	5.1	2.1	0	3.4	2.1	0
E7.75	E775_Allantois	Allantois	1.73	3.12	2	0	3.2	2	0	3	0	0	0	2	0	0	0	0	0	2	0	2.6	2	0	0	0	0	0
E7.75	E775_Allantois	Allantois	0.08	3.74	0	0	3.3	2.5	2.8	2.5	0	2.8	1.9	0	0	0	0	0	0	0	0	2.5	4.3	0	0	0	0	0
E7.75	E775_Allantois	Allantois	-0.22	3.57	0	2.6	3	3	0	2	0	2	2	0	3	0	0	2	0	0	3	2.6	3	0	0	0	2.6	0
E7.75	E775_Extraembryonic_mesoderm	Extraembryonic_mesoderm	-3.18	-3.58	2.7	2.1	3.3	3.1	3.1	2.1	2.1	2.7	0	2.7	2.1	0	0	0	2.1	3.3	2.1	0	4.3	0	2.1	0	2.7	0
E7.75	E775_Extraembryonic_mesoderm	Extraembryonic_mesoderm	1.16	0.53	1.9	0	3.3	1.9	1.9	1.9	1.9	0	1.9	1.9	2.8	0	0	1.9	0	0	1.9	0	3.3	0	0	0	2.5	1.9
E7.75	E775_Extraembryonic_mesoderm	Extraembryonic_mesoderm	-0.75	-1.51	0	0	3.4	0	0	3	2.3	0	0	0	0	0	0	0	0	0	0	3.6	4.3	0	0	2.3	0	0
E7.75	E775_Allantois	Allantois	1.19	0.42	0	0	3.3	3.1	2.9	2.6	2.3	1.7	0	0	2.3	1.7	0	1.7	0	0	0	2.6	2.6	0	0	1.7	0	0
E7.75	E775_Allantois	Allantois	-1.54	-0.18	0	2.7	0	3	3.7	2.4	0	1.8	1.8	0	0	0	0	0	0	3	0	2.4	4.2	0	0	0	0	0
E7.75	E775_Allantois	Allantois	1.63	2.8	1.8	0	3.7	3	2.4	2.8	1.8	3.6	2.8	1.8	1.8	1.8	2.4	1.8	0	0	0	0	3.6	0	0	1.8	0	0
E7.75	E775_Allantois	Allantois	1.78	5.31	2.1	0	2.7	2.1	0	0	3.1	0	0	2.1	2.1	2.1	2.1	0	0	0	0	2.1	3.8	0	0	0	0	0
E7.75	E775_Extraembryonic_mesoderm	Extraembryonic_mesoderm	-3.04	-1.85	2	0	3	3.3	3.8	3.3	0	2	0	2	0	2	0	0	0	3.3	3	2.6	4	0	0	2	0	0
E7.75	E775_Allantois	Allantois	2.51	2.49	0	2	4.1	2	3.3	2	0	0	0	0	0	0	0	0	0	0	0	2	4.1	0	0	0	0	2
E7.75	E775_Extraembryonic_mesoderm	Extraembryonic_mesoderm	1.21	-1.21	0	2	2.6	0	2	0	2	0	2	0	2	2	0	0	0	2.6	2.6	2	2	0	0	0	2	0
E7.75	E775_Allantois	Allantois	1.84	1.59	2.1	0	4	0	0	2.1	2.7	3.4	0	2.1	3.6	0	0	0	0	2.7	0	2.7	3.6	0	0	0	0	0
E7.75	E775_Extraembryonic_mesoderm	Extraembryonic_mesoderm	-1.84	-3.4	0	0	0	2.1	2.8	0	2.1	0	0	0	0	0	0	0	3.4	3.7	2.8	3.4	4.8	2.8	0	2.1	0	0
E7.75	E775_Allantois	Allantois	-0.77	4.5	0	0	4.3	3	3.7	3.4	2.4	3.4	0	0	2.4	2.4	0	0	0	0	0	0	3.4	0	0	0	0	0
E7.75	E775_Extraembryonic_mesoderm	Extraembryonic_mesoderm	-1.03	-1.79	1.8	0	2.4	0	2.4	2.4	1.8	1.8	0	1.8	0	1.8	0	1.8	3.7	2.4	2.4	2.8	3.9	0	0	2.4	2.4	0
E7.75	E775_Allantois	Allantois	-1.71	0.31	0	2.1	2.1	2.7	3.6	3.4	2.1	2.1	0	0	0	0	2.1	0	0	2.1	0	3.4	3.8	2.1	0	0	0	0
E7.75	E775_Extraembryonic_mesoderm	Extraembryonic_mesoderm	-0.57	-0.99	2.6	0	2.3	0	1.7	3.8	0	0	1.7	2.6	1.7	0	1.7	0	1.7	3.7	2.3	2.6	4	1.7	0	1.7	0	0
E7.75	E775_Extraembryonic_mesoderm	Extraembryonic_mesoderm	-1.95	-2.56	0	0	0	2.8	3.2	2.8	0	0	0	0	0	0	0	0	0	3.7	2.8	2.8	4.6	0	0	2.1	2.8	0
E7.75	E775_Extraembryonic_mesoderm	Extraembryonic_mesoderm	-0.93	-2.56	0	0	0	0	2.6	2.9	0	0	0	0	0	0	0	0	0	4	3.2	3.4	4.2	0	0	1.9	0	0
E7.75	E775_Allantois	Allantois	-0.77	3.66	2.3	1.7	2.7	2.9	2.9	3.5	3.3	1.7	1.7	2.3	0	1.7	1.7	0	0	0	0	3.1	3.1	0	0	1.7	0	0
E7.75	E775_Extraembryonic_mesoderm	Extraembryonic_mesoderm	-0.23	-1.74	0	0	2.7	1.5	2.7	2.1	2.7	2.7	0	0	0	1.5	0	0	0	2.5	1.5	3.3	4.1	0	0	1.5	0	0
E7.75	E775_Allantois	Allantois	-2.15	0.29	2.3	1.7	2.3	2.3	3.3	3.3	1.7	2.3	0	2.3	1.7	2.3	0	0	0	0	2.7	1.7	3.7	0	0	0	0	0
E7.75	E775_Extraembryonic_mesoderm	Extraembryonic_mesoderm	0.35	-3.39	0	0	2.3	0	0	0	1.7	0	0	0	0	0	1.7	0	0	3.2	0	3	2.3	0	0	2.3	2.3	0
E7.75	E775_Allantois	Allantois	2.67	4.11	2.1	2.1	3.8	2.7	2.7	4	2.1	2.7	0	2.1	0	2.1	0	0	0	0	0	3.4	4.3	0	0	0	0	0
E7.75	E775_Allantois	Allantois	3.49	2.05	1.9	1.9	3.4	2.5	3.9	1.9	2.5	1.9	0	1.9	1.9	1.9	0	0	0	0	0	1.9	4.3	0	0	0	1.9	0
E7.75	E775_Extraembryonic_mesoderm	Extraembryonic_mesoderm	-3.33	-2.99	2.6	0	0	0	0	2.6	0	0	0	2.6	0	0	0	0	3.7	3.9	0	0	4.5	0	2.6	0	3.7	3.3
E7.75	E775_Extraembryonic_mesoderm	Extraembryonic_mesoderm	-4.72	-2.98	0	0	0	0	0	2.4	0	0	0	0	0	0	0	0	2.4	2.4	0	0	4.6	0	0	0	3	0
E7.75	E775_Allantois	Allantois	0.5	2.15	0	0	4.2	3.9	3	0	2.6	3	0	0	0	2.6	0	0	0	2	2	0	3.9	0	0	0	0	0
E7.75	E775_Allantois	Allantois	-0.13	1.55	2.4	0	3.1	3.1	3.1	2.8	3.1	2.4	0	2.4	0	2.4	1.8	1.8	0	0	1.8	2.4	2.4	0	0	0	2.4	0
E7.75	E775_Allantois	Allantois	2.95	2.58	0	1.8	3.1	3.3	3.3	1.8	3.1	2.5	1.8	0	0	1.8	1.8	0	0	0	0	2.8	3.6	0	0	1.8	0	0
E7.75	E775_Extraembryonic_mesoderm	Extraembryonic_mesoderm	-3.18	-4.48	0	1.8	2.4	2.4	2.4	3.3	2.4	0	0	0	0	0	0	0	2.8	4.3	2.8	3.4	4.9	0	1.8	3.1	2.4	2.8
E7.75	E775_Allantois	Allantois	0.62	-0.38	2.7	0	2.1	0	2.7	2.7	2.7	2.7	0	2.7	0	0	0	0	0	0	3.1	2.1	3.4	0	0	0	2.1	0
E7.75	E775_Allantois	Allantois	-1.57	1.92	0	1.8	4.2	2.4	2.4	1.8	1.8	3.1	1.8	0	0	0	0	0	0	0	0	1.8	4.5	0	0	2.8	0	0
E7.75	E775_Allantois	Allantois	4.77	1.79	3.2	3.6	2.5	0	2.5	3.2	2.5	0	0	3.2	0	2.5	0	0	0	0	0	2.5	4.8	0	0	0	0	0
E7.75	E775_Allantois	Allantois	0.67	4.55	0	0	4.2	3.5	4.2	2.8	2.8	0	0	0	0	0	0	0	0	0	0	3.5	4.2	0	0	0	0	0
E7.75	E775_Allantois	Allantois	-0.97	4.07	2.3	0	3.8	3.8	2.9	1.4	2.3	2.5	1.4	2.3	1.9	2.3	1.4	1.9	0	0	1.4	2.5	3.4	0	0	1.4	0	0
E7.75	E775_Allantois	Allantois	0.48	1.62	0	0	2.7	3.7	4	2.7	2.7	2.7	0	0	2.7	0	0	0	0	0	0	0	2.7	0	0	0	0	0
E7.75	E775_Allantois	Allantois	2.42	4.52	0	0	3.9	2	2	0	2	0	2.7	0	0	0	0	0	0	0	2	3	4.1	0	0	0	0	0
E7.75	E775_Allantois	Allantois	-0.06	1.93	2	0	3.7	3.5	2.6	3	0	2.6	2.6	2	0	0	0	0	0	2.6	0	0	4	0	0	0	0	0
E7.75	E775_Allantois	Allantois	-2.39	0.17	3.2	2.8	3.2	2.2	2.2	2.8	0	2.2	0	3.2	0	0	0	0	0	3.2	0	3.2	4	0	0	2.2	0	0
E7.75	E775_Extraembryonic_mesoderm	Extraembryonic_mesoderm	1.84	-3.75	0	0	3.4	2.1	2.1	2.1	2.1	0	0	0	2.1	0	2.1	0	0	3.1	3.1	2.1	2.1	0	0	0	0	0
E7.75	E775_Extraembryonic_mesoderm	Extraembryonic_mesoderm	-3.2	-0.89	0	2.4	2.4	3	3	4.1	0	2.4	0	0	0	0	0	0	2.4	2.4	3	0	4.6	0	0	0	3.4	0
E7.75	E775_Extraembryonic_mesoderm	Extraembryonic_mesoderm	-0.77	-2.42	0	0	0	1.8	0	1.8	0	2.4	0	0	0	1.8	0	0	2.4	3.6	2.8	2.8	3.3	1.8	1.8	2.4	1.8	0
E7.75	E775_Allantois	Allantois	2.85	2.91	2.2	0	3.8	2.2	2.8	0	0	3.7	2.2	2.2	2.8	2.2	0	0	0	0	0	2.8	3.8	0	0	0	2.2	0
E7.75	E775_Allantois	Allantois	1.74	4.09	0	1.9	3.7	3.4	3.5	2.9	2.9	1.9	1.9	0	2.9	0	0	0	0	0	0	2.5	4.1	0	0	0	0	0
E7.75	E775_Allantois	Allantois	2.39	1.43	1.9	0	4	1.9	0	2.8	1.9	2.8	0	1.9	0	0	0	0	0	2.5	0	3.1	3.5	0	0	1.9	0	0
E7.75	E775_Allantois	Allantois	1.88	2.44	0	2.9	4.3	1.9	3.7	1.9	0	0	0	0	1.9	2.9	0	1.9	0	0	0	3.7	4	0	0	1.9	0	0
E7.75	E775_Allantois	Allantois	1.21	4.1	0	0	3.3	2.3	2.3	2.3	3.8	2.3	0	0	3	0	0	0	0	0	0	0	3.3	0	0	0	0	0
E7.75	E775_Extraembryonic_mesoderm	Extraembryonic_mesoderm	-2.34	-1.23	0	0	2	2	2.7	2.7	0	2	0	0	2	0	0	0	4	2	2.7	2.7	4.6	0	0	0	2	0
E7.75	E775_Allantois	Allantois	1.73	5.18	0	0	4.1	4.1	2.6	2.6	3.8	2	3	0	2	0	0	2	0	0	2	2.6	4.7	0	0	0	0	0
E7.75	E775_Allantois	Allantois	2.48	1.12	0	2	3.8	3	2	2.6	0	0	0	0	2	2	0	0	0	2	0	2	3.5	0	0	2	0	0
E7.75	E775_Extraembryonic_mesoderm	Extraembryonic_mesoderm	3.06	0.17	2.2	0	3.4	2.6	3.3	2.2	1.7	2.2	0	2.2	0	0	0	0	0	1.7	0	3.5	4.2	0	0	1.7	0	0
E7.75	E775_Allantois	Allantois	1.96	2.21	0	0	2.4	0	3.1	3.7	2.4	3.1	0	0	3.1	0	2.4	0	0	0	0	4	4.7	0	0	0	2.4	0
E7.75	E775_Extraembryonic_mesoderm	Extraembryonic_mesoderm	-0.68	-0.02	2.3	2.3	3.6	3	0	0	3	0	0	2.3	0	0	0	0	0	3.4	3.4	2.3	3.4	2.3	0	0	2.3	0
E7.75	E775_Extraembryonic_mesoderm	Extraembryonic_mesoderm	0.08	-1.57	0	0	3.2	0	0	2.6	0	0	0	0	0	0	0	0	0	0	0	3.2	4.6	0	0	2.6	2.6	0
E7.75	E775_Allantois	Allantois	2.18	2.15	0	2.7	3.3	0	3.1	3.9	2.7	0	2.1	0	2.1	0	0	0	0	0	0	2.1	3.9	0	0	0	2.1	0
E7.75	E775_Allantois	Allantois	3.65	-0.44	1.7	0	3.1	0	2.9	2.6	1.7	0	0	1.7	0	0	1.7	1.7	0	1.7	0	2.9	3.9	0	0	0	0	0
E7.75	E775_Allantois	Allantois	2.74	3.61	0	2.6	3.5	3.3	0	3	2	2.6	2.6	0	0	0	0	0	0	0	0	2.6	4.1	0	0	0	0	0
E7.75	E775_Allantois	Allantois	-0.07	3.34	2.2	0	4.2	2.2	2.8	2.2	3.4	0	2.8	2.2	0	2.2	3.2	0	0	0	0	2.8	3.4	0	0	0	0	0
E7.75	E775_Extraembryonic_mesoderm	Extraembryonic_mesoderm	0.29	-2.07	0	0	4	0	0	0	0	0	0	0	0	0	0	0	0	3.1	2.5	3.1	3.5	0	2.5	0	2.5	0
E7.75	E775_Extraembryonic_mesoderm	Extraembryonic_mesoderm	-1.99	-0.71	2.9	0	2.9	2.9	2.9	3.5	0	0	0	2.9	0	0	0	0	0	3.9	0	2.9	3.9	0	0	2.9	0	0
E7.75	E775_Allantois	Allantois	-0.77	1.66	1.9	0	2.9	1.9	0	2.5	2.5	3.1	0	1.9	0	0	0	0	0	2.5	1.9	1.9	2.9	1.9	0	0	0	0
E7.75	E775_Allantois	Allantois	-0.33	4.31	2.6	2	4.2	4.1	2	0	3.3	0	2	2.6	2.6	0	0	2.6	0	0	0	2	4.3	0	0	0	0	0
E7.75	E775_Allantois	Allantois	2.13	2.72	0	1.9	3.4	3.2	2.5	0	1.9	0	0	0	0	0	0	0	0	0	0	1.9	3.8	0	0	0	0	0
E7.75	E775_Extraembryonic_mesoderm	Extraembryonic_mesoderm	0.11	0.54	1.8	2.4	3.2	3.4	3.2	3	1.8	3.5	0	1.8	2.4	2.4	0	0	0	1.8	0	1.8	3.9	1.8	0	0	0	0
E7.75	E775_Extraembryonic_mesoderm	Extraembryonic_mesoderm	0.06	-4	0	0	3.5	2	0	0	0	0	0	0	0	0	2	0	0	3.3	2.6	0	0	0	0	2.6	2.6	0
E7.75	E775_Allantois	Allantois	-0.22	1.61	0	0	2.1	3.4	4	2.8	0	3.1	0	0	0	2.1	0	0	0	2.1	2.1	2.1	3.8	0	0	0	2.1	0
E7.75	E775_Extraembryonic_mesoderm	Extraembryonic_mesoderm	-2.43	-2.53	0	2	0	0	3.3	3.8	2	0	0	0	2	0	0	0	2	2	3	3.5	4.8	2	2.6	2	3.3	0
E7.75	E775_Allantois	Allantois	0.88	4.91	2	2.6	4.5	3.7	2.6	3.5	4	2	3	2	0	0	0	0	0	0	0	2.6	3.7	0	0	0	0	0
E7.75	E775_Allantois	Allantois	1.96	4.61	0	1.8	3.6	2.4	3.1	3.1	3.3	1.8	1.8	0	0	1.8	0	1.8	0	0	0	3.3	4.1	0	0	0	1.8	0
E7.75	E775_Allantois	Allantois	1.24	5.3	0	0	3.7	3.3	2	3	0	2.6	2	0	0	2.6	0	0	0	0	0	3.3	3.8	0	0	0	2	0
E7.75	E775_Allantois	Allantois	0.92	-0.39	2.3	2.3	1.7	2.7	2.7	2.7	0	3.1	0	2.3	2.9	1.7	0	1.7	0	1.7	0	2.3	2.3	0	0	0	0	0
E7.75	E775_Allantois	Allantois	0.37	5.16	0	0	3.9	3.4	3.4	1.9	3.6	2.9	2.5	0	1.9	2.5	1.9	0	0	0	0	2.5	3.9	1.9	0	1.9	1.9	0
E7.75	E775_Allantois	Allantois	1.22	3.75	0	0	4.1	3.5	3.5	3	3	2	2.6	0	0	0	2	0	0	0	0	2	4.3	0	0	0	0	0
E7.75	E775_Allantois	Allantois	-0.81	3.69	0	1.7	1.7	1.7	3	3	1.7	1.7	0	0	0	2.7	0	1.7	0	0	2.7	1.7	3.8	0	1.7	1.7	0	0
E7.75	E775_Extraembryonic_mesoderm	Extraembryonic_mesoderm	0.47	-4.14	0	0	2.1	2.1	2.1	0	0	2.1	0	0	0	0	0	0	0	3.8	2.1	3.1	3.9	2.1	2.1	0	0	0
E7.75	E775_Extraembryonic_mesoderm	Extraembryonic_mesoderm	-1.65	-2.32	0	1.8	3.4	1.8	3.9	1.8	2.7	1.8	0	0	0	0	0	0	3	3.6	2.4	3	3.7	0	1.8	2.4	1.8	0
E7.75	E775_Allantois	Allantois	1.03	-2.27	0	2	3	3	3	2.6	0	2	0	0	0	0	0	0	2	3	0	0	2	0	0	2	0	0
E7.75	E775_Allantois	Allantois	2.72	3.26	0	1.9	3.4	2.9	3.1	2.5	3.4	0	2.5	0	0	0	0	0	0	0	0	2.9	4	0	0	0	0	0
E7.75	E775_Allantois	Allantois	1.64	0.27	2.3	0	4.4	4.2	3	2.3	2.3	2.3	0	2.3	0	2.3	2.3	0	0	0	0	0	3	0	0	0	0	0
E7.75	E775_Allantois	Allantois	0.65	5.1	1.9	0	1.9	1.9	3.4	2.6	3.4	2.6	0	1.9	2.6	0	1.9	0	0	0	0	3.6	2.9	0	0	1.9	0	0
E7.75	E775_Allantois	Allantois	0.34	-1.28	0	2.6	2	2.6	3.8	3	2	2.6	0	0	0	0	0	0	2	3.3	0	3	3.9	0	2	0	0	0
E7.75	E775_Extraembryonic_mesoderm	Extraembryonic_mesoderm	-3.16	-3.23	0	1.9	3.6	0	0	3.6	0	0	0	0	0	0	0	0	0	2.9	0	2.6	4.7	0	0	0	0	0
E7.75	E775_Extraembryonic_mesoderm	Extraembryonic_mesoderm	-3.16	-3.64	0	0	0	0	3.6	3.2	0	0	0	0	0	0	0	0	3.2	3.6	3.2	3.6	5.1	2.5	0	2.5	2.5	0
E7.75	E775_Allantois	Allantois	0.44	3.68	2.5	1.6	3.7	3.2	2.5	3.3	2.5	2.8	1.6	2.5	2.2	0	1.6	1.6	0	0	2.5	2.2	3.6	1.6	1.6	0	0	0
E7.75	E775_Extraembryonic_mesoderm	Extraembryonic_mesoderm	-1.13	-3.35	2.5	0	3.1	0	2.5	3.1	0	0	0	2.5	0	0	0	0	2.5	0	0	3.8	3.8	0	0	2.5	0	2.5
E7.75	E775_Extraembryonic_mesoderm	Extraembryonic_mesoderm	-2.09	-2.73	2.1	0	2.1	0	2.7	2.7	0	0	0	2.1	0	0	0	0	3.1	4.1	3.6	3.6	3.6	2.1	0	2.1	2.1	2.7
E7.75	E775_Allantois	Allantois	1.11	-0.52	0	2.4	2.4	2.4	3.1	1.8	0	1.8	0	0	1.8	0	0	0	0	2.4	0	3.1	2.4	0	0	0	0	0
E7.75	E775_Extraembryonic_mesoderm	Extraembryonic_mesoderm	1.8	-3.19	0	0	4	0	3	3	2.3	0	0	0	0	0	2.3	0	0	2.3	2.3	2.3	2.3	2.3	2.3	0	0	0
E7.75	E775_Allantois	Allantois	-2.36	-2.01	2	0	4.2	2	2.6	0	2.6	0	0	2	0	2	0	0	0	2.6	2	3.2	4.2	0	0	0	2	0
E7.75	E775_Extraembryonic_mesoderm	Extraembryonic_mesoderm	0.75	-2.9	0	0	2.1	0	0	0	0	0	0	0	2.1	0	0	0	0	3.6	2.1	2.1	0	0	0	2.7	0	0
E7.75	E775_Extraembryonic_mesoderm	Extraembryonic_mesoderm	1.87	-2.32	0	0	0	2.5	0	0	0	0	0	0	0	0	0	0	0	0	3.5	2.5	2.5	0	0	0	0	0
E7.75	E775_Allantois	Allantois	-0.09	5.14	2.5	2.1	3.5	3.4	2.1	3.1	3.4	1.5	2.8	2.5	2.1	0	2.1	0	0	0	1.5	2.1	3.8	0	0	1.5	1.5	0
E7.75	E775_Extraembryonic_mesoderm	Extraembryonic_mesoderm	-1.05	0.18	0	0	3.7	2.2	2.8	2.8	1.6	2.6	1.6	0	0	1.6	0	0	0	3	1.6	0	4.2	0	0	1.6	0	0
E7.75	E775_Extraembryonic_mesoderm	Extraembryonic_mesoderm	-1.8	-0.89	0	1.9	2.9	2.5	1.9	2.9	0	0	0	0	1.9	0	1.9	0	0	2.5	1.9	3.3	5	0	0	1.9	0	0
E7.75	E775_Allantois	Allantois	3.14	3.16	0	1.9	4.1	1.9	3.7	2.5	2.5	0	2.5	0	0	0	0	0	0	0	0	3.2	3.8	0	0	0	1.9	0
E7.75	E775_Extraembryonic_mesoderm	Extraembryonic_mesoderm	-0.87	-0.87	2.6	2.3	1.7	2.3	2.9	3.1	0	2.6	0	2.6	2.3	2.6	0	0	0	1.7	2.6	2.3	3.9	0	0	2.3	1.7	0
E7.75	E775_Extraembryonic_mesoderm	Extraembryonic_mesoderm	-0.66	-1.3	0	0	0	0	3.2	0	2.5	2.5	0	0	0	0	0	0	0	0	0	3.8	5.2	0	0	2.5	0	0
E7.75	E775_Extraembryonic_mesoderm	Extraembryonic_mesoderm	-4.59	-1.81	0	0	0	2.6	0	0	0	0	0	0	0	0	0	0	2.6	2.6	3.3	0	4.6	0	2.6	0	3.3	0
E7.75	E775_Extraembryonic_mesoderm	Extraembryonic_mesoderm	-2.1	2.37	0	0	4.3	3.5	3.1	3.1	0	0	0	0	0	3.1	0	0	0	0	0	0	3.5	2.4	0	0	0	0
E7.75	E775_Allantois	Allantois	2.23	0.53	2	2	2.7	2.7	2	2	2.7	0	2.7	2	0	2.7	2	0	0	2	0	0	3.1	0	0	0	2	0
E7.75	E775_Extraembryonic_mesoderm	Extraembryonic_mesoderm	-3.45	-3.51	0	2.1	3.1	0	0	3.4	0	0	0	0	0	0	0	0	2.1	4.3	2.1	3.4	4.7	0	0	2.1	2.7	0
E7.75	E775_Allantois	Allantois	1.11	4.41	2.2	0	2.9	3.9	2.2	2.2	2.2	0	2.9	2.2	0	2.9	0	2.2	0	0	0	3.2	4.5	0	0	0	0	0
E7.75	E775_Extraembryonic_mesoderm	Extraembryonic_mesoderm	2.25	-0.43	1.8	1.8	3	2.4	2.8	3.2	1.8	2.8	0	1.8	0	1.8	0	0	0	2.8	3	1.8	3.7	0	0	0	1.8	0
E7.75	E775_Extraembryonic_mesoderm	Extraembryonic_mesoderm	1.96	0.07	0	2.1	3.6	0	3.1	2.8	0	0	0	0	0	0	0	0	0	2.8	0	3.4	3.1	0	0	2.1	0	0
E7.75	E775_Extraembryonic_mesoderm	Extraembryonic_mesoderm	0.95	-2.58	0	0	0	1.9	2.9	1.9	1.9	0	0	0	0	0	1.9	0	1.9	2.5	2.5	2.5	3.2	2.9	0	1.9	0	0
E7.75	E775_Extraembryonic_mesoderm	Extraembryonic_mesoderm	-3.35	-4.01	1.8	1.8	1.8	2.8	2.8	2.4	0	0	0	1.8	0	0	0	0	2.4	3.4	2.4	3.1	3.8	2.4	0	0	0	1.8
E7.75	E775_Allantois	Allantois	1.94	5.03	2	2.6	3.9	0	2.6	3.5	3	0	2	2	2.6	0	2	0	0	0	0	3.2	4.1	0	0	0	0	0
E7.75	E775_Allantois	Allantois	-0.05	3.22	2.1	2.7	3.4	3.1	2.1	2.1	2.7	0	2.7	2.1	2.1	0	2.1	0	0	0	0	0	4.1	0	0	0	0	0
E7.75	E775_Allantois	Allantois	3.47	2.31	0	0	4.1	2.5	3.2	3.2	0	0	0	0	3.6	0	0	0	0	0	0	3.2	3.9	0	0	0	2.5	0
E7.75	E775_Extraembryonic_mesoderm	Extraembryonic_mesoderm	2.84	-0.83	1.9	0	2.9	2.9	2.5	2.5	0	2.5	0	1.9	0	0	0	0	0	3.4	2.5	3.6	4.3	0	0	1.9	0	0
E7.75	E775_Allantois	Allantois	-0.51	4.26	0	3.1	4	3.1	2.4	3.7	2.4	0	0	0	0	3.5	2.4	0	0	0	0	2.4	4.3	0	0	0	0	0
E7.75	E775_Extraembryonic_mesoderm	Extraembryonic_mesoderm	-0.35	-2.15	2.1	2.7	0	2.7	2.7	3.6	2.1	2.1	0	2.1	0	0	0	0	2.1	3.1	2.1	3.6	4.7	0	0	2.7	0	2.1
E7.75	E775_Extraembryonic_mesoderm	Extraembryonic_mesoderm	-0.84	-3.71	1.8	1.8	1.8	1.8	2.4	3.2	0	0	0	1.8	0	1.8	0	0	2.7	3	1.8	4.1	5	0	1.8	2.7	0	0
E7.75	E775_Extraembryonic_mesoderm	Extraembryonic_mesoderm	-1.12	-2.21	2.3	0	3.6	2.3	2.3	2.3	0	0	0	2.3	0	0	0	0	0	3.3	3.3	2.9	4.8	2.3	0	2.3	2.3	0
E7.75	E775_Extraembryonic_mesoderm	Extraembryonic_mesoderm	0.01	-4.94	0	0	1.6	1.6	2.2	0	0	1.6	1.6	0	0	1.6	0	0	0	3.4	2.6	2.2	3.5	0	1.6	0	2.2	0
E7.75	E775_Extraembryonic_mesoderm	Extraembryonic_mesoderm	-0.39	0.9	2.6	1.9	4	2.9	3.2	2.6	0	0	0	2.6	0	1.9	0	0	1.9	1.9	1.9	3.2	4.9	2.6	0	0	0	0
E7.75	E775_Allantois	Allantois	3	2.68	2.1	0	3.2	2.1	2.1	3.6	2.1	0	0	2.1	2.1	2.1	2.8	0	0	0	0	2.1	2.1	0	0	0	2.1	0
E7.75	E775_Allantois	Allantois	2.34	1.3	3.1	1.8	3.1	0	2.4	2.8	2.4	1.8	1.8	3.1	2.4	0	0	0	0	0	1.8	2.4	3.6	0	0	0	0	0
E7.75	E775_Allantois	Allantois	1.79	-0.46	0	0	3	0	2	3.8	0	0	0	0	0	0	0	0	0	3	2	2	3.3	0	0	0	0	0
E7.75	E775_Extraembryonic_mesoderm	Extraembryonic_mesoderm	2.16	-1.3	0	0	3.3	0	3.3	2.6	2.6	0	0	0	0	0	0	0	0	3	2	3.3	4.6	2	0	0	0	0
E7.75	E775_Allantois	Allantois	2.18	2.16	2.6	0	3.8	2.6	2.6	2	0	2.6	0	2.6	0	2	0	0	0	0	0	3	4.1	0	0	0	2	0
E7.75	E775_Allantois	Allantois	2.76	3.29	1.8	0	3.4	2.8	0	1.8	1.8	0	1.8	1.8	1.8	2.4	0	0	0	2.4	1.8	1.8	4.3	1.8	0	0	0	0
E7.75	E775_Allantois	Allantois	2.66	0.21	0	1.8	3	1.8	1.8	0	0	2.8	0	0	0	1.8	0	1.8	0	0	0	0	3.4	1.8	0	1.8	0	0
E7.75	E775_Extraembryonic_mesoderm	Extraembryonic_mesoderm	-1.57	-4.67	0	0	0	0	1.7	2.3	1.7	1.7	0	0	0	0	0	0	4.2	3.5	3.5	2.3	4.2	2.9	1.7	2.9	2.7	0
E7.75	E775_Allantois	Allantois	4.04	0.48	0	2.5	2.5	0	0	2.5	2.5	2.5	0	0	0	0	0	0	0	2.5	0	0	3.1	0	0	0	0	0
E7.75	E775_Extraembryonic_mesoderm	Extraembryonic_mesoderm	-0.27	-1.86	2.3	2.3	2.9	0	2.3	2.3	0	0	0	2.3	0	0	0	0	0	2.3	2.3	2.9	4.7	0	0	0	0	0
E7.75	E775_Extraembryonic_mesoderm	Extraembryonic_mesoderm	-3.95	-2.98	0	2	3.2	2.6	2	3.5	0	0	0	0	0	2.6	0	0	2.6	3.5	2	3	5.1	0	0	0	0	0
E7.75	E775_Extraembryonic_mesoderm	Extraembryonic_mesoderm	-2.22	-5.16	0	0	3.1	2.4	1.8	2.4	2.4	0	0	0	0	0	0	0	3.1	3.8	2.8	3.3	4.8	0	0	2.4	2.4	2.4
E7.75	E775_Allantois	Allantois	2.31	4.16	0	0	4.2	3.5	3.2	1.9	1.9	2.9	1.9	0	1.9	0	1.9	0	0	0	0	2.9	4.2	0	0	0	0	0
E7.75	E775_Allantois	Allantois	3.18	1.64	0	2.6	4.3	2	2.6	3.3	2	0	0	0	2.6	2	0	0	0	0	0	2.6	3.5	0	0	0	0	0
E7.75	E775_Extraembryonic_mesoderm	Extraembryonic_mesoderm	0.23	-0.96	2.9	0	2.9	0	2.9	0	0	2.9	0	2.9	0	0	0	0	0	2.9	0	2.9	2.9	2.9	0	0	0	0
E7.75	E775_Extraembryonic_mesoderm	Extraembryonic_mesoderm	-2.05	-2.03	0	2.5	3.4	2.9	3.7	0	2.9	1.9	0	0	1.9	1.9	0	0	0	3.2	1.9	2.5	5.2	0	1.9	0	0	0
E7.75	E775_Allantois	Allantois	-1.27	1.13	1.8	1.8	3.7	2.8	2.8	1.8	1.8	1.8	0	1.8	0	2.4	0	1.8	0	1.8	2.4	0	3.1	0	0	0	0	0
E7.75	E775_Extraembryonic_mesoderm	Extraembryonic_mesoderm	0.41	-1.76	0	0	2.7	2.7	0	0	2.7	0	0	0	0	0	0	0	2.7	2.7	2.7	2.7	4.6	0	0	2.7	2.7	2.7
E7.75	E775_Allantois	Allantois	-0.73	2.67	0	0	3.6	4	3.4	1.9	3.2	2.5	0	0	0	2.5	0	1.9	0	1.9	0	1.9	4.5	0	0	0	0	0
E7.75	E775_Allantois	Allantois	-0.37	4.14	2.3	0	3.4	4.1	3.1	1.7	3.3	2.6	2.3	2.3	0	1.7	1.7	0	0	0	0	2.6	3.9	0	0	0	0	0
E7.75	E775_Allantois	Allantois	3.93	3.31	2	0	2.6	3	2.6	2.6	2.6	2.6	0	2	0	0	2	0	0	0	0	2	4.4	0	0	0	0	0
E7.75	E775_Extraembryonic_mesoderm	Extraembryonic_mesoderm	0.65	-2.02	0	0	3.4	3.4	3.8	3.8	2.8	0	0	0	0	0	0	0	0	2.8	0	3.8	2.8	0	0	2.8	2.8	0
E7.75	E775_Extraembryonic_mesoderm	Extraembryonic_mesoderm	-1.09	-0.56	1.7	0	3.9	2.7	0	1.7	2.3	2.3	2.3	1.7	0	0	0	0	0	4.1	2.9	1.7	3.3	0	0	2.3	1.7	0
E7.75	E775_Allantois	Allantois	-0.96	-3	0	0	3.6	1.9	1.9	2.6	0	1.9	0	0	1.9	0	0	0	0	3.2	1.9	3.9	4.3	0	0	2.6	1.9	0
E7.75	E775_Allantois	Allantois	1.26	2.05	2.9	1.9	4.1	1.9	2.9	2.5	0	3.2	0	2.9	1.9	2.9	0	0	0	0	2.5	2.9	3.9	0	0	0	1.9	0
E7.75	E775_Extraembryonic_mesoderm	Extraembryonic_mesoderm	-2.47	-2.94	0	0	2	2	3.5	2.6	0	3	0	0	0	0	0	0	3	3.5	2	2.6	3.8	2	2	0	0	0
E7.75	E775_Extraembryonic_mesoderm	Extraembryonic_mesoderm	-1.45	-4.89	0	1.9	0	0	2.5	3.2	1.9	0	0	0	0	0	0	0	2.9	3.5	0	4	4.3	1.9	1.9	2.5	1.9	0
E7.75	E775_Extraembryonic_mesoderm	Extraembryonic_mesoderm	-0.29	-1.99	1.4	0	1.9	1.4	1.4	1.4	0	1.9	0	1.4	0	0	0	0	3.7	1.4	2.8	1.4	4	1.4	1.4	1.9	1.9	0
E7.75	E775_Allantois	Allantois	1.04	3.63	0	0	3.4	3.4	0	2.1	0	2.1	3.7	0	0	2.1	0	0	0	0	2.1	0	3.1	0	0	0	0	0
E7.75	E775_Extraembryonic_mesoderm	Extraembryonic_mesoderm	-2.35	-0.87	0	2.1	4	2.1	3.2	0	2.1	0	0	0	0	2.1	0	0	0	3.4	2.8	3.2	4.3	0	2.1	0	2.1	0
E7.75	E775_Allantois	Allantois	-1.29	2.99	0	0	2.9	2.9	0	2.9	2.9	0	0	0	0	0	2.9	0	0	0	0	0	2.9	0	0	0	0	0
E7.75	E775_Extraembryonic_mesoderm	Extraembryonic_mesoderm	-1.29	-0.56	1.6	1.6	2.8	3.2	3.8	2.1	2.8	3.6	1.6	1.6	1.6	0	0	0	0	3.2	0	3.3	3.8	0	0	0	0	0
E7.75	E775_Extraembryonic_mesoderm	Extraembryonic_mesoderm	1.14	-0.76	0	0	2.8	0	2.8	2.8	0	0	0	0	0	0	0	0	0	0	0	0	4.1	0	0	2.8	0	0
E7.75	E775_Allantois	Allantois	0.81	2.72	2	0	2.6	3.3	3.5	2.6	0	3	2.6	2	2	2.6	0	2	0	0	0	2.6	2.6	0	0	2	0	0
E7.75	E775_Allantois	Allantois	0.67	-0.45	0	0	3.4	1.8	2.8	2.4	0	0	0	0	1.8	2.4	0	0	0	2.4	1.8	3.3	3.6	1.8	0	1.8	1.8	0
E7.75	E775_Allantois	Allantois	-0.23	0.06	2.9	1.9	2.9	3.1	2.9	2.5	2.5	2.5	1.9	2.9	1.9	0	0	1.9	0	2.5	2.9	0	3.7	0	0	1.9	0	0
E7.75	E775_Extraembryonic_mesoderm	Extraembryonic_mesoderm	0.95	-4.2	0	0	2.3	2	2.3	2.3	2.3	2.8	0	0	1.4	0	2	0	1.4	2.3	1.4	2.8	3.1	0	1.4	1.4	1.4	0
E7.75	E775_Extraembryonic_mesoderm	Extraembryonic_mesoderm	-0.66	-4.36	1.5	1.5	3.1	1.5	3	1.5	1.5	2.1	0	1.5	0	1.5	0	0	1.5	2.1	2.8	2.1	3.4	2.5	2.8	2.1	1.5	1.5
E7.75	E775_Allantois	Allantois	2.52	2.21	1.8	0	3.1	2.4	3.3	3.6	3.1	1.8	2.8	1.8	2.8	2.4	0	0	0	0	1.8	2.8	4	0	0	0	0	0
E7.75	E775_Allantois	Allantois	0.29	1.33	2.5	0	2.5	0	3.2	3.2	0	0	0	2.5	0	0	0	0	0	2.5	0	0	4	0	0	0	0	0
E7.75	E775_Allantois	Allantois	0.4	3.94	1.9	0	4	2.9	3.4	1.9	2.5	2.5	0	1.9	0	0	0	0	0	0	1.9	1.9	3.8	1.9	0	0	0	0
E7.75	E775_Allantois	Allantois	3.57	2.37	0	0	2.5	1.9	3.6	3.2	0	2.9	1.9	0	1.9	0	0	1.9	0	0	0	1.9	4.1	0	0	0	0	0
E7.75	E775_Allantois	Allantois	0.91	5.45	2.3	0	3.4	3.4	3	2.3	0	3	3	2.3	2.3	0	0	2.3	0	0	0	3.4	3.9	0	0	0	0	0
E7.75	E775_Allantois	Allantois	2.17	1.78	3.1	2.8	3.9	2.5	2.8	2.8	0	2.5	0	3.1	1.9	1.9	0	0	0	0	0	0	4.2	0	0	2.5	0	0
E7.75	E775_Extraembryonic_mesoderm	Extraembryonic_mesoderm	0.54	-2.17	1.8	0	1.8	1.8	1.8	2.7	2.4	0	0	1.8	1.8	0	0	0	0	3	2.4	3.4	4.5	0	1.8	0	0	0
E7.75	E775_Allantois	Allantois	3.38	3.58	3.1	2.5	3.5	3.8	3.1	2.5	3.1	3.5	0	3.1	0	2.5	0	0	0	0	0	3.1	3.8	0	0	0	0	0
E7.75	E775_Extraembryonic_mesoderm	Extraembryonic_mesoderm	-2.25	-2.96	0	2.2	3.2	2.9	2.2	2.2	2.9	0	0	0	0	0	0	0	3.2	2.9	3.2	3.5	5.1	0	0	0	2.2	2.9
E7.75	E775_Allantois	Allantois	4.14	1.89	0	0	3.6	0	2	2	2.6	0	2	0	2	0	0	0	0	0	2	2.6	4.6	0	0	0	0	0
E7.75	E775_Extraembryonic_mesoderm	Extraembryonic_mesoderm	-5.03	-2.72	0	0	0	2.6	2.6	3.6	0	0	0	0	0	0	0	0	3.6	2.6	0	3.9	5	0	0	0	0	0
E7.75	E775_Extraembryonic_mesoderm	Extraembryonic_mesoderm	-1.01	-4.33	0	0	0	2.8	2.2	2.2	2.2	2.2	0	0	0	0	0	0	2.8	4.1	2.8	3.7	4.4	0	2.2	2.2	2.8	0
E7.75	E775_Extraembryonic_mesoderm	Extraembryonic_mesoderm	-2.23	-5.11	1.8	0	2.4	1.8	2.4	2.4	0	0	0	1.8	0	0	0	0	0	3.5	3.5	3.6	4.7	0	0	1.8	0	1.8
E7.75	E775_Extraembryonic_mesoderm	Extraembryonic_mesoderm	1.04	-0.75	0	2.1	3.2	3	2.5	2.5	2.8	1.6	0	0	1.6	0	0	0	2.1	2.5	2.5	3.7	4.5	0	0	2.1	1.6	0
E7.75	E775_Allantois	Allantois	-0.55	-0.84	0	2	3	3.6	2.6	4.1	2	0	2.6	0	3.3	2.6	0	2	0	0	0	3	3.9	0	0	0	0	0
E7.75	E775_Extraembryonic_mesoderm	Extraembryonic_mesoderm	2.89	-0.85	1.9	0	2.9	0	2.5	1.9	0	1.9	0	1.9	1.9	0	0	0	0	0	0	1.9	3.9	1.9	0	1.9	1.9	0
E7.75	E775_Extraembryonic_mesoderm	Extraembryonic_mesoderm	-1.79	-2.68	0	0	2	0	3	3.7	2.6	0	0	0	0	0	0	0	0	3.5	2.6	3.5	4.6	0	0	2.6	0	2
E7.75	E775_Allantois	Allantois	3.08	0.54	1.9	1.9	3.5	2.5	1.9	2.9	0	1.9	0	1.9	0	0	1.9	0	0	1.9	2.9	3.3	2.5	0	0	0	1.9	0
E7.75	E775_Allantois	Allantois	1.13	1.5	2	2	3.7	3	0	2.6	0	3	2	2	2	0	0	2.6	0	2	0	2	3	0	0	0	0	0
E7.75	E775_Extraembryonic_mesoderm	Extraembryonic_mesoderm	3.38	1.18	0	0	0	2.9	2.3	0	2.3	0	0	0	0	0	0	0	0	0	0	3.6	3.8	0	0	0	2.3	0
E7.75	E775_Allantois	Allantois	-0.19	4.82	2.6	0	4.2	0	0	3.3	3.3	0	0	2.6	0	2.6	2.6	0	0	0	0	3.3	3.3	0	0	0	0	0
E7.75	E775_Extraembryonic_mesoderm	Extraembryonic_mesoderm	-2.06	-5.14	0	0	0	2.5	1.9	0	1.9	0	1.9	0	1.9	1.9	0	0	4.1	4.5	0	1.9	4.5	0	3.6	1.9	1.9	2.5
E7.75	E775_Allantois	Allantois	2.99	3.75	0	0	4.2	2.1	2.1	2.7	2.1	2.7	2.7	0	2.1	0	0	0	0	0	0	3.1	4.2	0	0	0	2.1	0
E7.75	E775_Extraembryonic_mesoderm	Extraembryonic_mesoderm	-3.47	0.01	0	2.5	2.5	2.5	0	3.2	0	2.9	0	0	2.9	0	0	0	0	3.9	3.2	2.5	4.9	1.9	0	0	0	0
E7.75	E775_Extraembryonic_mesoderm	Extraembryonic_mesoderm	3.88	-0.39	0	0	2.6	0	2.6	0	0	0	0	0	0	0	0	0	0	0	0	2.6	4.2	0	2.6	0	2.6	0
E7.75	E775_Extraembryonic_mesoderm	Extraembryonic_mesoderm	-0.44	-0.75	2.1	0	2.1	0	3.4	2.1	0	0	0	2.1	0	0	0	0	2.8	2.8	3.1	2.8	2.1	2.1	0	2.1	0	2.1
E7.75	E775_Allantois	Allantois	0.91	3.8	0	0	3.6	4	3.7	3.9	3.3	2.7	0	0	2.7	2.7	0	0	0	2.7	0	3.6	3.3	0	0	0	0	0
E7.75	E775_Allantois	Allantois	2.02	-0.06	0	2.2	3.5	0	0	2.2	0	2.2	0	0	0	0	0	0	0	2.8	0	2.2	2.2	0	0	0	2.2	0
E7.75	E775_Allantois	Allantois	2.75	-0.18	0	0	3.4	2.1	3.1	2.7	2.1	3.4	0	0	0	0	0	0	0	0	0	0	3.1	0	0	0	2.1	0
E7.75	E775_Allantois	Allantois	2.67	0.74	2	0	3	2	2	3.8	0	0	2.6	2	0	3	0	0	0	0	0	2	3.7	0	0	2	0	0
E7.75	E775_Allantois	Allantois	0.98	3.28	2	2	2	3.3	2.7	3.5	3.9	0	2	2	2.7	3	0	0	0	0	0	4	4.4	0	0	0	0	0
E7.75	E775_Allantois	Allantois	-2.35	0.1	0	0	3.8	2	3.4	3.2	0	0	0	0	2	0	0	0	0	0	0	3.2	4.2	0	0	2	0	0
E7.75	E775_Extraembryonic_mesoderm	Extraembryonic_mesoderm	-1.07	1.42	0	0	0	0	2.9	2.9	0	0	0	0	0	0	0	0	3.9	2.9	0	3.9	4.6	0	0	0	0	0
E7.75	E775_Extraembryonic_mesoderm	Extraembryonic_mesoderm	0.89	-4.54	0	0	0	2.4	0	0	0	0	0	0	0	0	0	0	0	3.7	2.4	2.4	3.1	0	0	0	0	0
E7.75	E775_Allantois	Allantois	2.9	1.34	0	2	3.3	2	2	3	2.7	2	0	0	0	0	0	0	0	2	2	3.7	2.7	0	0	2	0	0
E7.75	E775_Extraembryonic_mesoderm	Extraembryonic_mesoderm	3.49	0.62	1.8	0	3.6	1.8	2.4	2.4	0	2.4	0	1.8	0	0	0	0	0	0	1.8	2.8	3.7	0	0	0	1.8	0
E7.75	E775_Allantois	Allantois	-0.12	2.72	2.6	0	4.2	1.9	2.6	2.6	1.9	2.6	0	2.6	1.9	1.9	0	0	0	1.9	0	2.6	3.6	0	0	0	0	0
E7.75	E775_Allantois	Allantois	2.9	1.43	0	1.8	3.5	3.1	1.8	2.8	2.5	1.8	0	0	2.5	1.8	0	0	0	0	0	1.8	4.5	0	0	1.8	1.8	0
E7.75	E775_Extraembryonic_mesoderm	Extraembryonic_mesoderm	2.61	-0.83	0	0	3.5	0	2.2	2.2	0	0	0	0	0	0	0	0	0	2.2	0	2.8	3.2	0	0	0	0	0
E7.75	E775_Allantois	Allantois	2.57	1.92	0	0	3.8	2.1	2.7	3.8	0	0	0	0	0	2.1	0	0	0	0	0	3.1	4.5	0	0	0	0	0
E7.75	E775_Allantois	Allantois	1.7	4.85	2.4	2.4	3.7	3.9	0	3.4	3.7	3	0	2.4	0	3	2.4	0	0	0	0	3.7	3	0	0	0	0	0
E7.75	E775_Extraembryonic_mesoderm	Extraembryonic_mesoderm	2.6	-0.77	0	0	2.9	0	2.7	2.3	1.7	0	0	0	1.7	1.7	0	0	0	0	0	2.9	4.1	0	0	1.7	0	0
E7.75	E775_Allantois	Allantois	1.09	2.31	3.2	1.9	4	3.5	2.9	1.9	2.5	1.9	1.9	3.2	1.9	0	0	2.5	0	1.9	0	2.5	3.4	0	0	0	0	0
E7.75	E775_Allantois	Allantois	1.31	-0.06	2.1	2.7	3.8	2.1	2.7	3.4	0	2.1	0	2.1	0	0	0	0	0	2.1	2.1	2.7	2.7	0	0	0	0	0
E7.75	E775_Extraembryonic_mesoderm	Extraembryonic_mesoderm	0	-2.35	2.5	0	1.9	1.9	3.3	2.5	2.5	1.9	0	2.5	0	0	0	0	1.9	3.7	2.5	1.9	1.9	0	0	0	2.5	1.9
E7.75	E775_Allantois	Allantois	3.69	2.04	0	0	3.4	3.1	2.5	1.9	0	1.9	0	0	1.9	2.9	2.5	0	0	1.9	1.9	2.5	4.2	0	0	1.9	0	0
E7.75	E775_Extraembryonic_mesoderm	Extraembryonic_mesoderm	-1.72	2.31	0	0	3.9	2.4	3.1	0	0	3.1	0	0	0	2.4	0	0	0	2.4	0	3.1	3.9	0	0	0	2.4	0
E7.75	E775_Allantois	Allantois	0.38	1.16	0	2.5	3.8	0	2.9	2.5	1.9	1.9	0	0	0	2.9	1.9	0	0	0	1.9	2.5	3.7	1.9	0	0	1.9	0
E7.75	E775_Extraembryonic_mesoderm	Extraembryonic_mesoderm	-0.11	-4.36	0	0	2.9	2.6	1.9	1.9	1.9	0	0	0	0	0	0	0	1.9	3.2	1.9	3.2	1.9	0	0	0	0	1.9
E7.75	E775_Allantois	Allantois	2.45	-0.88	0	0	2.9	0	2.2	0	0	2.2	0	0	0	0	0	0	0	0	0	2.9	2.9	0	0	0	0	0
E7.75	E775_Allantois	Allantois	2.34	3.87	0	0	3.7	3	2.6	2	3	0	0	0	0	3.3	0	0	0	0	0	2	4.5	0	0	0	0	0
E7.75	E775_Extraembryonic_mesoderm	Extraembryonic_mesoderm	-1.33	-1.84	0	2.2	2.2	0	0	3.6	0	2.9	2.2	0	2.2	0	0	0	2.2	3.8	2.2	0	3.9	0	0	2.2	0	0
E7.75	E775_Extraembryonic_mesoderm	Extraembryonic_mesoderm	-1.36	-2.93	0	0	2.3	2.3	3.7	3.7	0	2.3	0	0	0	2.3	0	0	4.1	4.1	0	2.3	4.3	2.3	0	2.3	2.3	3
E7.75	E775_Extraembryonic_mesoderm	Extraembryonic_mesoderm	1.97	-1.19	2.4	0	3.5	2.4	2.4	2.4	3.1	2.4	0	2.4	0	0	0	0	0	0	0	2.4	3.5	0	0	0	0	0
E7.75	E775_Extraembryonic_mesoderm	Extraembryonic_mesoderm	0.71	-4.66	0	0	1.5	1.5	2	0	0	0	0	0	0	0	0	0	2.4	3.9	2.4	2.9	2.4	0	1.5	0	2.4	0
E7.75	E775_Extraembryonic_mesoderm	Extraembryonic_mesoderm	-1.72	-0.86	2.8	0	3.5	3.7	1.9	1.9	1.9	0	0	2.8	1.9	1.9	1.9	0	1.9	3.1	1.9	2.5	3.1	0	0	1.9	0	0
E7.75	E775_Allantois	Allantois	-0.02	2.75	0	0	3.2	2.2	3.9	2.5	3	2.2	1.6	0	1.6	2.5	0	1.6	0	0	0	1.6	3.3	0	0	0	0	0
E7.75	E775_Allantois	Allantois	2.02	1.25	1.7	1.7	3.2	2.3	3.2	1.7	1.7	1.7	1.7	1.7	2.3	2.3	0	0	0	1.7	0	2.3	3	0	0	0	0	0
E7.75	E775_Allantois	Allantois	1.2	2.21	2.4	0	4	1.8	2.8	3.8	3.3	1.8	2.4	2.4	0	1.8	0	0	0	0	0	2.4	3.9	0	0	0	0	0
E7.75	E775_Extraembryonic_mesoderm	Extraembryonic_mesoderm	-1.19	-4.47	0	0	0	0	3.3	2.2	3.3	0	0	0	0	0	0	0	0	2.9	0	3.8	0	0	0	0	2.9	0
E7.75	E775_Extraembryonic_mesoderm	Extraembryonic_mesoderm	-0.08	0.7	0	0	3.5	0	3.2	2.7	0	1.7	3	0	2.7	2.3	1.7	0	0	2.3	2.7	2.7	4.6	0	1.7	0	0	0
E7.75	E775_Extraembryonic_mesoderm	Extraembryonic_mesoderm	-2.24	-4.39	0	2.3	4.2	0	3.6	2.7	0	1.7	0	0	0	0	0	0	2.3	3.7	0	1.7	4.6	0	0	2.3	1.7	2.3
E7.75	E775_Extraembryonic_mesoderm	Extraembryonic_mesoderm	-3.66	-0.81	2	0	2	2.6	2.6	2.6	0	2	2	2	2.6	2	0	0	0	3	2	3	4.8	0	0	0	2.6	0
E7.75	E775_Extraembryonic_mesoderm	Extraembryonic_mesoderm	0.03	-0.52	1.6	2.6	3.9	2.6	0	2.6	2.6	1.6	1.6	1.6	0	1.6	0	0	2.2	0	1.6	3.7	4.7	0	1.6	1.6	1.6	0
E7.75	E775_Extraembryonic_mesoderm	Extraembryonic_mesoderm	-3.03	-2.82	0	2	2	0	2	0	0	0	0	0	2	2	0	0	3.1	2.7	3.5	0	5	2	0	0	2	0
E7.75	E775_Extraembryonic_mesoderm	Extraembryonic_mesoderm	0.25	-3.91	0	2.1	3.4	2.1	0	0	2.7	0	0	0	0	0	0	0	3.6	3.4	2.1	2.7	3.1	0	0	2.1	2.1	0
E7.75	E775_Extraembryonic_mesoderm	Extraembryonic_mesoderm	0.06	-2.61	0	0	0	0	2.3	0	2.9	2.3	0	0	0	0	0	0	2.3	3.3	2.9	2.9	4.1	0	0	0	2.3	0
E7.75	E775_Allantois	Allantois	0.18	5.22	2.3	2.3	3.7	3.3	2.7	1.7	4.2	2.3	1.7	2.3	1.7	1.7	0	0	0	0	0	3.3	3.5	1.7	0	0	1.7	0
E7.75	E775_Extraembryonic_mesoderm	Extraembryonic_mesoderm	1.95	0.65	0	0	3.6	2.1	2.7	2.1	3.6	2.7	2.7	0	0	0	2.7	2.1	0	2.7	3.1	2.7	3.7	0	0	2.1	0	0
E7.75	E775_Extraembryonic_mesoderm	Extraembryonic_mesoderm	-2.46	-3.59	0	2.4	1.8	2.4	3.9	2.4	1.8	0	0	0	0	0	0	0	4.7	3.1	2.4	3.8	4.8	0	1.8	0	0	0
E7.75	E775_Extraembryonic_mesoderm	Extraembryonic_mesoderm	1.73	-1.37	2.5	0	2.5	0	0	0	0	0	0	2.5	0	0	0	0	0	0	2.5	3.2	2.5	0	0	3.2	3.2	0
E7.75	E775_Allantois	Allantois	0.18	1.46	1.7	2.3	4.2	2.3	2.9	3.5	0	1.7	0	1.7	2.3	0	1.7	0	0	3.3	1.7	2.3	4.3	0	0	0	1.7	0
E7.75	E775_Extraembryonic_mesoderm	Extraembryonic_mesoderm	0.96	-4.43	0	0	0	2.4	0	0	0	1.8	0	0	0	1.8	0	0	0	2.4	1.8	3.3	1.8	1.8	0	0	0	0
E7.75	E775_Extraembryonic_mesoderm	Extraembryonic_mesoderm	-5.59	-2.44	0	0	0	0	2.4	0	0	0	0	0	0	0	0	0	2.4	0	3.5	0	4	2.4	0	0	0	0
E7.75	E775_Allantois	Allantois	3.15	2.03	0	0	2.9	2.5	0	1.9	1.9	1.9	1.9	0	0	1.9	0	0	0	0	2.5	0	3.6	0	0	0	1.9	0
E7.75	E775_Extraembryonic_mesoderm	Extraembryonic_mesoderm	4.69	0.49	0	0	4.2	0	2.3	0	2.9	0	0	0	0	0	0	0	0	0	0	4.4	4.1	0	0	0	0	0
E7.75	E775_Allantois	Allantois	0.63	4.47	1.9	0	2.9	2.9	3.4	3.2	2.5	2.9	1.9	1.9	2.5	2.5	0	1.9	0	0	1.9	2.9	3.4	0	1.9	0	0	0
E7.75	E775_Extraembryonic_mesoderm	Extraembryonic_mesoderm	-0.09	0.99	0	1.7	4	3	3.3	2.7	0	0	0	0	1.7	0	0	0	0	0	2.7	2.3	3.3	0	0	0	0	0
E7.75	E775_Allantois	Allantois	2.86	-0.41	0	0	3.2	1.9	1.9	1.9	2.6	2.6	0	0	0	0	0	0	0	2.6	0	0	2.9	0	0	2.6	0	0
E7.75	E775_Extraembryonic_mesoderm	Extraembryonic_mesoderm	-1.79	-3.66	0	0	0	0	0	3	3	0	0	0	0	0	0	0	4.3	3	0	3	4.5	0	0	0	0	3
E7.75	E775_Allantois	Allantois	2.26	-0.65	0	1.9	3.7	2.9	2.9	2.5	1.9	3.2	0	0	0	0	0	0	1.9	0	2.9	1.9	4.3	1.9	0	0	0	1.9
E7.75	E775_Allantois	Allantois	0.89	0.45	0	3	4	3	3.6	3	3	3	0	0	0	0	0	3	0	0	0	3	3	0	0	3	0	0
E7.75	E775_Allantois	Allantois	-2.18	0.86	0	0	3.5	2.8	4.3	0	0	3.5	0	0	3.5	0	0	0	0	3.5	0	2.8	4.5	0	0	0	0	0
E7.75	E775_Extraembryonic_mesoderm	Extraembryonic_mesoderm	3.46	-0.26	0	0	2.7	0	2.1	0	2.1	0	0	0	0	2.1	0	0	0	0	0	4.3	4.5	0	0	0	0	0
E7.75	E775_Allantois	Allantois	3.35	3.79	0	2.7	4.3	2.7	2.7	2.7	2.1	2.1	2.1	0	0	2.1	0	0	2.1	0	0	2.1	4.3	0	0	0	0	0
E7.75	E775_Allantois	Allantois	0.37	2.65	0	0	4.1	2.4	2.4	3	3	2.4	1.8	0	1.8	2.7	0	0	0	0	0	2.7	4.5	0	0	0	0	0
E7.75	E775_Allantois	Allantois	1.96	2.91	0	1.6	2.6	2.2	2.9	2.9	0	1.6	1.6	0	2.2	2.6	0	0	2.9	1.6	1.6	2.9	3.4	0	0	0	0	0
E7.75	E775_Extraembryonic_mesoderm	Extraembryonic_mesoderm	3.18	-0.62	0	2.2	4.2	2.2	2.2	2.2	0	3.7	0	0	2.9	0	0	0	0	0	2.2	2.2	2.9	0	0	2.9	0	0
E7.75	E775_Allantois	Allantois	0.35	2.47	2.7	3.1	3.1	3.6	3.6	0	2.1	2.1	3.1	2.7	0	2.7	0	0	0	0	0	2.7	4.5	0	0	0	2.1	0
E7.75	E775_Allantois	Allantois	1.34	3.08	2.1	2.1	3.2	3.7	2.9	2.1	3.1	2.7	1.5	2.1	0	2.1	1.5	0	0	1.5	1.5	2.9	3.4	0	0	0	0	0
E7.75	E775_Extraembryonic_mesoderm	Extraembryonic_mesoderm	-2.17	-4.73	0	0	1.9	3.3	2.5	2.5	2.5	1.9	0	0	0	0	0	0	2.5	3.9	0	4	4.3	0	0	1.9	0	0
E7.75	E775_Extraembryonic_mesoderm	Extraembryonic_mesoderm	1.04	-4.46	0	0	0	0	0	0	0	0	0	0	0	0	0	0	0	4	2.9	2.9	0	0	2.3	0	0	0
E7.75	E775_Allantois	Allantois	3.51	1.46	2	0	0	0	3.2	0	2	0	2	2	2	2	0	0	0	0	2.9	0	3.4	0	0	0	2	0
E7.75	E775_Allantois	Allantois	0.79	4.51	0	0	2.4	3	3.4	2.4	3.7	0	0	0	2.4	0	0	0	0	0	2.4	3.4	4.4	0	0	0	0	0
E7.75	E775_Allantois	Allantois	2.25	3.73	0	2.3	3.6	2.7	3.5	3.1	2.7	1.7	1.7	0	2.3	0	1.7	1.7	0	1.7	0	2.7	4.5	0	0	0	0	0
E7.75	E775_Extraembryonic_mesoderm	Extraembryonic_mesoderm	-1.87	0.38	2.4	0	2.4	4	3.1	3.1	0	0	0	2.4	0	2.4	0	0	0	3.5	0	2.4	3.5	0	0	0	0	0
E7.75	E775_Allantois	Allantois	2.81	1.45	2.6	0	3.7	2	2.6	3	0	2	3	2.6	0	0	0	0	0	2	0	2	3.5	0	0	0	0	0
E7.75	E775_Extraembryonic_mesoderm	Extraembryonic_mesoderm	2.07	-2.27	0	0	3.4	0	0	0	0	2.1	0	0	0	0	0	0	0	3.1	0	2.7	3.1	0	0	0	2.1	0
E7.75	E775_Extraembryonic_mesoderm	Extraembryonic_mesoderm	1.47	0.3	2	2.6	3.3	2.6	2	3.3	0	2.6	0	2	0	0	0	2	0	0	0	0	2.6	0	0	0	2	0
E7.75	E775_Allantois	Allantois	0.29	2.15	0	0	3.7	3.3	3.7	2.6	2.6	2.6	0	0	2.6	2.6	2.6	0	0	0	2.6	3.3	3.9	0	0	0	0	0
E7.75	E775_Allantois	Allantois	0.84	3.37	0	2.1	4.1	3.6	3.7	2.1	2.7	0	2.1	0	0	2.7	0	2.1	0	0	0	3.3	4.9	0	0	0	2.1	0
E7.75	E775_Allantois	Allantois	1.17	2.04	0	0	4.1	2.4	2.4	3	0	0	0	0	2.4	0	2.4	0	0	0	0	2.4	4.6	0	0	2.4	0	0
E7.75	E775_Extraembryonic_mesoderm	Extraembryonic_mesoderm	3.81	0.53	0	2.7	3.6	2.7	3.1	2.1	0	3.1	0	0	0	2.1	0	0	0	0	0	0	4.7	0	0	0	0	0
E7.75	E775_Allantois	Allantois	3.32	2.51	0	0	3.7	0	0	3	3	2.3	2.3	0	3.4	3.4	0	0	0	0	2.3	3	4.9	0	0	0	0	0
E7.75	E775_Extraembryonic_mesoderm	Extraembryonic_mesoderm	-0.21	-0.02	2.7	1.8	1.8	2.4	0	2.4	1.8	2.7	1.8	2.7	2.4	0	0	0	0	0	2.7	1.8	2.7	0	0	0	0	0
E7.75	E775_Extraembryonic_mesoderm	Extraembryonic_mesoderm	0.71	1.09	0	0	3.4	0	2.7	2.7	2.7	0	0	0	0	3.4	0	0	0	0	0	0	4.7	0	0	3.4	2.7	0
E7.75	E775_Extraembryonic_mesoderm	Extraembryonic_mesoderm	-0.38	-2.78	0	0	2.5	1.9	2.9	2.5	2.5	0	0	0	1.9	0	0	0	1.9	3.2	1.9	2.5	3.2	1.9	0	2.5	0	0
E7.75	E775_Extraembryonic_mesoderm	Extraembryonic_mesoderm	4.06	1.33	0	0	4.1	0	2.7	3.9	0	0	0	0	0	0	0	0	0	0	0	2	4.3	0	0	2	0	0
E7.75	E775_Allantois	Allantois	-2.14	0.49	0	2.8	3.2	2.8	3.5	3.5	0	2.8	2.2	0	0	0	0	0	0	0	2.2	3.2	3.9	0	0	0	2.2	0
E7.75	E775_Allantois	Allantois	1.71	-0.21	1.7	0	3.2	0	2.7	2.7	0	1.7	0	1.7	2.3	0	0	1.7	0	1.7	0	0	3.2	0	0	1.7	0	0
E7.75	E775_Allantois	Allantois	2.62	0.5	0	1.9	2.5	0	1.9	1.9	1.9	1.9	1.9	0	0	0	0	0	0	1.9	1.9	2.5	4.6	0	0	0	0	0
E7.75	E775_Allantois	Allantois	0.88	2.47	0	2.6	3.3	2.6	2.6	2.6	0	2.6	2.6	0	0	0	0	0	0	0	0	0	0	0	0	0	0	0
E7.75	E775_Allantois	Allantois	-2.9	0.41	1.8	0	4.2	3.3	3.3	4	0	1.8	1.8	1.8	1.8	2.5	0	1.8	0	3.1	1.8	2.5	4.1	0	0	1.8	1.8	0
E7.75	E775_Allantois	Allantois	2.02	4.39	0	0	3.3	0	0	3.9	3.3	2.6	0	0	2.6	2.6	2.6	0	0	0	0	0	3.7	0	0	0	0	0
E7.75	E775_Allantois	Allantois	1.41	0.81	1.9	1.9	2.9	0	2.6	1.9	2.6	2.6	1.9	1.9	1.9	0	0	1.9	0	0	1.9	1.9	3.4	0	0	2.6	0	0
E7.75	E775_Allantois	Allantois	1.92	1.91	2	2	3.6	2	3.2	2	0	2	0	2	3.2	0	0	0	0	2	0	0	3.9	0	0	0	2	0
E7.75	E775_Extraembryonic_mesoderm	Extraembryonic_mesoderm	-1.32	-2.66	2	0	2.6	3	3	3.2	0	3	0	2	0	2	0	0	2	3.2	2	3	4.5	0	0	2	0	0
E7.75	E775_Extraembryonic_mesoderm	Extraembryonic_mesoderm	1.07	-3.71	0	0	1.7	2.7	0	0	0	2.7	0	0	0	0	0	0	0	3.5	1.7	3.5	3.5	0	1.7	1.7	0	0
E7.75	E775_Extraembryonic_mesoderm	Extraembryonic_mesoderm	0.66	-4.54	0	0	2.4	1.8	0	0	0	0	0	0	0	0	0	0	0	3.5	0	2.7	1.8	1.8	1.8	2.4	0	0
E7.75	E775_Extraembryonic_mesoderm	Extraembryonic_mesoderm	1.32	-0.54	0	0	3.9	0	2.5	2.5	1.9	1.9	0	0	0	0	0	0	0	0	0	3.5	4.1	0	0	2.5	0	0
E7.75	E775_Allantois	Allantois	0.56	2.9	0	1.8	3.6	3.2	2.8	2.8	1.8	2.4	1.8	0	2.4	0	1.8	0	0	2.4	0	3	4.5	0	0	0	0	0
E7.75	E775_Extraembryonic_mesoderm	Extraembryonic_mesoderm	1.86	-0.98	0	0	2.9	0	2.3	2.3	0	2.3	0	0	0	0	0	0	0	2.3	0	2.3	2.3	0	0	0	2.3	0
E7.75	E775_Extraembryonic_mesoderm	Extraembryonic_mesoderm	1.08	-4.52	0	0	0	0	0	0	0	0	0	0	0	0	0	0	1.9	2.5	1.9	3.1	1.9	0	2.5	1.9	2.5	0
E7.75	E775_Extraembryonic_mesoderm	Extraembryonic_mesoderm	0.93	-1.41	0	0	3.7	0	3.7	4.1	3	0	0	0	0	0	0	0	0	0	0	0	3.7	0	0	0	3	0
E7.75	E775_Extraembryonic_mesoderm	Extraembryonic_mesoderm	-0.55	-0.06	0	0	3.2	3.2	0	2.2	0	0	0	0	0	0	0	0	2.2	3.5	2.8	2.8	4.5	0	0	0	0	0
E7.75	E775_Extraembryonic_mesoderm	Extraembryonic_mesoderm	-2.51	-4.35	0	1.7	0	3	2.3	3	0	0	0	0	0	1.7	0	0	2.3	4.3	2.3	3.6	5.3	0	2.3	0	0	0
E7.75	E775_Extraembryonic_mesoderm	Extraembryonic_mesoderm	-3.14	-2.34	0	0	3.8	2.7	0	2.7	0	0	0	0	0	0	0	0	3.4	3.6	3.4	3.1	5.1	0	0	0	2.1	2.1
