day	Anno	celltype	UMAP_1	UMAP_2	Cenpa	Crabp2	Foxb1	Hoxa1	Pax6
E7.75	E775_Caudal_neurectoderm	Caudal_neurectoderm	-2.21	0.84	3.4	3.8	2.6	2.6	0
E7.75	E775_Caudal_neurectoderm	Caudal_neurectoderm	1.46	-2.33	3.3	3	2.3	0	0
E7.75	E775_Caudal_neurectoderm	Caudal_neurectoderm	4.25	-1.81	3.9	2.5	0	2.5	0
E7.75	E775_Caudal_neurectoderm	Caudal_neurectoderm	-1.93	0.2	3.1	3.5	3.1	2.4	0
E7.75	E775_Caudal_neurectoderm	Caudal_neurectoderm	0.89	-2.59	3.2	0	1.9	1.9	0
E7.75	E775_Caudal_neurectoderm	Caudal_neurectoderm	2.36	-1.51	3.2	4.1	2.2	0	0
E7.75	E775_Caudal_neurectoderm	Caudal_neurectoderm	2.83	-2.63	2.7	3.1	2.7	3.4	0
E7.75	E775_Caudal_neurectoderm	Caudal_neurectoderm	-2.67	-2.6	3.1	3.3	2.4	0	0
E7.75	E775_Caudal_neurectoderm	Caudal_neurectoderm	0.91	-0.67	0	0	2.8	2.8	0
E7.75	E775_Caudal_neurectoderm	Caudal_neurectoderm	2.5	-4.07	3.2	2.9	1.9	2.9	0
E7.75	E775_Caudal_neurectoderm	Caudal_neurectoderm	-0.18	-1.12	3.4	0	0	0	0
E7.75	E775_Caudal_neurectoderm	Caudal_neurectoderm	-3.36	-0.61	3.8	3.1	1.8	2.5	0
E7.75	E775_Caudal_neurectoderm	Caudal_neurectoderm	-0.04	-0.05	2.2	2.9	2.2	2.2	0
E7.75	E775_Caudal_neurectoderm	Caudal_neurectoderm	-1.03	-3.06	3.1	3.3	0	2.7	0
E7.75	E775_Caudal_neurectoderm	Caudal_neurectoderm	0.6	-0.89	3.9	2.8	2.2	2.2	0
E7.75	E775_Caudal_neurectoderm	Caudal_neurectoderm	-0.36	-0.17	4.1	3	0	0	0
E7.75	E775_Caudal_neurectoderm	Caudal_neurectoderm	-0.39	1.5	3.6	3	3	0	0
E7.75	E775_Caudal_neurectoderm	Caudal_neurectoderm	0.96	-0.39	3.5	3.8	0	0	0
E7.75	E775_Caudal_neurectoderm	Caudal_neurectoderm	1.98	0.17	0	3.6	0	0	0
E7.75	E775_Caudal_neurectoderm	Caudal_neurectoderm	0.54	-0.88	3.9	4.2	2.9	0	0
E7.75	E775_Caudal_neurectoderm	Caudal_neurectoderm	0.16	-2.41	3.2	3.7	2.2	0	0
E7.75	E775_Caudal_neurectoderm	Caudal_neurectoderm	0.3	-0.53	3.4	3.9	0	0	0
E7.75	E775_Caudal_neurectoderm	Caudal_neurectoderm	-3.57	-0.47	3.8	2.6	0	2.2	0
E7.75	E775_Caudal_neurectoderm	Caudal_neurectoderm	3.09	-3.85	3	3	3	2.6	0
E7.75	E775_Caudal_neurectoderm	Caudal_neurectoderm	3.75	1.27	3.9	0	0	3.2	0
E7.75	E775_Caudal_neurectoderm	Caudal_neurectoderm	1.25	0.5	0	3.4	0	2.7	0
E7.75	E775_Caudal_neurectoderm	Caudal_neurectoderm	-0.29	-3.08	0	2.2	0	2.2	0
E7.75	E775_Caudal_neurectoderm	Caudal_neurectoderm	0.53	-3.37	2.4	3.4	0	3	0
E7.75	E775_Caudal_neurectoderm	Caudal_neurectoderm	-1.43	0.2	3.4	4.2	2.1	0	0
E7.75	E775_Caudal_neurectoderm	Caudal_neurectoderm	0.61	-1.89	3	3.4	0	3	0
E7.75	E775_Caudal_neurectoderm	Caudal_neurectoderm	0.13	3.78	3.6	0	2.3	0	0
E7.75	E775_Caudal_neurectoderm	Caudal_neurectoderm	-0.64	0.77	0	2.5	0	0	0
E7.75	E775_Caudal_neurectoderm	Caudal_neurectoderm	4.72	-1.04	3.3	2.3	0	2.9	0
E7.75	E775_Caudal_neurectoderm	Caudal_neurectoderm	-1.19	0.37	2.8	2.2	0	2.2	0
E7.75	E775_Caudal_neurectoderm	Caudal_neurectoderm	-0.11	1.27	3.8	3.8	0	0	0
E7.75	E775_Caudal_neurectoderm	Caudal_neurectoderm	-3.73	-1.1	4.1	2.9	2.9	0	0
E7.75	E775_Caudal_neurectoderm	Caudal_neurectoderm	1.43	-1.08	3.3	3.3	0	2.3	0
E7.75	E775_Caudal_neurectoderm	Caudal_neurectoderm	-0.87	0.42	4.1	2.7	2.7	0	0
E7.75	E775_Caudal_neurectoderm	Caudal_neurectoderm	-2.66	-1.32	2.2	0	3.3	2.2	0
E7.75	E775_Caudal_neurectoderm	Caudal_neurectoderm	-0.84	-0.04	3.4	2.1	0	0	0
E7.75	E775_Caudal_neurectoderm	Caudal_neurectoderm	1.07	-0.52	4.2	2.6	2.6	2.6	0
E7.75	E775_Caudal_neurectoderm	Caudal_neurectoderm	-1.37	4.72	3.5	3.2	3.1	3.2	0
E7.75	E775_Caudal_neurectoderm	Caudal_neurectoderm	-0.41	0.42	3.4	2.7	0	0	0
E7.75	E775_Caudal_neurectoderm	Caudal_neurectoderm	-3	-1.87	3.4	3.2	0	0	0
E7.75	E775_Caudal_neurectoderm	Caudal_neurectoderm	-2.01	0	3.3	3.3	0	2.6	0
E7.75	E775_Caudal_neurectoderm	Caudal_neurectoderm	0.82	-2.79	2.8	2.8	3.1	4	0
E7.75	E775_Caudal_neurectoderm	Caudal_neurectoderm	2.43	-0.34	3.4	2.5	2.9	3.2	0
E7.75	E775_Caudal_neurectoderm	Caudal_neurectoderm	-1.41	-2.4	3.5	2.9	1.5	1.5	0
E7.75	E775_Caudal_neurectoderm	Caudal_neurectoderm	-1.31	-0.22	3.3	3.3	0	2.7	0
E7.75	E775_Caudal_neurectoderm	Caudal_neurectoderm	0.75	0.11	2.3	3	0	2.3	0
E7.75	E775_Caudal_neurectoderm	Caudal_neurectoderm	-2.93	0.81	3.5	3.7	1.9	2.9	0
E7.75	E775_Caudal_neurectoderm	Caudal_neurectoderm	-2.52	-0.59	1.9	3.2	0	2.5	0
E7.75	E775_Caudal_neurectoderm	Caudal_neurectoderm	-1.18	-0.35	0	0	0	0	0
E7.75	E775_Caudal_neurectoderm	Caudal_neurectoderm	0.53	0.53	3.6	4.7	0	0	0
E7.75	E775_Caudal_neurectoderm	Caudal_neurectoderm	-1.86	-2.06	0	2.2	0	2.9	0
E7.75	E775_Caudal_neurectoderm	Caudal_neurectoderm	-0.48	-0.98	3.1	3.1	2.4	3.5	0
E7.75	E775_Caudal_neurectoderm	Caudal_neurectoderm	4.67	-0.19	3.3	2.3	2.3	3.3	0
E7.75	E775_Caudal_neurectoderm	Caudal_neurectoderm	1.51	0.35	0	0	0	3	0
E7.75	E775_Caudal_neurectoderm	Caudal_neurectoderm	-1.73	0.93	3.6	3.4	2.1	4.1	0
E7.75	E775_Caudal_neurectoderm	Caudal_neurectoderm	4.3	0.73	3.2	2.2	0	4.6	0
E7.75	E775_Caudal_neurectoderm	Caudal_neurectoderm	2.83	0.77	2.9	3.3	1.5	2.1	0
E7.75	E775_Caudal_neurectoderm	Caudal_neurectoderm	3.5	0.45	3.7	3.4	0	2.2	0
E7.75	E775_Caudal_neurectoderm	Caudal_neurectoderm	-1.63	3.11	3.6	3.4	0	4.5	0
E7.75	E775_Caudal_neurectoderm	Caudal_neurectoderm	-1.54	0.73	2.8	3.9	0	2.8	0
E7.75	E775_Caudal_neurectoderm	Caudal_neurectoderm	-3.63	2.82	3.2	3.7	2.3	4.2	0
E7.75	E775_Caudal_neurectoderm	Caudal_neurectoderm	1.73	0.48	2.6	2.6	0	3.2	0
E7.75	E775_Caudal_neurectoderm	Caudal_neurectoderm	1.99	1.45	3.1	3.4	2.1	3.4	0
E7.75	E775_Caudal_neurectoderm	Caudal_neurectoderm	-3.5	2.35	3.4	3.8	0	3.6	0
E7.75	E775_Caudal_neurectoderm	Caudal_neurectoderm	0.56	1.05	3.6	3.6	0	3.6	0
E7.75	E775_Caudal_neurectoderm	Caudal_neurectoderm	3.48	1.14	3.2	0	0	2.2	0
E7.75	E775_Caudal_neurectoderm	Caudal_neurectoderm	-1.5	2.34	0	3.9	2.7	3.9	0
E7.75	E775_Caudal_neurectoderm	Caudal_neurectoderm	-0.97	0.22	2.6	3.2	3.2	2.6	0
E7.75	E775_Caudal_neurectoderm	Caudal_neurectoderm	0.44	-1.06	3.5	3.3	0	1.7	0
E7.75	E775_Caudal_neurectoderm	Caudal_neurectoderm	-3.68	2.71	4	4.4	3.5	4.1	0
E7.75	E775_Caudal_neurectoderm	Caudal_neurectoderm	-1.51	4.3	3.7	2.7	0	3.1	0
E7.75	E775_Caudal_neurectoderm	Caudal_neurectoderm	-0.02	-1.63	2.3	4	2.3	3.1	0
E7.75	E775_Caudal_neurectoderm	Caudal_neurectoderm	-1.54	-0.27	3.1	3.9	2.4	0	0
E7.75	E775_Caudal_neurectoderm	Caudal_neurectoderm	-1.79	0.34	2.6	3.6	0	3.6	0
E7.75	E775_Caudal_neurectoderm	Caudal_neurectoderm	2.06	1.48	3.2	3.8	0	3.8	0
E7.75	E775_Caudal_neurectoderm	Caudal_neurectoderm	-2.21	1.79	3.3	3.3	2.3	4	0
E7.75	E775_Caudal_neurectoderm	Caudal_neurectoderm	-1.89	2.1	2.6	3	2.6	2	0
E7.75	E775_Caudal_neurectoderm	Caudal_neurectoderm	2.18	-0.12	2.7	3.6	2.1	3.6	0
E7.75	E775_Caudal_neurectoderm	Caudal_neurectoderm	-3.47	3.56	3.9	3.7	1.9	4	0
E7.75	E775_Caudal_neurectoderm	Caudal_neurectoderm	0.02	2.05	0	4.1	0	4.3	0
E7.75	E775_Caudal_neurectoderm	Caudal_neurectoderm	-3.46	1.88	4.6	4.2	0	2.5	0
E7.75	E775_Caudal_neurectoderm	Caudal_neurectoderm	4.05	0.79	2.2	2.8	0	4.4	0
E7.75	E775_Caudal_neurectoderm	Caudal_neurectoderm	-0.22	1.02	3.7	0	0	4	0
E7.75	E775_Caudal_neurectoderm	Caudal_neurectoderm	-3.09	2.16	2.6	3.2	2	4.5	0
E7.75	E775_Caudal_neurectoderm	Caudal_neurectoderm	1.54	-0.59	0	3.3	3.3	2.2	0
E7.75	E775_Caudal_neurectoderm	Caudal_neurectoderm	-0.99	-1.26	4	3.3	0	3.6	0
E7.75	E775_Caudal_neurectoderm	Caudal_neurectoderm	0.4	-0.92	0	3.4	0	2.7	0
E7.75	E775_Caudal_neurectoderm	Caudal_neurectoderm	2.87	-0.55	3.9	0	0	3.5	0
E7.75	E775_Caudal_neurectoderm	Caudal_neurectoderm	-0.73	-2.88	2.3	2.9	0	2.3	0
E7.75	E775_Caudal_neurectoderm	Caudal_neurectoderm	0.24	0.53	4.5	3.4	0	3.4	0
E7.75	E775_Caudal_neurectoderm	Caudal_neurectoderm	5.33	-0.42	4.4	2.7	2.1	3.6	0
E7.75	E775_Caudal_neurectoderm	Caudal_neurectoderm	-1.19	1.4	3.9	4.3	0	3.4	0
E7.75	E775_Caudal_neurectoderm	Caudal_neurectoderm	3.8	-0.74	4	3.8	0	0	0
E7.75	E775_Caudal_neurectoderm	Caudal_neurectoderm	-0.85	0.7	4.1	3.8	2.9	3.8	0
E7.75	E775_Caudal_neurectoderm	Caudal_neurectoderm	-1.86	1.27	2.9	2.3	0	2.3	0
E7.75	E775_Caudal_neurectoderm	Caudal_neurectoderm	0.98	-1.61	2.9	3.6	0	0	0
E7.75	E775_Caudal_neurectoderm	Caudal_neurectoderm	-0.55	5.62	3.8	3.5	0	4.9	0
E7.75	E775_Caudal_neurectoderm	Caudal_neurectoderm	0.58	-1.03	4.2	3	0	3.3	0
E7.75	E775_Caudal_neurectoderm	Caudal_neurectoderm	-3.75	2.85	3.6	3.4	1.6	2.8	0
E7.75	E775_Caudal_neurectoderm	Caudal_neurectoderm	-2.83	0.92	3.2	3.4	1.9	4.1	0
E7.75	E775_Caudal_neurectoderm	Caudal_neurectoderm	2.2	2.82	0	4.2	0	3.6	0
E7.75	E775_Caudal_neurectoderm	Caudal_neurectoderm	-0.46	0.72	3.9	4.3	0	3.7	0
E7.75	E775_Caudal_neurectoderm	Caudal_neurectoderm	-2.39	2.32	2.3	3.9	0	3.6	0
E7.75	E775_Caudal_neurectoderm	Caudal_neurectoderm	2.1	2.72	3.3	4.1	2.7	3.7	0
E7.75	E775_Caudal_neurectoderm	Caudal_neurectoderm	1.95	-1.68	2.4	4	1.8	3.4	0
E7.75	E775_Caudal_neurectoderm	Caudal_neurectoderm	3.14	-0.59	3.1	2.5	0	3.5	0
E7.75	E775_Caudal_neurectoderm	Caudal_neurectoderm	2.33	1.97	0	2.3	2.3	2.9	0
E7.75	E775_Caudal_neurectoderm	Caudal_neurectoderm	2.95	2.35	3.7	4	0	3.7	0
E7.75	E775_Caudal_neurectoderm	Caudal_neurectoderm	3.16	-0.76	2.8	3.9	0	4.8	0
E7.75	E775_Caudal_neurectoderm	Caudal_neurectoderm	-4.29	0.69	3.4	0	0	2.5	0
E7.75	E775_Caudal_neurectoderm	Caudal_neurectoderm	4.96	-1.27	2.2	2.8	2.2	3.2	0
E7.75	E775_Caudal_neurectoderm	Caudal_neurectoderm	1.75	1.05	3.2	4.4	1.9	3.9	0
E7.75	E775_Caudal_neurectoderm	Caudal_neurectoderm	3.06	-2.87	2.6	2.6	1.9	1.9	0
E7.75	E775_Caudal_neurectoderm	Caudal_neurectoderm	-3.14	-0.46	3.5	4.6	0	1.7	0
E7.75	E775_Caudal_neurectoderm	Caudal_neurectoderm	2.69	1.49	3.9	4.6	0	4.2	3.1
E7.75	E775_Caudal_neurectoderm	Caudal_neurectoderm	-1.13	-1.5	2.9	3.3	0	3.5	0
E7.75	E775_Caudal_neurectoderm	Caudal_neurectoderm	-4.56	0.91	4.4	3.6	1.9	4.1	0
E7.75	E775_Caudal_neurectoderm	Caudal_neurectoderm	-1.73	3.85	3.5	4.8	2.9	1.9	2.5
E7.75	E775_Caudal_neurectoderm	Caudal_neurectoderm	2.16	1.04	3.4	4.5	1.8	2.4	0
E7.75	E775_Caudal_neurectoderm	Caudal_neurectoderm	0.48	2.83	2.4	4.9	2.4	4.2	0
E7.75	E775_Caudal_neurectoderm	Caudal_neurectoderm	1.83	2.18	2.9	4.2	0	2.4	2.1
E7.75	E775_Caudal_neurectoderm	Caudal_neurectoderm	2.07	-3.13	3.4	3.4	0	2.6	0
E7.75	E775_Caudal_neurectoderm	Caudal_neurectoderm	3.39	1.79	3.7	4.2	2.7	4	0
E7.75	E775_Caudal_neurectoderm	Caudal_neurectoderm	-4.48	0.53	3.7	3.7	0	0	1.9
E7.75	E775_Caudal_neurectoderm	Caudal_neurectoderm	-1.25	2.19	2.9	4.5	1.9	4.3	0
E7.75	E775_Caudal_neurectoderm	Caudal_neurectoderm	-3.46	3.99	3.9	3.1	0	4.3	1.9
E7.75	E775_Caudal_neurectoderm	Caudal_neurectoderm	-4.05	0.17	3.7	3.1	0	3.6	0
E7.75	E775_Caudal_neurectoderm	Caudal_neurectoderm	-1.03	-0.6	3.4	4.5	0	4.1	0
E7.75	E775_Caudal_neurectoderm	Caudal_neurectoderm	-3.57	-1.22	3.7	4	0	4	0
E7.75	E775_Caudal_neurectoderm	Caudal_neurectoderm	-0.96	2.94	4	4.9	1.7	3.1	1.7
E7.75	E775_Caudal_neurectoderm	Caudal_neurectoderm	-4.55	0.83	3.2	3.9	2.6	3	0
E7.75	E775_Caudal_neurectoderm	Caudal_neurectoderm	-2.42	3.1	3.5	5.1	2.3	4.4	1.7
E7.75	E775_Caudal_neurectoderm	Caudal_neurectoderm	-0.82	-0.01	4	4.8	0	4.3	0
E7.75	E775_Caudal_neurectoderm	Caudal_neurectoderm	0.46	2.75	2.6	4.8	2	3.9	0
E7.75	E775_Caudal_neurectoderm	Caudal_neurectoderm	-4.73	-0.16	3.8	2.7	1.8	0	0
E7.75	E775_Caudal_neurectoderm	Caudal_neurectoderm	1.68	-0.13	3.1	4.9	0	2.1	0
E7.75	E775_Caudal_neurectoderm	Caudal_neurectoderm	-1.61	-1.44	3.2	4.6	0	3.4	0
E7.75	E775_Caudal_neurectoderm	Caudal_neurectoderm	-4.61	-0.42	2.6	4.3	2	3.9	0
E7.75	E775_Caudal_neurectoderm	Caudal_neurectoderm	-4.35	-0.58	3.6	4.3	1.8	1.8	0
E7.75	E775_Caudal_neurectoderm	Caudal_neurectoderm	3.42	-2.46	3	3.5	0	0	0
E7.75	E775_Caudal_neurectoderm	Caudal_neurectoderm	-1.94	-3.24	3.8	2.6	0	3.9	0
E7.75	E775_Caudal_neurectoderm	Caudal_neurectoderm	0.91	-0.43	3.2	4.3	0	3.2	0
E7.75	E775_Caudal_neurectoderm	Caudal_neurectoderm	-3.39	3.82	3.7	5	0	4.8	0
E7.75	E775_Caudal_neurectoderm	Caudal_neurectoderm	1.37	3.68	3.5	4.3	1.9	3.5	0
E7.75	E775_Caudal_neurectoderm	Caudal_neurectoderm	0.93	1	3.3	3.7	0	2.5	0
E7.75	E775_Caudal_neurectoderm	Caudal_neurectoderm	-2.49	-0.61	3.1	3.9	3.1	2.7	0
E7.75	E775_Caudal_neurectoderm	Caudal_neurectoderm	-3.15	-2.52	3.8	2.1	0	3.6	0
E7.75	E775_Caudal_neurectoderm	Caudal_neurectoderm	2.37	1.88	3.6	4.7	2.1	3.9	0
E7.75	E775_Caudal_neurectoderm	Caudal_neurectoderm	-0.26	3.02	3.7	4.7	2	4.1	0
E7.75	E775_Caudal_neurectoderm	Caudal_neurectoderm	-0.73	-1.98	2.8	2.8	0	3.9	0
E7.75	E775_Caudal_neurectoderm	Caudal_neurectoderm	2.32	0.46	3.4	4	2.7	3.4	0
E7.75	E775_Caudal_neurectoderm	Caudal_neurectoderm	2.34	-3.4	3.3	2	0	2	0
E7.75	E775_Caudal_neurectoderm	Caudal_neurectoderm	2.35	-3.98	2.8	1.8	2.8	3.6	0
E7.75	E775_Caudal_neurectoderm	Caudal_neurectoderm	-1.38	3.2	3.3	4.9	0	3.9	2.8
E7.75	E775_Caudal_neurectoderm	Caudal_neurectoderm	0.02	-3.76	3.1	4.2	2.1	2.7	2.1
E7.75	E775_Caudal_neurectoderm	Caudal_neurectoderm	-1.19	-2.46	3	2.6	2	3	0
E7.75	E775_Caudal_neurectoderm	Caudal_neurectoderm	2.32	-2.55	2.7	2.1	0	2.7	0
E7.75	E775_Caudal_neurectoderm	Caudal_neurectoderm	-0.6	1.75	3.1	4.6	0	4.4	0
E7.75	E775_Caudal_neurectoderm	Caudal_neurectoderm	-4.7	0.07	3.1	3.9	1.8	0	0
E7.75	E775_Caudal_neurectoderm	Caudal_neurectoderm	-2.74	-0.13	4.7	4	2.3	3.6	0
E7.75	E775_Caudal_neurectoderm	Caudal_neurectoderm	-2.56	3.76	3.4	3.6	3.2	4.3	0
E7.75	E775_Caudal_neurectoderm	Caudal_neurectoderm	1.68	2.62	3.3	4.1	2	3.1	0
E7.75	E775_Caudal_neurectoderm	Caudal_neurectoderm	0.89	-3.19	3.5	2	2.6	0	0
E7.75	E775_Caudal_neurectoderm	Caudal_neurectoderm	-1.33	-1.79	1.9	3.6	0	3.6	0
E7.75	E775_Caudal_neurectoderm	Caudal_neurectoderm	1.62	2.04	3.3	4.2	0	3.9	0
E7.75	E775_Caudal_neurectoderm	Caudal_neurectoderm	-3.16	-0.78	3.6	3.6	1.9	4.1	0
E7.75	E775_Caudal_neurectoderm	Caudal_neurectoderm	-3.49	-0.91	3.1	3.4	2.1	2.7	0
E7.75	E775_Caudal_neurectoderm	Caudal_neurectoderm	-2.84	-1.21	0	4.3	0	4.1	0
E7.75	E775_Caudal_neurectoderm	Caudal_neurectoderm	-1.9	0.41	3.6	3.9	2.5	3.2	0
E7.75	E775_Caudal_neurectoderm	Caudal_neurectoderm	-2.14	-1.41	3.7	3.5	0	2.4	0
E7.75	E775_Caudal_neurectoderm	Caudal_neurectoderm	-1.58	-3.51	0	3	0	2.7	0
E7.75	E775_Caudal_neurectoderm	Caudal_neurectoderm	-0.62	-0.08	4	4	0	3.3	0
E7.75	E775_Caudal_neurectoderm	Caudal_neurectoderm	2.59	0.99	3.5	3.9	2.2	3.7	0
E7.75	E775_Caudal_neurectoderm	Caudal_neurectoderm	-2.01	-2.08	3.6	4.5	0	3.9	0
E7.75	E775_Caudal_neurectoderm	Caudal_neurectoderm	3.98	0.08	1.9	4.5	0	4.1	0
E7.75	E775_Caudal_neurectoderm	Caudal_neurectoderm	-1.94	2.59	2.1	3.9	2.1	4.5	0
E7.75	E775_Caudal_neurectoderm	Caudal_neurectoderm	-2.07	2.54	3.7	4.7	0	4.6	0
E7.75	E775_Caudal_neurectoderm	Caudal_neurectoderm	-2.52	-2.01	3.1	2.6	3.6	3.7	0
E7.75	E775_Caudal_neurectoderm	Caudal_neurectoderm	-3.23	2.45	4.3	4.3	3.4	4.6	0
E7.75	E775_Caudal_neurectoderm	Caudal_neurectoderm	-3.83	2.17	3.4	4.5	0	4.4	0
E7.75	E775_Caudal_neurectoderm	Caudal_neurectoderm	3.54	2.08	3	4	2.6	4	0
E7.75	E775_Caudal_neurectoderm	Caudal_neurectoderm	-3.44	-1.98	2.1	3.7	2.1	4	0
E7.75	E775_Caudal_neurectoderm	Caudal_neurectoderm	-1.05	-0.89	2.9	4	0	2.9	2.3
E7.75	E775_Caudal_neurectoderm	Caudal_neurectoderm	-3.49	-0.95	3.1	4	0	4.3	0
E7.75	E775_Caudal_neurectoderm	Caudal_neurectoderm	1.73	0.79	2.7	4	0	3.7	0
E7.75	E775_Caudal_neurectoderm	Caudal_neurectoderm	2.2	1.9	3	4.7	0	3.3	0
E7.75	E775_Caudal_neurectoderm	Caudal_neurectoderm	-2.07	-3.74	2.5	3.6	0	3.9	0
E7.75	E775_Caudal_neurectoderm	Caudal_neurectoderm	-3.6	0.06	0	3.6	2	2	0
E7.75	E775_Caudal_neurectoderm	Caudal_neurectoderm	-0.32	-1.47	3.5	4.3	2.6	4.1	0
E7.75	E775_Caudal_neurectoderm	Caudal_neurectoderm	-2.7	2.24	3.5	5.2	0	4.3	0
E7.75	E775_Caudal_neurectoderm	Caudal_neurectoderm	-0.99	-3.27	2.6	2	0	0	0
E7.75	E775_Caudal_neurectoderm	Caudal_neurectoderm	-4.86	2.57	3.2	4.1	0	3.7	0
E7.75	E775_Caudal_neurectoderm	Caudal_neurectoderm	-1.05	-0.82	3.8	3.1	0	3.6	1.8
E7.75	E775_Caudal_neurectoderm	Caudal_neurectoderm	-1.13	2.05	4.1	5.1	0	2.8	1.8
E7.75	E775_Caudal_neurectoderm	Caudal_neurectoderm	-4.85	0.01	3.8	3.7	1.8	1.8	0
E7.75	E775_Caudal_neurectoderm	Caudal_neurectoderm	3.11	-3	2.8	2.8	2.2	2.8	0
E7.75	E775_Caudal_neurectoderm	Caudal_neurectoderm	-1.49	-1.11	3	4.3	2	3.8	0
E7.75	E775_Caudal_neurectoderm	Caudal_neurectoderm	1.27	-3.22	3.7	3	0	3	0
E7.75	E775_Caudal_neurectoderm	Caudal_neurectoderm	2.65	1.15	3.4	5.2	1.7	4	0
E7.75	E775_Caudal_neurectoderm	Caudal_neurectoderm	0.5	0.13	3.6	4	3.4	0	2.1
E7.75	E775_Caudal_neurectoderm	Caudal_neurectoderm	-4.26	-0.4	2.5	3.1	0	4	0
E7.75	E775_Caudal_neurectoderm	Caudal_neurectoderm	1.54	2	3.3	5.3	2.6	3.5	2.6
E7.75	E775_Caudal_neurectoderm	Caudal_neurectoderm	-3.09	0.58	3	4.5	2	3.3	0
E7.75	E775_Caudal_neurectoderm	Caudal_neurectoderm	2.66	-1.41	2.6	2.9	0	3.8	0
E7.75	E775_Caudal_neurectoderm	Caudal_neurectoderm	-1.6	-3.64	3.5	0	2.2	2.2	0
E7.75	E775_Caudal_neurectoderm	Caudal_neurectoderm	-0.56	-2.23	3.3	4	0	2.5	0
E7.75	E775_Caudal_neurectoderm	Caudal_neurectoderm	-1.21	-3.34	2.9	3.4	1.9	0	0
E7.75	E775_Caudal_neurectoderm	Caudal_neurectoderm	1.06	-1.31	3.9	3.9	0	0	0
E7.75	E775_Caudal_neurectoderm	Caudal_neurectoderm	-1.69	-1.31	3.7	3.2	1.6	1.6	0
E7.75	E775_Caudal_neurectoderm	Caudal_neurectoderm	-1.89	3.47	4.2	5.1	0	3.2	2.4
E7.75	E775_Caudal_neurectoderm	Caudal_neurectoderm	-0.41	-2.68	2.6	3.3	3	2.6	0
E7.75	E775_Caudal_neurectoderm	Caudal_neurectoderm	-0.76	-2.36	3.2	2.2	0	3.2	0
E7.75	E775_Caudal_neurectoderm	Caudal_neurectoderm	1.16	1.6	2.6	4.8	0	4.2	2
E7.75	E775_Caudal_neurectoderm	Caudal_neurectoderm	-0.4	-3.55	2.1	3.1	2.8	0	2.1
E7.75	E775_Caudal_neurectoderm	Caudal_neurectoderm	0.86	2.11	3.6	4.6	0	3.4	0
E7.75	E775_Caudal_neurectoderm	Caudal_neurectoderm	-1.93	-0.52	3.3	3.3	0	3.8	0
E7.75	E775_Caudal_neurectoderm	Caudal_neurectoderm	-2.65	-2.98	3.6	2.8	0	2.8	0
E7.75	E775_Caudal_neurectoderm	Caudal_neurectoderm	3.97	-2.46	3.2	3.2	0	3.4	0
E7.75	E775_Caudal_neurectoderm	Caudal_neurectoderm	-1.65	3.46	3.7	5.1	0	3.6	2.6
E7.75	E775_Caudal_neurectoderm	Caudal_neurectoderm	1.24	1.48	2	5	0	4	0
E7.75	E775_Caudal_neurectoderm	Caudal_neurectoderm	-4.23	-1.09	3.1	3.6	2.4	0	0
E7.75	E775_Caudal_neurectoderm	Caudal_neurectoderm	-2.4	-2.91	3.3	3	0	2	0
E7.75	E775_Caudal_neurectoderm	Caudal_neurectoderm	1.18	0.71	2.9	4.5	0	4.2	0
E7.75	E775_Caudal_neurectoderm	Caudal_neurectoderm	-3.56	3.5	3	5.1	3	4.2	2
E7.75	E775_Caudal_neurectoderm	Caudal_neurectoderm	-1.78	-1.48	3.9	4	2.6	2	0
E7.75	E775_Caudal_neurectoderm	Caudal_neurectoderm	0.19	0.85	4.3	4.4	0	3.6	0
E7.75	E775_Caudal_neurectoderm	Caudal_neurectoderm	-0.38	-0.42	2.2	4.3	0	2.9	0
E7.75	E775_Caudal_neurectoderm	Caudal_neurectoderm	-0.29	3.53	3.3	4.6	1.8	3.1	1.8
E7.75	E775_Caudal_neurectoderm	Caudal_neurectoderm	4.35	-0.83	2.5	4.2	0	3.7	0
E7.75	E775_Caudal_neurectoderm	Caudal_neurectoderm	-0.26	-0.51	2.6	4.2	0	3	2
E7.75	E775_Caudal_neurectoderm	Caudal_neurectoderm	1.54	-2.02	3.1	4	0	4	2.1
E7.75	E775_Caudal_neurectoderm	Caudal_neurectoderm	3.7	1.91	3.2	4.8	0	3.9	0
E7.75	E775_Caudal_neurectoderm	Caudal_neurectoderm	-4.47	-0.78	3.5	2.3	1.7	3.2	0
E7.75	E775_Caudal_neurectoderm	Caudal_neurectoderm	-1.63	5.16	3.7	1.6	3	3	0
E7.75	E775_Caudal_neurectoderm	Caudal_neurectoderm	2.76	1.52	3.9	4.8	0	3.7	0
E7.75	E775_Caudal_neurectoderm	Caudal_neurectoderm	-2.47	-2.29	3.9	4.3	0	4.1	0
E7.75	E775_Caudal_neurectoderm	Caudal_neurectoderm	0.44	1.51	3.4	4.7	0	3.1	2.1
E7.75	E775_Caudal_neurectoderm	Caudal_neurectoderm	-2.34	2.86	4.3	4.8	0	3.2	0
E7.75	E775_Caudal_neurectoderm	Caudal_neurectoderm	-4.55	-0.86	3.5	3.9	0	3.1	0
E7.75	E775_Caudal_neurectoderm	Caudal_neurectoderm	4.43	0.04	4	4.1	0	3.7	0
E7.75	E775_Caudal_neurectoderm	Caudal_neurectoderm	0.43	-2.61	2	4.6	2	3.5	0
E7.75	E775_Caudal_neurectoderm	Caudal_neurectoderm	-4.02	0.21	3.9	4.5	0	4.2	0
E7.75	E775_Caudal_neurectoderm	Caudal_neurectoderm	1.6	-2.2	2.6	4.2	0	4	0
E7.75	E775_Caudal_neurectoderm	Caudal_neurectoderm	-3.12	-2.03	3.7	3	0	3.2	1.8
E7.75	E775_Caudal_neurectoderm	Caudal_neurectoderm	1.33	0.89	3.8	4.9	0	3.4	0
E7.75	E775_Caudal_neurectoderm	Caudal_neurectoderm	2.98	1.38	3.9	4.4	0	3	0
E7.75	E775_Caudal_neurectoderm	Caudal_neurectoderm	-1.18	-1.44	2.7	4.6	0	0	0
E7.75	E775_Caudal_neurectoderm	Caudal_neurectoderm	2.55	2.44	3.5	4.5	2	3.3	0
E7.75	E775_Caudal_neurectoderm	Caudal_neurectoderm	2.95	-2.52	4.2	3	2	3.8	0
E7.75	E775_Caudal_neurectoderm	Caudal_neurectoderm	-2.36	3.34	3.5	4.3	2.6	4.5	2.6
E7.75	E775_Caudal_neurectoderm	Caudal_neurectoderm	-2.02	-1.83	3.2	3	0	3.2	0
E7.75	E775_Caudal_neurectoderm	Caudal_neurectoderm	-0.06	2.77	2.6	4.9	3.3	3	3.3
E7.75	E775_Caudal_neurectoderm	Caudal_neurectoderm	-2.3	-2.61	3.6	3.5	1.4	2.6	0
E7.75	E775_Caudal_neurectoderm	Caudal_neurectoderm	-1.62	-2.5	2.6	4	2	4	0
E7.75	E775_Caudal_neurectoderm	Caudal_neurectoderm	-3.41	0.43	3.6	4	0	3.2	0
E7.75	E775_Caudal_neurectoderm	Caudal_neurectoderm	-3.61	-2.14	4.1	3.3	0	3.3	0
E7.75	E775_Caudal_neurectoderm	Caudal_neurectoderm	-2.66	3.92	3.9	5	2.7	3.7	1.7
E7.75	E775_Caudal_neurectoderm	Caudal_neurectoderm	2.92	1.88	2.8	4.8	0	3.2	0
E7.75	E775_Caudal_neurectoderm	Caudal_neurectoderm	0.1	-3.59	3.5	3.8	0	0	0
E7.75	E775_Caudal_neurectoderm	Caudal_neurectoderm	-2.03	-0.71	2.5	4.9	0	4.1	0
E7.75	E775_Caudal_neurectoderm	Caudal_neurectoderm	-0.71	-1.84	3.3	2.7	0	0	0
E7.75	E775_Caudal_neurectoderm	Caudal_neurectoderm	-3.86	-0.36	3.8	3.7	0	3.7	1.8
E7.75	E775_Caudal_neurectoderm	Caudal_neurectoderm	2.58	-3.04	3.9	3.7	2.2	0	0
E7.75	E775_Caudal_neurectoderm	Caudal_neurectoderm	2	-2.95	2.9	2.6	0	3.6	0
E7.75	E775_Caudal_neurectoderm	Caudal_neurectoderm	-1.69	-0.62	2.6	4.4	0	3.2	0
E7.75	E775_Caudal_neurectoderm	Caudal_neurectoderm	2.16	-2.62	3.4	4.1	1.6	4.1	0
E7.75	E775_Caudal_neurectoderm	Caudal_neurectoderm	-3.14	-2.29	3.6	3.4	2.4	3	0
E7.75	E775_Caudal_neurectoderm	Caudal_neurectoderm	-0.3	-2.41	0	4	0	3.7	0
E7.75	E775_Caudal_neurectoderm	Caudal_neurectoderm	-2.39	2.75	2.7	4.5	1.7	4.6	0
E7.75	E775_Caudal_neurectoderm	Caudal_neurectoderm	2.2	-3.6	3.4	2.9	3.4	3.5	0
E7.75	E775_Caudal_neurectoderm	Caudal_neurectoderm	-2.81	-1.4	3.5	4	0	2.7	0
E7.75	E775_Caudal_neurectoderm	Caudal_neurectoderm	-1.54	-3.26	2.1	2.7	2.1	3.4	0
E7.75	E775_Caudal_neurectoderm	Caudal_neurectoderm	-2.98	-2.43	3	2.7	1.7	2.3	0
E7.75	E775_Caudal_neurectoderm	Caudal_neurectoderm	0.29	-0.88	3.5	4.5	1.9	3.7	0
E7.75	E775_Caudal_neurectoderm	Caudal_neurectoderm	-1.91	-2.95	3.3	2	0	3	0
E7.75	E775_Caudal_neurectoderm	Caudal_neurectoderm	-0.21	3.24	3.2	5.3	0	4.5	3.2
E7.75	E775_Caudal_neurectoderm	Caudal_neurectoderm	2.15	-0.48	3.9	4.1	0	3.8	0
E7.75	E775_Caudal_neurectoderm	Caudal_neurectoderm	-0.61	-2.09	3.4	4.1	0	3.4	0
E7.75	E775_Caudal_neurectoderm	Caudal_neurectoderm	-0.52	0.37	2.8	4.5	2.2	4.1	0
E7.75	E775_Caudal_neurectoderm	Caudal_neurectoderm	-2.86	-1.59	3.6	3.7	1.7	3.9	0
E7.75	E775_Caudal_neurectoderm	Caudal_neurectoderm	3.95	1.81	3	5.1	2.6	3	0
E7.75	E775_Caudal_neurectoderm	Caudal_neurectoderm	-1.68	-2.74	3.7	2.2	2.2	3.3	0
E7.75	E775_Caudal_neurectoderm	Caudal_neurectoderm	-2.32	3.37	3.4	5	2.5	4.6	1.9
E7.75	E775_Caudal_neurectoderm	Caudal_neurectoderm	1.98	-2.75	3.6	4.4	2.5	3.7	0
E7.75	E775_Caudal_neurectoderm	Caudal_neurectoderm	-2.39	-1.54	3.6	3.4	0	1.8	0
E7.75	E775_Caudal_neurectoderm	Caudal_neurectoderm	-1.5	-1.94	3.3	3.9	2	3.8	0
E7.75	E775_Caudal_neurectoderm	Caudal_neurectoderm	-1.32	2.1	4	5.2	0	2.7	2.1
E7.75	E775_Caudal_neurectoderm	Caudal_neurectoderm	-1.6	-3.08	3	2.3	0	2.3	0
E7.75	E775_Caudal_neurectoderm	Caudal_neurectoderm	0.83	1.33	2	4.6	2	4	0
E7.75	E775_Caudal_neurectoderm	Caudal_neurectoderm	-1.09	-2.27	2.9	3.3	0	2.3	0
E7.75	E775_Caudal_neurectoderm	Caudal_neurectoderm	-3.47	-1.34	3.5	3.8	0	4.2	0
E7.75	E775_Caudal_neurectoderm	Caudal_neurectoderm	-2.43	0.66	3.6	4.3	0	3.2	0
E7.75	E775_Caudal_neurectoderm	Caudal_neurectoderm	0.17	-4.52	2.5	3.8	2.5	3.2	0
E7.75	E775_Caudal_neurectoderm	Caudal_neurectoderm	-2.68	1.64	3.4	4.8	1.8	4.4	1.8
E7.75	E775_Caudal_neurectoderm	Caudal_neurectoderm	-1.57	3.04	4.1	5.5	2	3.9	3.3
E7.75	E775_Caudal_neurectoderm	Caudal_neurectoderm	-0.07	-0.8	3.9	3.7	0	3.5	0
E7.75	E775_Caudal_neurectoderm	Caudal_neurectoderm	-0.26	-4.38	2.4	4.3	0	2.4	0
E7.75	E775_Caudal_neurectoderm	Caudal_neurectoderm	-2.23	-0.01	4.2	4.8	0	2.9	0
E7.75	E775_Caudal_neurectoderm	Caudal_neurectoderm	-2.47	0.48	3.7	2.5	1.9	1.9	0
E7.75	E775_Caudal_neurectoderm	Caudal_neurectoderm	-2.33	-0.41	2	4.6	0	3.8	0
E7.75	E775_Caudal_neurectoderm	Caudal_neurectoderm	4.1	1.92	3.1	4.9	0	3.6	0
E7.75	E775_Caudal_neurectoderm	Caudal_neurectoderm	-1.88	-2.82	3.9	3.1	1.8	3.8	0
E7.75	E775_Caudal_neurectoderm	Caudal_neurectoderm	3	1.93	3.6	5.1	0	4.3	2.5
E7.75	E775_Caudal_neurectoderm	Caudal_neurectoderm	1.61	1.26	4	4.5	0	3.9	0
E7.75	E775_Caudal_neurectoderm	Caudal_neurectoderm	0.51	-4.25	3.1	3.7	0	3.1	0
E7.75	E775_Caudal_neurectoderm	Caudal_neurectoderm	0.3	-3.31	3.3	3.1	0	2.7	0
E7.75	E775_Caudal_neurectoderm	Caudal_neurectoderm	0	4.95	3	3.3	0	3.3	0
E7.75	E775_Caudal_neurectoderm	Caudal_neurectoderm	1.86	-1.26	3.3	2.8	0	3.1	0
E7.75	E775_Caudal_neurectoderm	Caudal_neurectoderm	0.56	3.35	3.4	5	1.8	3.8	1.8
E7.75	E775_Caudal_neurectoderm	Caudal_neurectoderm	-1.54	-1.87	3.2	4.9	1.8	3.7	0
E7.75	E775_Caudal_neurectoderm	Caudal_neurectoderm	-0.99	3.21	3.1	4.4	1.8	3.1	1.8
E7.75	E775_Caudal_neurectoderm	Caudal_neurectoderm	-0.07	2.57	3.9	4.9	3	3	2.3
E7.75	E775_Caudal_neurectoderm	Caudal_neurectoderm	4.46	0.68	3.7	4.6	0	4	0
E7.75	E775_Caudal_neurectoderm	Caudal_neurectoderm	1.07	-0.5	3.1	3.1	3.5	0	0
E7.75	E775_Caudal_neurectoderm	Caudal_neurectoderm	1.8	1.93	3.8	5	0	2.3	2.3
E7.75	E775_Caudal_neurectoderm	Caudal_neurectoderm	1.51	-3.37	3.1	4.2	0	3.8	0
E7.75	E775_Caudal_neurectoderm	Caudal_neurectoderm	2.13	1.89	3.7	3.4	2.5	3.4	0
E7.75	E775_Caudal_neurectoderm	Caudal_neurectoderm	1.21	-4.14	3.6	3	0	3.4	0
E7.75	E775_Caudal_neurectoderm	Caudal_neurectoderm	-1.85	0.82	3.6	4.8	0	3.8	0
E7.75	E775_Caudal_neurectoderm	Caudal_neurectoderm	4.27	-2.94	4.6	2.1	0	3.1	0
E7.75	E775_Caudal_neurectoderm	Caudal_neurectoderm	-1.39	-2.38	3.8	3.4	0	3.1	0
E7.75	E775_Caudal_neurectoderm	Caudal_neurectoderm	-2.38	-3.21	2.5	3.6	0	3.8	0
E7.75	E775_Caudal_neurectoderm	Caudal_neurectoderm	1.27	-2.28	4.1	4.3	0	3.2	2.5
E7.75	E775_Caudal_neurectoderm	Caudal_neurectoderm	0.77	3.51	3.7	5.3	0	4.8	2
E7.75	E775_Caudal_neurectoderm	Caudal_neurectoderm	-2.78	-1.98	3.5	3.7	2	3.2	0
E7.75	E775_Caudal_neurectoderm	Caudal_neurectoderm	-0.56	2.13	3.1	4.5	1.9	2.8	2.5
E7.75	E775_Caudal_neurectoderm	Caudal_neurectoderm	2.28	1.91	4.2	4.5	2.9	3.6	0
E7.75	E775_Caudal_neurectoderm	Caudal_neurectoderm	-0.84	-2.9	0	3.4	1.9	0	0
E7.75	E775_Caudal_neurectoderm	Caudal_neurectoderm	-0.71	-1.68	2.9	3.5	2.2	3.7	2.2
E7.75	E775_Caudal_neurectoderm	Caudal_neurectoderm	0.48	2.61	3.9	4.7	0	3.2	0
E7.75	E775_Caudal_neurectoderm	Caudal_neurectoderm	-0.74	-3.1	3.1	3.9	0	3.6	0
E7.75	E775_Caudal_neurectoderm	Caudal_neurectoderm	0.57	-3.05	3.8	3.9	0	3.3	0
E7.75	E775_Caudal_neurectoderm	Caudal_neurectoderm	-4.04	2	3.1	4.2	2.5	3.8	0
E7.75	E775_Caudal_neurectoderm	Caudal_neurectoderm	2.83	2.58	3.3	5.1	0	3.3	0
E7.75	E775_Caudal_neurectoderm	Caudal_neurectoderm	-1.53	-2.38	2.9	4.6	0	3.9	0
E7.75	E775_Caudal_neurectoderm	Caudal_neurectoderm	1.64	1.81	4.1	5	2.1	4.1	0
E7.75	E775_Caudal_neurectoderm	Caudal_neurectoderm	0.84	-4.02	2	3.3	0	0	0
E7.75	E775_Caudal_neurectoderm	Caudal_neurectoderm	2.85	2.24	3	4.1	2	3.9	0
E7.75	E775_Caudal_neurectoderm	Caudal_neurectoderm	2.12	-4.04	3.5	3.2	0	2.9	0
E7.75	E775_Caudal_neurectoderm	Caudal_neurectoderm	3.72	-3.08	3.4	3.1	0	3.4	0
E7.75	E775_Caudal_neurectoderm	Caudal_neurectoderm	0.02	-1.18	0	3.5	0	2.8	0
E7.75	E775_Caudal_neurectoderm	Caudal_neurectoderm	0.16	-0.19	2.7	5.1	0	3.4	0
E7.75	E775_Caudal_neurectoderm	Caudal_neurectoderm	-0.06	-2.04	3	3.3	3.7	2.6	0
E7.75	E775_Caudal_neurectoderm	Caudal_neurectoderm	-4.33	2.65	3.8	4.6	0	2.6	2.3
E7.75	E775_Caudal_neurectoderm	Caudal_neurectoderm	-0.22	-1.34	3.9	4.2	0	0	0
E7.75	E775_Caudal_neurectoderm	Caudal_neurectoderm	0.23	3.21	0	5	0	3.8	0
E7.75	E775_Caudal_neurectoderm	Caudal_neurectoderm	-1.18	-2.49	3.1	4.7	2	3.7	0
E7.75	E775_Caudal_neurectoderm	Caudal_neurectoderm	-2.29	3.48	3.3	5	0	4.7	2.6
E7.75	E775_Caudal_neurectoderm	Caudal_neurectoderm	-1.4	3.76	4	4	2.4	3.8	0
E7.75	E775_Caudal_neurectoderm	Caudal_neurectoderm	-3.17	1.17	3.1	4.1	0	3.9	0
E7.75	E775_Caudal_neurectoderm	Caudal_neurectoderm	-2.41	1.6	3.5	5.3	0	4	0
E7.75	E775_Caudal_neurectoderm	Caudal_neurectoderm	-0.68	-3.69	3.1	3.3	3.3	0	0
E7.75	E775_Caudal_neurectoderm	Caudal_neurectoderm	2.64	1.86	3.5	4.8	0	4.7	2
E7.75	E775_Caudal_neurectoderm	Caudal_neurectoderm	-3.1	1.13	3.2	4.4	0	4.2	0
E7.75	E775_Caudal_neurectoderm	Caudal_neurectoderm	-3.47	1.47	3.6	4.7	0	3.8	0
E7.75	E775_Caudal_neurectoderm	Caudal_neurectoderm	0.51	2.34	3.3	4.4	2.3	4.1	0
E7.75	E775_Caudal_neurectoderm	Caudal_neurectoderm	1.02	-1.46	0	3.1	0	3.6	0
E7.75	E775_Caudal_neurectoderm	Caudal_neurectoderm	-4.92	-0.16	3.5	3.8	2	2	0
E7.75	E775_Caudal_neurectoderm	Caudal_neurectoderm	0.69	2.38	0	4.5	2.3	3.3	0
E7.75	E775_Caudal_neurectoderm	Caudal_neurectoderm	0.73	3.08	2.2	5.3	2.2	4.3	2.8
E7.75	E775_Caudal_neurectoderm	Caudal_neurectoderm	3.1	1.91	2.5	5.1	2.5	3.6	0
E7.75	E775_Caudal_neurectoderm	Caudal_neurectoderm	0.4	1.04	3.4	3	0	3.4	0
E7.75	E775_Caudal_neurectoderm	Caudal_neurectoderm	-2.68	3.62	3.5	5.2	2	3.7	2.6
E7.75	E775_Caudal_neurectoderm	Caudal_neurectoderm	-1.44	-0.14	4	5.1	0	4.3	0
E7.75	E775_Caudal_neurectoderm	Caudal_neurectoderm	0.94	-2.62	2.6	3.7	0	2.6	0
E7.75	E775_Caudal_neurectoderm	Caudal_neurectoderm	2.75	-0.14	2.7	5.1	0	3.1	2.1
E7.75	E775_Caudal_neurectoderm	Caudal_neurectoderm	3.72	-0.64	4	3.3	0	4.2	0
E7.75	E775_Caudal_neurectoderm	Caudal_neurectoderm	0.92	-1.76	3.7	2.9	0	3.9	0
E7.75	E775_Caudal_neurectoderm	Caudal_neurectoderm	-2.34	-2.1	1.9	3.9	0	3.9	0
E7.75	E775_Caudal_neurectoderm	Caudal_neurectoderm	-2.84	-2.34	3.5	2.8	0	2.2	0
E7.75	E775_Caudal_neurectoderm	Caudal_neurectoderm	1.69	2.73	3.3	4.7	0	4.1	2
E7.75	E775_Caudal_neurectoderm	Caudal_neurectoderm	-0.36	5.01	3.3	0	0	3.3	0
E7.75	E775_Caudal_neurectoderm	Caudal_neurectoderm	-0.36	4.81	3.7	3.2	0	2.8	0
E7.75	E775_Caudal_neurectoderm	Caudal_neurectoderm	-3.6	-1.34	3.9	2.8	0	4	0
E7.75	E775_Caudal_neurectoderm	Caudal_neurectoderm	-1.05	-4.08	3.5	4.2	2.5	3.7	0
E7.75	E775_Caudal_neurectoderm	Caudal_neurectoderm	-2.02	4.15	3.6	3.6	2.3	4.2	0
E7.75	E775_Caudal_neurectoderm	Caudal_neurectoderm	-3.31	0.53	3.9	4.1	2.4	4.3	0
E7.75	E775_Caudal_neurectoderm	Caudal_neurectoderm	-0.59	-1.47	2.1	3.8	0	2.7	0
E7.75	E775_Caudal_neurectoderm	Caudal_neurectoderm	3.71	1.29	4.3	4.7	0	3.8	0
E7.75	E775_Caudal_neurectoderm	Caudal_neurectoderm	-0.92	3.56	2.8	4.7	1.8	3.1	0
E7.75	E775_Caudal_neurectoderm	Caudal_neurectoderm	-0.9	-0.48	3.6	4.1	2.7	0	0
E7.75	E775_Caudal_neurectoderm	Caudal_neurectoderm	1.39	-3.92	3.1	0	2.5	2.5	0
E7.75	E775_Caudal_neurectoderm	Caudal_neurectoderm	-1.75	-3.13	3.5	3.9	2.6	0	0
E7.75	E775_Caudal_neurectoderm	Caudal_neurectoderm	0.76	-2.47	3.6	4.1	0	3.2	0
E7.75	E775_Caudal_neurectoderm	Caudal_neurectoderm	-0.72	3.81	3.3	4.4	2	3.3	2
E7.75	E775_Caudal_neurectoderm	Caudal_neurectoderm	3.51	-2.07	2.8	2.8	2.1	3.6	0
E7.75	E775_Caudal_neurectoderm	Caudal_neurectoderm	0.91	-4.26	3.7	3.3	2	2	0
E7.75	E775_Caudal_neurectoderm	Caudal_neurectoderm	0.18	2.77	3.7	3.1	0	3.6	0
E7.75	E775_Caudal_neurectoderm	Caudal_neurectoderm	4.72	0.76	3.6	4	0	3.9	0
E7.75	E775_Caudal_neurectoderm	Caudal_neurectoderm	-1.41	-0.44	4.1	4.5	0	4.4	0
E7.75	E775_Caudal_neurectoderm	Caudal_neurectoderm	-2.39	0.2	4.3	2.7	0	2.7	2.1
E7.75	E775_Caudal_neurectoderm	Caudal_neurectoderm	-0.37	-4.23	3.4	3.4	0	4.3	0
E7.75	E775_Caudal_neurectoderm	Caudal_neurectoderm	0.72	1.79	3.1	4.4	1.5	2.7	0
E7.75	E775_Caudal_neurectoderm	Caudal_neurectoderm	1.86	0.02	3.4	4.7	0	3.4	0
E7.75	E775_Caudal_neurectoderm	Caudal_neurectoderm	0.11	4.45	3.4	2.4	0	2.4	0
E7.75	E775_Caudal_neurectoderm	Caudal_neurectoderm	-0.16	-0.69	3.5	3.5	0	3.5	0
E7.75	E775_Caudal_neurectoderm	Caudal_neurectoderm	1.28	3.33	3.8	4.4	2.7	4	2.1
E7.75	E775_Caudal_neurectoderm	Caudal_neurectoderm	-2.53	-0.52	4.2	4.4	0	3.7	0
E7.75	E775_Caudal_neurectoderm	Caudal_neurectoderm	-1.44	-3.33	3.9	2.9	1.9	3.4	0
E7.75	E775_Caudal_neurectoderm	Caudal_neurectoderm	0.79	2.52	3.5	4.7	2.7	3.5	0
E7.75	E775_Caudal_neurectoderm	Caudal_neurectoderm	1.68	3.48	4	5.3	0	4.4	0
E7.75	E775_Caudal_neurectoderm	Caudal_neurectoderm	4.1	-1.98	3	2.6	0	3.8	0
E7.75	E775_Caudal_neurectoderm	Caudal_neurectoderm	0.34	0.39	3.8	4.9	0	4.6	0
E7.75	E775_Caudal_neurectoderm	Caudal_neurectoderm	-4.8	-0.34	4.3	3.8	0	3.8	0
E7.75	E775_Caudal_neurectoderm	Caudal_neurectoderm	-3.8	0.56	3.8	3.9	0	4.1	0
E7.75	E775_Caudal_neurectoderm	Caudal_neurectoderm	-1.48	2.54	4	4.9	2	3.7	2.6
E7.75	E775_Caudal_neurectoderm	Caudal_neurectoderm	-0.88	-4.36	2.5	4.3	1.9	3.2	0
E7.75	E775_Caudal_neurectoderm	Caudal_neurectoderm	2.91	-1.88	2.8	2.1	2.8	3.4	0
E7.75	E775_Caudal_neurectoderm	Caudal_neurectoderm	4.27	1.49	2.4	4.5	0	3.5	0
E7.75	E775_Caudal_neurectoderm	Caudal_neurectoderm	4.59	0.78	3.7	4.4	2.2	4.3	2.2
E7.75	E775_Caudal_neurectoderm	Caudal_neurectoderm	2.31	-3.33	4	3.5	2.7	4.2	0
E7.75	E775_Caudal_neurectoderm	Caudal_neurectoderm	-1.45	2.61	3.9	4.8	0	2.8	2.8
E7.75	E775_Caudal_neurectoderm	Caudal_neurectoderm	-1.03	0.43	3	4.9	0	3	0
E7.75	E775_Caudal_neurectoderm	Caudal_neurectoderm	3.61	-1.33	3.4	3	0	4.1	0
E7.75	E775_Caudal_neurectoderm	Caudal_neurectoderm	1.51	-2.24	3.7	4	2	3.3	0
E7.75	E775_Caudal_neurectoderm	Caudal_neurectoderm	-2.89	3.23	3.4	5.4	2.4	4.6	0
E7.75	E775_Caudal_neurectoderm	Caudal_neurectoderm	-1.13	1.08	2.7	4.9	0	4.2	0
E7.75	E775_Caudal_neurectoderm	Caudal_neurectoderm	1.24	2.45	3.8	4	0	3.7	1.9
E7.75	E775_Caudal_neurectoderm	Caudal_neurectoderm	0.84	-1.33	3.9	4.6	0	3.7	0
E7.75	E775_Caudal_neurectoderm	Caudal_neurectoderm	-1.3	-4.11	3.6	3.7	0	3.4	0
E7.75	E775_Caudal_neurectoderm	Caudal_neurectoderm	-0.98	2.52	3.1	5.3	0	4.4	0
E7.75	E775_Caudal_neurectoderm	Caudal_neurectoderm	0.21	-1.12	0	5.5	2.5	4.2	0
E7.75	E775_Caudal_neurectoderm	Caudal_neurectoderm	0.02	-3.28	0	3.6	2.3	2.3	0
E7.75	E775_Caudal_neurectoderm	Caudal_neurectoderm	0.81	-4.24	3.4	3.4	0	3.1	0
E7.75	E775_Caudal_neurectoderm	Caudal_neurectoderm	3.05	2.51	4.4	5.5	2.2	4.2	0
E7.75	E775_Caudal_neurectoderm	Caudal_neurectoderm	0.93	-1.78	4	4.4	0	4.4	0
E7.75	E775_Caudal_neurectoderm	Caudal_neurectoderm	2.01	3.03	3.7	5	0	3.3	0
E7.75	E775_Caudal_neurectoderm	Caudal_neurectoderm	3.7	-1.44	3.9	4.2	2.8	3.5	0
E7.75	E775_Caudal_neurectoderm	Caudal_neurectoderm	-0.59	-0.53	4.2	4.2	0	3.6	0
E7.75	E775_Caudal_neurectoderm	Caudal_neurectoderm	-1.46	-0.18	4	4.8	0	4.2	0
E7.75	E775_Caudal_neurectoderm	Caudal_neurectoderm	0.32	1.5	3.5	4.4	0	4.2	0
E7.75	E775_Caudal_neurectoderm	Caudal_neurectoderm	0.78	2.98	2.5	4.9	0	3.6	3.6
E7.75	E775_Caudal_neurectoderm	Caudal_neurectoderm	-2.56	1.85	4.2	4.8	0	4.3	0
E7.75	E775_Caudal_neurectoderm	Caudal_neurectoderm	3.56	-3.77	3.6	2.5	0	2.5	0
E7.75	E775_Caudal_neurectoderm	Caudal_neurectoderm	-0.09	2.77	2.6	4.9	0	3	0
E7.75	E775_Caudal_neurectoderm	Caudal_neurectoderm	0.52	1.04	3.4	4.8	0	4.1	0
E7.75	E775_Caudal_neurectoderm	Caudal_neurectoderm	-3.01	-2.64	3.8	1.8	0	2.8	1.8
E7.75	E775_Caudal_neurectoderm	Caudal_neurectoderm	-0.82	4.41	3	3	0	3	0
E7.75	E775_Caudal_neurectoderm	Caudal_neurectoderm	-0.47	-4.34	0	3.8	1.9	2.5	0
E7.75	E775_Caudal_neurectoderm	Caudal_neurectoderm	2.81	-3.03	3.8	2.9	0	0	0
E7.75	E775_Caudal_neurectoderm	Caudal_neurectoderm	0.7	-4.04	2.8	3.8	2.5	2.5	0
E7.75	E775_Caudal_neurectoderm	Caudal_neurectoderm	2.42	-3.56	2.9	3.5	0	3.2	0
E7.75	E775_Caudal_neurectoderm	Caudal_neurectoderm	-2.59	2.08	4.3	5.2	0	3.6	0
E7.75	E775_Caudal_neurectoderm	Caudal_neurectoderm	-0.75	-3.76	4.5	0	0	3.3	0
E7.75	E775_Caudal_neurectoderm	Caudal_neurectoderm	-3.75	-2.16	2.4	2.4	3	3	0
E7.75	E775_Caudal_neurectoderm	Caudal_neurectoderm	0.29	3.44	3.6	4.7	1.8	2.8	1.8
E7.75	E775_Caudal_neurectoderm	Caudal_neurectoderm	-0.46	3.68	3.3	4	2	4	0
E8	E8_Caudal_neurectoderm	Caudal_neurectoderm	0.65	-2.02	3.6	3.2	2.5	4.4	0
E8	E8_Spinal_cord	Spinal_cord	-4.8	1.33	3.3	4.5	0	4.3	0
E8	E8_Caudal_neurectoderm	Caudal_neurectoderm	-1.38	-1.68	2.2	4.5	0	4.2	0
E8	E8_Caudal_neurectoderm	Caudal_neurectoderm	-2.24	2.26	4	5.2	0	3.5	3.1
E8	E8_Caudal_neurectoderm	Caudal_neurectoderm	1.29	-3.02	3.1	5	0	5	0
E8	E8_Caudal_neurectoderm	Caudal_neurectoderm	-2.57	0.93	2.2	5.1	0	4.5	0
E8	E8_Caudal_neurectoderm	Caudal_neurectoderm	-0.85	5.48	4.7	0	2.9	0	0
E8	E8_Caudal_neurectoderm	Caudal_neurectoderm	3.99	2.06	4.4	5.1	0	4.6	0
E8	E8_Caudal_neurectoderm	Caudal_neurectoderm	3.55	1	3.2	5.5	0	2.5	2.5
E8	E8_Spinal_cord	Spinal_cord	-0.54	2.86	3.5	4.5	0	4.7	2.2
E8	E8_Caudal_neurectoderm	Caudal_neurectoderm	-2.23	1.75	3.7	4.7	2.4	4.7	2.4
E8	E8_Caudal_neurectoderm	Caudal_neurectoderm	0.39	3.05	3.8	4.8	0	4.6	2.3
E8	E8_Spinal_cord	Spinal_cord	-3.3	0.71	3.4	4.5	2.4	4.3	0
E8	E8_Caudal_neurectoderm	Caudal_neurectoderm	1.18	1.32	3.6	5.3	0	3	3
E8	E8_Spinal_cord	Spinal_cord	-2.21	-2.77	4.1	3.3	2	4.9	0
E8	E8_Caudal_neurectoderm	Caudal_neurectoderm	2.77	-3.76	3.5	4.8	2.8	4.6	0
E8	E8_Caudal_neurectoderm	Caudal_neurectoderm	-2.89	0.39	0	4.7	0	3.9	0
E8	E8_Caudal_neurectoderm	Caudal_neurectoderm	-0.6	-0.05	3.5	4.5	0	4.4	2.5
E8	E8_Caudal_neurectoderm	Caudal_neurectoderm	2.67	2.7	3	3.8	2.3	4.2	0
E8	E8_Caudal_neurectoderm	Caudal_neurectoderm	-0.99	1.93	2.9	5	1.9	3.4	1.9
E8	E8_Caudal_neurectoderm	Caudal_neurectoderm	-0.84	2.5	0	5	0	4.9	0
E8	E8_Caudal_neurectoderm	Caudal_neurectoderm	3.71	-2.64	3.7	4.9	2.2	4	0
E8	E8_Caudal_neurectoderm	Caudal_neurectoderm	2.9	-2.26	3.6	4	0	3.8	0
E8	E8_Caudal_neurectoderm	Caudal_neurectoderm	-1.51	1.74	3.6	4.6	0	3.6	0
E8	E8_Caudal_neurectoderm	Caudal_neurectoderm	-0.69	0.47	3.7	2.3	0	3.9	0
E8	E8_Spinal_cord	Spinal_cord	-4.23	0.62	3.2	4.3	0	5.4	0
E8	E8_Caudal_neurectoderm	Caudal_neurectoderm	0.02	2.6	3.7	5.2	0	4.4	0
E8	E8_Caudal_neurectoderm	Caudal_neurectoderm	1.09	3.45	2.4	4.7	2.4	0	2.4
E8	E8_Caudal_neurectoderm	Caudal_neurectoderm	1.89	-1.46	3.7	4.7	0	4	0
E8	E8_Caudal_neurectoderm	Caudal_neurectoderm	-1.44	4.99	4.1	3.6	0	3.1	0
E8	E8_Caudal_neurectoderm	Caudal_neurectoderm	-0.47	1.07	4.5	4.9	0	4.8	0
E8	E8_Caudal_neurectoderm	Caudal_neurectoderm	-0.32	0.4	4.4	4.9	2.7	4.4	3.3
E8	E8_Spinal_cord	Spinal_cord	-2.43	3.03	3.6	4.8	0	4.5	2.1
E8	E8_Caudal_neurectoderm	Caudal_neurectoderm	1.7	-1.55	2.9	4.7	0	4.2	0
E8	E8_Caudal_neurectoderm	Caudal_neurectoderm	1.84	2.87	3.3	5.5	2.3	4	2.9
E8	E8_Caudal_neurectoderm	Caudal_neurectoderm	1.36	1.3	3.7	5.4	2.7	4.6	0
E8	E8_Caudal_neurectoderm	Caudal_neurectoderm	4.2	-1.79	3.8	3.6	0	4	0
E8	E8_Caudal_neurectoderm	Caudal_neurectoderm	1.18	2.67	3.8	5.2	3.5	4.5	0
E8	E8_Caudal_neurectoderm	Caudal_neurectoderm	1.68	1.67	4.7	4.8	0	0	2.2
E8	E8_Caudal_neurectoderm	Caudal_neurectoderm	1.54	2.78	0	5.5	0	3.9	0
E8	E8_Caudal_neurectoderm	Caudal_neurectoderm	3.53	0.06	3.1	4.9	0	4.2	2.5
E8	E8_Spinal_cord	Spinal_cord	-2.02	0.9	2.2	4.2	0	4.1	0
E8	E8_Spinal_cord	Spinal_cord	-0.93	5.22	3.6	2.5	3.2	4.4	0
E8	E8_Spinal_cord	Spinal_cord	-1.14	0.81	4.6	4.9	0	3	0
E8	E8_Caudal_neurectoderm	Caudal_neurectoderm	0.16	-0.72	2.8	4.6	0	2.8	2.8
E8	E8_Spinal_cord	Spinal_cord	-3.62	3.9	4.1	4.1	0	4.6	0
E8	E8_Caudal_neurectoderm	Caudal_neurectoderm	-1.69	3.09	3.8	4.7	0	4.7	0
E8	E8_Caudal_neurectoderm	Caudal_neurectoderm	3.03	0.51	3.4	4	0	4.2	0
E8	E8_Spinal_cord	Spinal_cord	-3.08	2.97	4	5.1	0	5.3	2.3
E8	E8_Caudal_neurectoderm	Caudal_neurectoderm	2.27	1.04	3.7	5.2	3.1	4	0
E8	E8_Caudal_neurectoderm	Caudal_neurectoderm	4	2.13	2.4	4.7	0	4.2	2.4
E8	E8_Caudal_neurectoderm	Caudal_neurectoderm	2.95	0.93	4.5	4.5	0	4.2	0
E8	E8_Caudal_neurectoderm	Caudal_neurectoderm	-2.82	0.46	4	4	0	2.2	2.8
E8	E8_Caudal_neurectoderm	Caudal_neurectoderm	0.04	-1.71	3.3	4.8	0	4.7	0
E8	E8_Caudal_neurectoderm	Caudal_neurectoderm	-0.41	-3.14	2.4	4.1	0	3.7	0
E8	E8_Spinal_cord	Spinal_cord	-3.44	1.07	4.3	4.6	0	4.9	0
E8	E8_Caudal_neurectoderm	Caudal_neurectoderm	-3.83	0.06	4.1	4.2	0	3	0
E8	E8_Caudal_neurectoderm	Caudal_neurectoderm	-1.05	0.87	3.9	4.8	0	4.8	0
E8	E8_Spinal_cord	Spinal_cord	-1.51	4.63	4.2	3.3	0	3.7	0
E8	E8_Caudal_neurectoderm	Caudal_neurectoderm	4.01	1.26	4	5.4	0	0	0
E8	E8_Caudal_neurectoderm	Caudal_neurectoderm	-3.12	-1.24	3.1	3.5	0	0	0
E8	E8_Spinal_cord	Spinal_cord	-1.59	2.16	3.6	4.9	0	4.9	0
E8	E8_Caudal_neurectoderm	Caudal_neurectoderm	-2.43	4.42	4.4	0	0	4.1	2.4
E8	E8_Caudal_neurectoderm	Caudal_neurectoderm	-2.11	2.01	3	5.3	0	4.9	0
E8	E8_Spinal_cord	Spinal_cord	-2.92	-0.45	4.3	3.9	0	4.8	0
E8	E8_Spinal_cord	Spinal_cord	-2.96	-2.25	3.7	3.9	0	4.4	0
E8	E8_Caudal_neurectoderm	Caudal_neurectoderm	0.07	1.56	3	4.5	0	3	0
E8	E8_Spinal_cord	Spinal_cord	-1.95	4.21	3.8	4	0	3.6	2.3
E8	E8_Caudal_neurectoderm	Caudal_neurectoderm	0.05	-0.2	3.2	5.1	0	3.2	2.5
E8	E8_Spinal_cord	Spinal_cord	-1.53	2.94	3.6	4.7	0	4.9	0
E8	E8_Caudal_neurectoderm	Caudal_neurectoderm	-3.77	-0.14	3.4	4.2	0	1.9	1.9
E8	E8_Caudal_neurectoderm	Caudal_neurectoderm	-1.23	-0.42	3.8	4	0	4	2.1
E8	E8_Caudal_neurectoderm	Caudal_neurectoderm	-0.71	-1.97	3.5	3.1	3.1	0	0
E8	E8_Caudal_neurectoderm	Caudal_neurectoderm	-0.14	-2.86	3.5	4.8	0	4	0
E8	E8_Caudal_neurectoderm	Caudal_neurectoderm	-2.78	1.61	2.1	5.1	2.1	4.5	0
E8	E8_Caudal_neurectoderm	Caudal_neurectoderm	-4.33	1.48	4.3	5.2	0	5.1	0
E8	E8_Caudal_neurectoderm	Caudal_neurectoderm	-1.24	-0.8	3.7	5.2	0	3	0
E8	E8_Caudal_neurectoderm	Caudal_neurectoderm	-4.45	-0.36	3.7	5.1	4	4	0
E8	E8_Caudal_neurectoderm	Caudal_neurectoderm	-2.82	-2.77	3.4	3.1	0	4.5	2.1
E8	E8_Spinal_cord	Spinal_cord	-2.2	2.01	3.7	4.2	2.4	4.6	0
E8	E8_Caudal_neurectoderm	Caudal_neurectoderm	-3.08	0.01	3.6	3.6	0	2.7	0
E8	E8_Caudal_neurectoderm	Caudal_neurectoderm	2.13	1.02	3.4	4.8	0	3.8	0
E8	E8_Caudal_neurectoderm	Caudal_neurectoderm	-3.42	-2.03	3.1	3.9	0	3.6	0
E8	E8_Caudal_neurectoderm	Caudal_neurectoderm	0.07	-1.61	3.8	4.7	0	4	0
E8	E8_Caudal_neurectoderm	Caudal_neurectoderm	3.23	1.36	2.5	5	0	4.5	0
E8	E8_Caudal_neurectoderm	Caudal_neurectoderm	-1.45	-2.75	3	4.1	2.4	0	0
E8	E8_Caudal_neurectoderm	Caudal_neurectoderm	-0.44	5.16	3.1	3.5	2.5	4.5	0
E8	E8_Caudal_neurectoderm	Caudal_neurectoderm	-1.46	-3.89	4.1	3.9	0	2.8	0
E8	E8_Caudal_neurectoderm	Caudal_neurectoderm	2.46	-2.31	3.7	3	0	4.4	0
E8	E8_Caudal_neurectoderm	Caudal_neurectoderm	-3.18	1.47	3.9	4.9	2.4	4.7	0
E8	E8_Caudal_neurectoderm	Caudal_neurectoderm	1.82	1.91	4.2	5.1	0	4.9	0
E8	E8_Caudal_neurectoderm	Caudal_neurectoderm	0.85	1.17	4.5	5.1	3.2	4.5	0
E8	E8_Caudal_neurectoderm	Caudal_neurectoderm	-0.93	-2.5	3.7	4.3	0	4	0
E8	E8_Caudal_neurectoderm	Caudal_neurectoderm	4.37	1.44	4.3	4.6	0	4	2.5
E8	E8_Spinal_cord	Spinal_cord	-2.78	2.44	4	5.3	0	5.3	3.3
E8	E8_Caudal_neurectoderm	Caudal_neurectoderm	4.11	0.88	2.4	5.2	2.4	4.8	0
E8	E8_Caudal_neurectoderm	Caudal_neurectoderm	-0.02	4.33	3.4	2.4	0	4.2	0
E8	E8_Caudal_neurectoderm	Caudal_neurectoderm	2.63	-3.38	3.2	0	2.8	3.7	0
E8	E8_Caudal_neurectoderm	Caudal_neurectoderm	3.31	2.7	3.6	4	2.3	4.3	0
E8	E8_Spinal_cord	Spinal_cord	-2.86	2.76	4	5.3	3.3	4.9	3.3
E8	E8_Caudal_neurectoderm	Caudal_neurectoderm	1.07	-3.12	3.2	3.5	2.2	2.8	0
E8	E8_Caudal_neurectoderm	Caudal_neurectoderm	3.25	-2.66	2.7	2.7	0	3.7	0
E8	E8_Caudal_neurectoderm	Caudal_neurectoderm	-1.18	-3.47	3.5	2.4	0	2.4	0
E8	E8_Caudal_neurectoderm	Caudal_neurectoderm	2.65	2.3	3.3	4.8	2.3	4.5	0
E8	E8_Caudal_neurectoderm	Caudal_neurectoderm	0.57	-1.13	3.9	4.6	0	4.2	0
E8	E8_Caudal_neurectoderm	Caudal_neurectoderm	0.52	-3.98	3.8	3.6	0	3.6	0
E8	E8_Spinal_cord	Spinal_cord	-0.92	1.04	4	4.4	0	4.6	0
E8	E8_Caudal_neurectoderm	Caudal_neurectoderm	4.22	-2.68	4.3	4.1	0	4.7	0
E8	E8_Caudal_neurectoderm	Caudal_neurectoderm	2.73	1.55	3.4	4.3	2.4	4.5	0
E8	E8_Caudal_neurectoderm	Caudal_neurectoderm	-0.63	-0.77	3.1	3.5	0	3.5	0
E8	E8_Caudal_neurectoderm	Caudal_neurectoderm	3.57	2.35	2.8	3.9	0	4.2	0
E8	E8_Spinal_cord	Spinal_cord	-2.48	2.92	4.1	4.9	2.1	4.2	2.1
E8	E8_Spinal_cord	Spinal_cord	-1.9	3.79	3.1	3.7	2.7	2.7	2
E8	E8_Caudal_neurectoderm	Caudal_neurectoderm	3.84	-3.27	3.3	4.1	0	4.5	0
E8	E8_Caudal_neurectoderm	Caudal_neurectoderm	-0.76	-0.79	3.9	4.1	2.6	0	0
E8	E8_Caudal_neurectoderm	Caudal_neurectoderm	4.67	-1.59	4	3.8	0	4.6	2.3
E8	E8_Caudal_neurectoderm	Caudal_neurectoderm	1.59	2.68	4.1	5	2.9	4	2.3
E8	E8_Caudal_neurectoderm	Caudal_neurectoderm	1.47	1.1	3.7	5.5	0	4.8	0
E8	E8_Caudal_neurectoderm	Caudal_neurectoderm	1.9	3.05	3.9	5.4	2.5	4.7	0
E8	E8_Caudal_neurectoderm	Caudal_neurectoderm	-3.85	-0.18	3.3	4.1	0	2.2	0
E8	E8_Spinal_cord	Spinal_cord	-3.75	1.25	4.2	5	0	5	2.9
E8	E8_Caudal_neurectoderm	Caudal_neurectoderm	-0.57	-1.47	2.9	4.2	2.2	2.9	2.2
E8	E8_Caudal_neurectoderm	Caudal_neurectoderm	-0.77	-1.57	3	4.1	0	3.9	0
E8	E8_Spinal_cord	Spinal_cord	-2.46	2.17	3.9	4.8	0	5.1	0
E8	E8_Spinal_cord	Spinal_cord	-4.34	3.31	4.2	5.1	0	5.3	2.8
E8	E8_Caudal_neurectoderm	Caudal_neurectoderm	-1.28	4.37	3.4	4.5	0	3.9	0
E8	E8_Caudal_neurectoderm	Caudal_neurectoderm	-2.32	-2.19	0	4.1	0	4.8	0
E8	E8_Caudal_neurectoderm	Caudal_neurectoderm	-1.04	5.25	4.3	3	2.6	2.6	0
E8	E8_Caudal_neurectoderm	Caudal_neurectoderm	-0.49	-3.87	3.7	3.7	0	3.7	0
E8	E8_Caudal_neurectoderm	Caudal_neurectoderm	-1.95	-1.6	3	3.6	2.3	0	0
E8	E8_Caudal_neurectoderm	Caudal_neurectoderm	1.07	-2.55	3.1	4.5	0	4	0
E8	E8_Spinal_cord	Spinal_cord	-4.11	3.29	2.7	4.1	2.1	3.9	0
E8	E8_Caudal_neurectoderm	Caudal_neurectoderm	2.34	0.49	3.7	4.1	0	4.2	0
E8	E8_Spinal_cord	Spinal_cord	-4.34	1.53	4.1	3.9	0	3.5	0
E8	E8_Caudal_neurectoderm	Caudal_neurectoderm	-0.95	-3.81	2	3.3	0	2	0
E8	E8_Caudal_neurectoderm	Caudal_neurectoderm	0.61	0.19	3.9	3.9	0	3.8	0
E8	E8_Spinal_cord	Spinal_cord	-4.35	2.27	4.1	3.8	0	4.6	0
E8	E8_Caudal_neurectoderm	Caudal_neurectoderm	3.32	-2.09	3.9	3.6	2.1	3.1	0
E8	E8_Caudal_neurectoderm	Caudal_neurectoderm	1.11	-0.34	3.4	3.1	0	3.8	0
E8	E8_Spinal_cord	Spinal_cord	-1.06	4.85	4.3	3.5	2.6	0	0
E8	E8_Caudal_neurectoderm	Caudal_neurectoderm	2.42	-0.85	3.1	4	0	4.2	0
E8	E8_Caudal_neurectoderm	Caudal_neurectoderm	3.84	-0.86	3.3	3.9	0	3.9	0
E8	E8_Caudal_neurectoderm	Caudal_neurectoderm	4.43	-2.47	4.1	0	0	3.9	0
E8	E8_Caudal_neurectoderm	Caudal_neurectoderm	1.17	-1.53	3.6	4	0	4	0
E8	E8_Caudal_neurectoderm	Caudal_neurectoderm	0.4	-2.29	3.1	2.7	3.1	2.1	0
E8	E8_Caudal_neurectoderm	Caudal_neurectoderm	3.24	1.18	4.1	4.5	2.8	3.8	0
E8	E8_Caudal_neurectoderm	Caudal_neurectoderm	-0.42	-3.58	3.6	3.2	1.9	2.5	0
E8	E8_Spinal_cord	Spinal_cord	-3.87	-1.64	4.1	2.7	1.8	3.7	0
E8	E8_Caudal_neurectoderm	Caudal_neurectoderm	5.03	-1.13	2.2	2.2	0	3.5	0
E8	E8_Caudal_neurectoderm	Caudal_neurectoderm	0.59	-2.97	2	3.5	2.7	3.3	0
E8	E8_Caudal_neurectoderm	Caudal_neurectoderm	0.35	-1.74	3.8	4.1	0	3.2	0
E8	E8_Caudal_neurectoderm	Caudal_neurectoderm	-0.4	-1.17	2.2	2.8	0	2.2	2.2
E8	E8_Spinal_cord	Spinal_cord	-3.27	1.56	3.7	4.2	0	4.5	0
E8	E8_Caudal_neurectoderm	Caudal_neurectoderm	-0.73	-2.71	2.8	3.7	0	0	0
E8	E8_Spinal_cord	Spinal_cord	-2.5	1.4	4.3	4.1	0	3.7	0
E8	E8_Caudal_neurectoderm	Caudal_neurectoderm	1.83	-2.95	3.2	2.8	2.2	2.8	0
E8	E8_Caudal_neurectoderm	Caudal_neurectoderm	-0.44	-3.25	2.7	3.9	2	3.3	0
E8	E8_Caudal_neurectoderm	Caudal_neurectoderm	0.82	1.9	3.4	2.8	0	3.2	0
E8	E8_Caudal_neurectoderm	Caudal_neurectoderm	4.42	-1.64	3.3	4.2	2.3	3.6	0
E8	E8_Caudal_neurectoderm	Caudal_neurectoderm	-0.99	-2.02	3.4	2.7	0	3.8	0
E8	E8_Caudal_neurectoderm	Caudal_neurectoderm	-2.3	-0.05	2.8	3.5	2.8	4.6	0
E8	E8_Caudal_neurectoderm	Caudal_neurectoderm	1.04	-0.01	2.8	3.8	0	3.8	0
E8	E8_Caudal_neurectoderm	Caudal_neurectoderm	0.61	-3.08	3.2	4.2	0	2.2	0
E8	E8_Caudal_neurectoderm	Caudal_neurectoderm	-1.38	-1.18	3.7	0	3	0	0
E8	E8_Caudal_neurectoderm	Caudal_neurectoderm	1.52	0.77	3	4.1	0	4.5	0
E8	E8_Caudal_neurectoderm	Caudal_neurectoderm	-4.59	1.55	3.7	4.5	0	4.5	0
E8	E8_Caudal_neurectoderm	Caudal_neurectoderm	-0.24	1.57	2.2	4.4	0	4.3	0
E8	E8_Caudal_neurectoderm	Caudal_neurectoderm	5.21	-0.79	3.8	4.4	2.4	4	0
E8	E8_Spinal_cord	Spinal_cord	-4.04	2.7	4.2	3.8	0	4.3	0
E8	E8_Caudal_neurectoderm	Caudal_neurectoderm	2.87	0.19	3.7	4.2	0	4	0
E8	E8_Caudal_neurectoderm	Caudal_neurectoderm	-0.03	-2.63	3.2	2.2	0	0	0
E8	E8_Caudal_neurectoderm	Caudal_neurectoderm	0.33	-3.24	3.4	3.1	2.1	0	0
E8	E8_Caudal_neurectoderm	Caudal_neurectoderm	-0.8	-2.68	3.7	3.5	2	3	0
E8	E8_Caudal_neurectoderm	Caudal_neurectoderm	0.96	0.73	2.5	4	0	4.2	0
E8	E8_Caudal_neurectoderm	Caudal_neurectoderm	2.45	-0.03	3.6	4.7	2.1	4.5	0
E8	E8_Caudal_neurectoderm	Caudal_neurectoderm	3.08	-1.75	3	2.6	2	4.1	0
E8	E8_Caudal_neurectoderm	Caudal_neurectoderm	4.25	1.71	2	4.7	2.6	4.4	0
E8	E8_Caudal_neurectoderm	Caudal_neurectoderm	3.11	-1.87	3.7	2.7	0	4.5	0
E8	E8_Caudal_neurectoderm	Caudal_neurectoderm	2.71	-1.98	3	3.9	0	0	0
E8	E8_Caudal_neurectoderm	Caudal_neurectoderm	2.92	-1.29	4.3	3.8	0	3.8	0
E8	E8_Caudal_neurectoderm	Caudal_neurectoderm	4.05	1.82	3.6	4.2	0	3	0
E8	E8_Caudal_neurectoderm	Caudal_neurectoderm	-0.69	-3.84	2.7	2.3	0	2.3	0
E8	E8_Spinal_cord	Spinal_cord	-3.5	1.41	3.9	3.8	2	4.5	0
E8	E8_Caudal_neurectoderm	Caudal_neurectoderm	4.3	1.65	3.7	3.9	0	3.7	0
E8	E8_Caudal_neurectoderm	Caudal_neurectoderm	3.47	-1.88	3.8	3.8	2.1	3.8	0
E8	E8_Caudal_neurectoderm	Caudal_neurectoderm	3.8	0.08	3.5	4.8	0	4.4	0
E8	E8_Spinal_cord	Spinal_cord	-2.92	0.36	2.2	2.8	0	2.2	0
E8	E8_Caudal_neurectoderm	Caudal_neurectoderm	0.14	0.06	3.5	2.9	0	3.3	0
E8	E8_Caudal_neurectoderm	Caudal_neurectoderm	-1.28	1.52	2.9	4.5	0	4	0
E8	E8_Spinal_cord	Spinal_cord	-4.09	1.4	4	4.2	1.8	4.4	0
E8	E8_Caudal_neurectoderm	Caudal_neurectoderm	5.25	-0.41	4.1	0	2.2	2.9	0
E8	E8_Caudal_neurectoderm	Caudal_neurectoderm	-0.2	-2.21	2.7	3.9	2.7	0	0
E8	E8_Caudal_neurectoderm	Caudal_neurectoderm	2.65	-1.07	3.7	3.7	0	2.4	0
E8	E8_Caudal_neurectoderm	Caudal_neurectoderm	1.21	-0.16	0	0	0	4.7	2.9
E8	E8_Caudal_neurectoderm	Caudal_neurectoderm	-1.07	-3.24	3.1	3.3	0	3.3	0
E8	E8_Caudal_neurectoderm	Caudal_neurectoderm	0.5	-2.69	0	3.9	0	2.8	0
E8	E8_Caudal_neurectoderm	Caudal_neurectoderm	3.72	0.49	2.9	4	0	3.6	0
E8	E8_Caudal_neurectoderm	Caudal_neurectoderm	1.2	-0.15	2.9	3.6	0	4.3	0
E8	E8_Caudal_neurectoderm	Caudal_neurectoderm	1.22	-0.15	3.9	4.1	0	4.3	0
E8	E8_Caudal_neurectoderm	Caudal_neurectoderm	5.19	-0.99	3.6	2.1	2.1	3.6	0
E8	E8_Caudal_neurectoderm	Caudal_neurectoderm	3.91	1.09	4.1	4.2	0	4.2	2.2
E8	E8_Caudal_neurectoderm	Caudal_neurectoderm	0.08	-3.72	3.5	3.7	0	0	0
E8	E8_Caudal_neurectoderm	Caudal_neurectoderm	4.36	-0.64	3.4	4	2.3	2.3	0
E8	E8_Caudal_neurectoderm	Caudal_neurectoderm	3.29	-1.31	3.1	3.6	0	4.3	0
E8	E8_Caudal_neurectoderm	Caudal_neurectoderm	2.91	-1.74	3.7	3.5	2.2	4.3	0
E8	E8_Caudal_neurectoderm	Caudal_neurectoderm	2.69	-0.67	3.3	3.9	0	4	0
E8	E8_Caudal_neurectoderm	Caudal_neurectoderm	2.27	-1.17	3.6	3.2	0	2.5	0
E8	E8_Caudal_neurectoderm	Caudal_neurectoderm	4.14	-2.55	2.1	3.6	0	3.6	0
E8	E8_Caudal_neurectoderm	Caudal_neurectoderm	4.72	1.14	3.7	4.2	2.2	4	0
E8	E8_Caudal_neurectoderm	Caudal_neurectoderm	-0.86	-1.13	0	4.2	0	3.4	0
E8	E8_Caudal_neurectoderm	Caudal_neurectoderm	4.74	-1.61	3.7	3.7	0	3.7	0
E8	E8_Caudal_neurectoderm	Caudal_neurectoderm	3.46	-0.74	3.8	4.4	0	4.4	0
E8	E8_Caudal_neurectoderm	Caudal_neurectoderm	1.28	-2.27	3	2.4	3	3.4	0
E8	E8_Spinal_cord	Spinal_cord	-3.98	2.86	3.7	4.6	2.2	4.4	0
E8	E8_Caudal_neurectoderm	Caudal_neurectoderm	1.11	0.21	3.1	3.8	0	4	0
E8	E8_Caudal_neurectoderm	Caudal_neurectoderm	4.98	-1.52	3.1	2.7	0	3.8	0
E8	E8_Caudal_neurectoderm	Caudal_neurectoderm	3.9	0.49	2.5	2.5	0	3.5	0
E8	E8_Caudal_neurectoderm	Caudal_neurectoderm	-0.1	-1.94	3.8	3.4	0	0	2.8
E8	E8_Caudal_neurectoderm	Caudal_neurectoderm	4.89	-2.26	3.7	3.1	0	3.9	0
E8	E8_Caudal_neurectoderm	Caudal_neurectoderm	4.43	0.6	4.4	2.4	0	4.1	0
E8	E8_Caudal_neurectoderm	Caudal_neurectoderm	-2.81	-1.09	3.1	3.3	0	3.7	0
E8	E8_Caudal_neurectoderm	Caudal_neurectoderm	4.65	-1.66	4.1	3.2	0	3.9	0
E8	E8_Spinal_cord	Spinal_cord	-3.93	1.21	4.7	3.7	2	4	0
E8	E8_Spinal_cord	Spinal_cord	-3.57	3.22	3.3	4.4	2.3	4.2	0
E8	E8_Caudal_neurectoderm	Caudal_neurectoderm	2.31	1.04	4.1	3.8	2.1	3.4	0
E8	E8_Caudal_neurectoderm	Caudal_neurectoderm	3.97	-0.98	3.2	3.4	0	3.4	0
E8	E8_Spinal_cord	Spinal_cord	-4.47	2.96	4	4.1	2.6	4.4	0
E8	E8_Caudal_neurectoderm	Caudal_neurectoderm	1.73	-1.2	0	4.4	2.3	4.6	0
E8	E8_Caudal_neurectoderm	Caudal_neurectoderm	4.48	-1.68	4	4.3	0	4	0
E8	E8_Caudal_neurectoderm	Caudal_neurectoderm	1.62	2.28	3.7	4.2	0	4.2	2
E8	E8_Spinal_cord	Spinal_cord	-4.25	-0.42	4	2.8	0	2.8	0
E8	E8_Caudal_neurectoderm	Caudal_neurectoderm	3.98	-0.36	3.5	3.2	2.2	3.9	0
E8	E8_Caudal_neurectoderm	Caudal_neurectoderm	4.55	-1.66	2.1	3.7	2.1	4.4	0
E8	E8_Caudal_neurectoderm	Caudal_neurectoderm	1.43	-1.01	2.9	4.3	0	2.9	0
E8	E8_Caudal_neurectoderm	Caudal_neurectoderm	-0.44	1.97	1.9	3.6	2.9	3.6	0
E8	E8_Caudal_neurectoderm	Caudal_neurectoderm	0.53	-0.21	3.4	3.4	1.7	2.6	0
E8	E8_Caudal_neurectoderm	Caudal_neurectoderm	-0.37	-1.61	2.8	4.1	2.1	3.4	0
E8	E8_Caudal_neurectoderm	Caudal_neurectoderm	-0.43	5.25	2.8	3.2	0	3.9	0
E8	E8_Spinal_cord	Spinal_cord	-4.12	2.1	3.9	4	2.8	4	0
E8	E8_Caudal_neurectoderm	Caudal_neurectoderm	4.18	-1.39	3.2	3.5	2	3.9	0
E8	E8_Caudal_neurectoderm	Caudal_neurectoderm	3.84	-2.41	2.6	2.6	2	3.5	0
E8	E8_Caudal_neurectoderm	Caudal_neurectoderm	1.7	-0.31	3.2	2.2	0	2.9	0
E8	E8_Spinal_cord	Spinal_cord	-3.02	0.45	4.2	4.4	0	4.2	0
E8	E8_Caudal_neurectoderm	Caudal_neurectoderm	-0.74	5.63	4.4	0	0	4	0
E8	E8_Caudal_neurectoderm	Caudal_neurectoderm	-0.89	-2.26	3.5	3.5	0	0	0
E8	E8_Caudal_neurectoderm	Caudal_neurectoderm	1.25	-0.04	3.9	3.7	0	2.9	0
E8	E8_Caudal_neurectoderm	Caudal_neurectoderm	-0.33	-0.54	3.6	4	0	4.9	0
E8	E8_Caudal_neurectoderm	Caudal_neurectoderm	3.62	-2.15	2.9	2.9	0	4	0
E8	E8_Caudal_neurectoderm	Caudal_neurectoderm	1.77	0.01	2.9	4.5	0	2.9	0
E8	E8_Spinal_cord	Spinal_cord	-2.91	1.03	3.6	4.5	0	3.9	0
E8	E8_Caudal_neurectoderm	Caudal_neurectoderm	-0.07	-0.63	4.2	4.4	0	2.2	0
E8	E8_Caudal_neurectoderm	Caudal_neurectoderm	4.92	-0.81	3.6	3.3	0	4.4	0
E8	E8_Caudal_neurectoderm	Caudal_neurectoderm	-0.13	-3.88	0	4.1	2.4	3.7	0
E8	E8_Spinal_cord	Spinal_cord	-4.51	2.3	3.7	3.8	0	4.1	0
E8	E8_Caudal_neurectoderm	Caudal_neurectoderm	4.69	-1.73	4.2	3.7	0	3	0
E8	E8_Caudal_neurectoderm	Caudal_neurectoderm	2.1	-0.7	2.7	4.4	0	2.7	0
E8	E8_Spinal_cord	Spinal_cord	-3.92	0.79	3.4	4.1	2.3	4.6	0
E8	E8_Caudal_neurectoderm	Caudal_neurectoderm	0.13	1.3	3	0	0	3.7	0
E8	E8_Caudal_neurectoderm	Caudal_neurectoderm	-3.97	0.94	3.4	4.3	0	4	0
E8	E8_Caudal_neurectoderm	Caudal_neurectoderm	3.13	-1.65	3.4	3.7	0	3.7	0
E8	E8_Caudal_neurectoderm	Caudal_neurectoderm	4.63	-1.93	3.1	3.5	0	4.1	0
E8	E8_Caudal_neurectoderm	Caudal_neurectoderm	-0.3	-0.35	3.9	3	0	0	0
E8	E8_Caudal_neurectoderm	Caudal_neurectoderm	0.4	0.25	3.8	4.1	0	4.6	0
E8	E8_Caudal_neurectoderm	Caudal_neurectoderm	-1.06	-4.04	3.2	4.2	2	3.8	0
E8	E8_Caudal_neurectoderm	Caudal_neurectoderm	4.23	0.08	3.5	3.5	0	3.1	0
E8	E8_Spinal_cord	Spinal_cord	-3.81	1.99	4	4.4	2.6	4.1	0
E8	E8_Caudal_neurectoderm	Caudal_neurectoderm	3.5	-2.76	3.7	3	0	3.5	0
E8	E8_Spinal_cord	Spinal_cord	-3.33	1.03	3.7	3	2	4.4	0
E8	E8_Spinal_cord	Spinal_cord	-3.51	0.35	3.4	4	0	3.6	0
E8	E8_Caudal_neurectoderm	Caudal_neurectoderm	-0.89	-3.47	4.1	3.9	0	0	0
E8	E8_Spinal_cord	Spinal_cord	-2.41	1.74	3.4	4	2.5	4.4	0
E8	E8_Caudal_neurectoderm	Caudal_neurectoderm	-1.45	-1.22	2.6	4.2	2	3.8	2
E8	E8_Caudal_neurectoderm	Caudal_neurectoderm	2.97	-2.24	3.7	3.7	0	4	0
E8	E8_Caudal_neurectoderm	Caudal_neurectoderm	0.07	0.65	3	4.5	0	2.3	0
E8	E8_Spinal_cord	Spinal_cord	-2.82	1.2	2.8	3.5	1.9	4	0
E8	E8_Spinal_cord	Spinal_cord	-3.8	1.23	3.9	3.8	0	3.8	0
E8	E8_Spinal_cord	Spinal_cord	-4.35	1.89	4.3	3.7	0	4	0
E8	E8_Caudal_neurectoderm	Caudal_neurectoderm	1.05	-1.17	3.5	3.7	0	3.7	0
E8	E8_Spinal_cord	Spinal_cord	-4.47	2.3	4.1	3.4	2.1	3.9	0
E8	E8_Caudal_neurectoderm	Caudal_neurectoderm	1.94	-0.46	3.7	4.3	0	3.7	0
E8	E8_Caudal_neurectoderm	Caudal_neurectoderm	0.45	-1.64	3.1	3.8	0	4	0
E8	E8_Caudal_neurectoderm	Caudal_neurectoderm	2.73	-0.95	3.6	2.7	0	3.8	0
E8	E8_Caudal_neurectoderm	Caudal_neurectoderm	3.71	-2.46	3.1	3.6	0	3.6	0
E8	E8_Caudal_neurectoderm	Caudal_neurectoderm	-2.41	-2.95	0	3.7	0	4	0
E8	E8_Caudal_neurectoderm	Caudal_neurectoderm	4.13	-2.17	4.3	3.2	2.2	2.2	0
E8	E8_Caudal_neurectoderm	Caudal_neurectoderm	-1.14	-2.79	4.1	3.5	2.8	2.4	0
E8	E8_Caudal_neurectoderm	Caudal_neurectoderm	2.07	-2.7	3.7	2.7	2	4.3	0
E8	E8_Caudal_neurectoderm	Caudal_neurectoderm	-0.43	1.87	0	4	2.1	4.3	0
E8	E8_Caudal_neurectoderm	Caudal_neurectoderm	0.34	0.66	3.3	4.2	0	4	0
E8	E8_Caudal_neurectoderm	Caudal_neurectoderm	3.39	-3.14	2.1	3.2	2.1	2.8	0
E8	E8_Spinal_cord	Spinal_cord	-2.37	4.27	4.1	4.1	0	4	0
E8	E8_Caudal_neurectoderm	Caudal_neurectoderm	4.08	-1.2	3.5	3.5	2.2	4	0
E8	E8_Caudal_neurectoderm	Caudal_neurectoderm	-0.01	-1.81	2.8	3.9	0	2.8	0
E8	E8_Caudal_neurectoderm	Caudal_neurectoderm	-3.57	-1.19	3.6	3.1	2	4	0
E8	E8_Caudal_neurectoderm	Caudal_neurectoderm	3.1	-2.55	3.6	4.5	2.6	3.5	0
E8	E8_Caudal_neurectoderm	Caudal_neurectoderm	2.19	-1.86	4.1	4.5	0	4.1	2.2
E8	E8_Caudal_neurectoderm	Caudal_neurectoderm	4.54	-2	2.7	4.4	0	3.1	0
E8	E8_Caudal_neurectoderm	Caudal_neurectoderm	-3.69	-0.24	3.5	3	0	1.7	0
E8	E8_Caudal_neurectoderm	Caudal_neurectoderm	2.02	-0.95	3.6	3.3	0	4.1	0
E8	E8_Caudal_neurectoderm	Caudal_neurectoderm	2.75	-1.56	4	3.6	0	2.8	0
E8	E8_Caudal_neurectoderm	Caudal_neurectoderm	-0.17	-3.78	3.3	3.5	0	3.6	0
E8	E8_Caudal_neurectoderm	Caudal_neurectoderm	0.1	-2.56	3.4	3.8	2.8	3.1	0
E8	E8_Spinal_cord	Spinal_cord	-4.64	3.1	3.1	3.9	2	3.7	0
E8	E8_Spinal_cord	Spinal_cord	-4.47	1.1	3.9	3.8	2.1	3.5	0
E8	E8_Caudal_neurectoderm	Caudal_neurectoderm	4.27	0.84	3.3	3.5	0	3.3	0
E8	E8_Caudal_neurectoderm	Caudal_neurectoderm	1.92	-1.37	4.2	2.7	2.7	3.4	0
E8	E8_Caudal_neurectoderm	Caudal_neurectoderm	-0.27	-3.14	2.7	4.7	0	2.7	2.1
E8	E8_Caudal_neurectoderm	Caudal_neurectoderm	0.18	-3.88	3.1	3.1	0	0	0
E8	E8_Spinal_cord	Spinal_cord	-2.94	-0.21	4.1	3.8	2.7	4.2	0
E8	E8_Spinal_cord	Spinal_cord	-4.05	0.35	4.1	3.1	1.9	3.9	0
E8	E8_Caudal_neurectoderm	Caudal_neurectoderm	1.17	-0.4	3.8	3.8	0	4	2.3
E8	E8_Caudal_neurectoderm	Caudal_neurectoderm	3.38	-3.28	3.6	3.2	2.5	4.2	0
E8	E8_Caudal_neurectoderm	Caudal_neurectoderm	0.8	2.11	4.3	3.8	0	3.7	0
E8	E8_Spinal_cord	Spinal_cord	-4.54	0.19	3.7	3.7	2.4	3.5	0
E8	E8_Caudal_neurectoderm	Caudal_neurectoderm	-0.94	-3.98	1.9	3.9	0	3.4	0
E8	E8_Caudal_neurectoderm	Caudal_neurectoderm	-2.74	0.15	3.8	4.3	0	4.4	0
E8	E8_Caudal_neurectoderm	Caudal_neurectoderm	1.96	-1.56	3.7	3.5	0	3.5	0
E8	E8_Caudal_neurectoderm	Caudal_neurectoderm	3.38	0.63	4	4.3	0	4	0
E8	E8_Caudal_neurectoderm	Caudal_neurectoderm	2.34	2.86	0	3.7	2.1	4.2	0
E8	E8_Spinal_cord	Spinal_cord	-3.77	2.62	3.8	4.4	0	4	0
E8	E8_Caudal_neurectoderm	Caudal_neurectoderm	2.56	-3.1	3.5	3.3	0	3.5	0
E8	E8_Caudal_neurectoderm	Caudal_neurectoderm	2.91	-1.93	3	4.1	0	4	0
E8	E8_Caudal_neurectoderm	Caudal_neurectoderm	1	-0.51	2.8	3.5	0	3.9	2.2
E8	E8_Caudal_neurectoderm	Caudal_neurectoderm	-0.23	-0.81	3	4.8	0	4.1	0
E8	E8_Caudal_neurectoderm	Caudal_neurectoderm	0.85	-0.5	3.7	3.7	0	2.4	0
E8	E8_Caudal_neurectoderm	Caudal_neurectoderm	-0.47	0.87	3.5	0	0	4.2	0
E8	E8_Caudal_neurectoderm	Caudal_neurectoderm	1.4	1.81	3.6	4.3	0	2.7	2.1
E8	E8_Caudal_neurectoderm	Caudal_neurectoderm	0.52	-0.95	3.5	4.2	2.9	0	0
E8	E8_Spinal_cord	Spinal_cord	-2.84	-2.72	4	3.3	1.7	3.3	0
E8	E8_Caudal_neurectoderm	Caudal_neurectoderm	3.06	-0.3	3.3	4.3	0	4	0
E8	E8_Caudal_neurectoderm	Caudal_neurectoderm	1.79	0.03	3.7	4.3	3	3.9	0
E8	E8_Caudal_neurectoderm	Caudal_neurectoderm	2.47	-0.5	3.8	4.6	0	4.2	0
E8	E8_Caudal_neurectoderm	Caudal_neurectoderm	-0.47	-2.29	3.5	3.5	0	2	0
E8	E8_Spinal_cord	Spinal_cord	-4.25	1.3	3.9	3.5	0	4.4	0
E8	E8_Caudal_neurectoderm	Caudal_neurectoderm	4.17	0.86	3.4	3.6	0	4.1	0
E8	E8_Caudal_neurectoderm	Caudal_neurectoderm	1.89	0.09	3.5	5.1	0	3.9	0
E8	E8_Caudal_neurectoderm	Caudal_neurectoderm	0.81	-3.23	3.3	3.5	2.6	0	0
E8	E8_Caudal_neurectoderm	Caudal_neurectoderm	0.67	-3.77	2.9	3.3	0	2.9	0
E8	E8_Spinal_cord	Spinal_cord	-3.38	2.57	4.2	4.4	0	4.6	0
E8	E8_Caudal_neurectoderm	Caudal_neurectoderm	-1.34	5.3	2.5	0	0	3.1	0
E8	E8_Caudal_neurectoderm	Caudal_neurectoderm	0.55	-4.44	2.4	3.3	1.8	3.3	0
E8	E8_Spinal_cord	Spinal_cord	-1.6	4.54	3.9	3.4	0	3	0
E8	E8_Caudal_neurectoderm	Caudal_neurectoderm	-0.16	-1.62	3.8	3.2	2.6	2.6	0
E8	E8_Caudal_neurectoderm	Caudal_neurectoderm	-2.31	-0.42	2.6	3.7	2	4.4	0
E8	E8_Spinal_cord	Spinal_cord	-3.45	2.03	4.1	4	2.4	4.7	0
E8	E8_Caudal_neurectoderm	Caudal_neurectoderm	0.17	-0.47	3.5	4	0	3.7	0
E8	E8_Spinal_cord	Spinal_cord	-3.88	3.52	3	4.4	0	4.4	0
E8	E8_Caudal_neurectoderm	Caudal_neurectoderm	0.83	-3.56	3.1	4	0	4	0
E8	E8_Caudal_neurectoderm	Caudal_neurectoderm	-4.14	-0.2	2.8	2.2	2.2	2.2	0
E8	E8_Caudal_neurectoderm	Caudal_neurectoderm	0.28	-3.01	3.4	3.7	2.1	3.2	0
E8	E8_Caudal_neurectoderm	Caudal_neurectoderm	-4.07	0.4	4.6	3.6	0	3.8	0
E8	E8_Spinal_cord	Spinal_cord	-3.67	2.36	4	3.5	1.7	4.1	0
E8	E8_Caudal_neurectoderm	Caudal_neurectoderm	-2.14	-0.45	3.3	3.8	0	4.2	0
E8	E8_Spinal_cord	Spinal_cord	-1.52	5.02	4.2	1.8	1.8	4.1	0
E8	E8_Spinal_cord	Spinal_cord	-4.9	1.13	3.4	4.3	2.5	4.1	0
E8	E8_Caudal_neurectoderm	Caudal_neurectoderm	2.66	-0.8	3.1	3.8	0	4.2	0
E8	E8_Caudal_neurectoderm	Caudal_neurectoderm	1	0.05	4	3.3	2.6	3.3	0
E8	E8_Caudal_neurectoderm	Caudal_neurectoderm	3.48	2.09	3	4.2	2	3	0
E8	E8_Caudal_neurectoderm	Caudal_neurectoderm	4.15	-3	4.1	3.5	0	4.3	0
E8	E8_Caudal_neurectoderm	Caudal_neurectoderm	-0.47	1.12	2.8	4	0	3.9	0
E8	E8_Caudal_neurectoderm	Caudal_neurectoderm	-0.1	4.73	2	2	0	2.6	0
E8	E8_Spinal_cord	Spinal_cord	-4.76	2.63	4.1	4.5	2.1	4.1	0
E8	E8_Caudal_neurectoderm	Caudal_neurectoderm	-0.88	-1.41	4.1	4.1	0	2.6	2
E8	E8_Caudal_neurectoderm	Caudal_neurectoderm	1.28	-1.04	3.2	4.6	0	4	0
E8	E8_Spinal_cord	Spinal_cord	-4.51	1.81	3.3	3.9	1.8	3.8	0
E8	E8_Caudal_neurectoderm	Caudal_neurectoderm	1.34	1.54	3.7	5	2	3.7	0
E8	E8_Caudal_neurectoderm	Caudal_neurectoderm	0.23	4.99	3.6	3.1	0	3.6	0
E8	E8_Caudal_neurectoderm	Caudal_neurectoderm	3.4	-3.48	3.2	4.3	3.2	3.5	0
E8	E8_Caudal_neurectoderm	Caudal_neurectoderm	1.71	-0.85	3.5	2	0	0	0
E8	E8_Caudal_neurectoderm	Caudal_neurectoderm	4.53	-2.31	4.4	4.4	0	4.2	0
E8	E8_Caudal_neurectoderm	Caudal_neurectoderm	-2.47	-0.7	3	3.9	0	4	0
E8	E8_Caudal_neurectoderm	Caudal_neurectoderm	-2.7	0.14	3.6	4.2	2.6	4.1	0
E8	E8_Caudal_neurectoderm	Caudal_neurectoderm	1.09	2.92	3	4.3	2	4.3	0
E8	E8_Spinal_cord	Spinal_cord	-1.22	3.32	3.9	4.4	0	3.9	2
E8	E8_Spinal_cord	Spinal_cord	-2.65	1.96	4.4	4	2.5	4.4	0
E8	E8_Caudal_neurectoderm	Caudal_neurectoderm	1.99	-0.28	2.6	4.5	2	3.5	0
E8	E8_Caudal_neurectoderm	Caudal_neurectoderm	3.45	-3.52	4	3.1	0	3.9	0
E8	E8_Caudal_neurectoderm	Caudal_neurectoderm	1.73	-0.74	4.3	4.5	0	4.3	0
E8	E8_Spinal_cord	Spinal_cord	-2.05	-0.79	4.2	3.2	0	3.9	0
E8	E8_Spinal_cord	Spinal_cord	-3.87	-1.37	3.9	3.9	0	3.9	0
E8	E8_Caudal_neurectoderm	Caudal_neurectoderm	1.49	0.24	3.6	4.6	0	4.4	0
E8	E8_Spinal_cord	Spinal_cord	-1.8	-1.43	3.9	3.1	0	3.8	0
E8	E8_Caudal_neurectoderm	Caudal_neurectoderm	0.3	0.81	3.5	4.4	0	2.8	0
E8	E8_Caudal_neurectoderm	Caudal_neurectoderm	1.59	-3.56	3.4	4.1	0	3.6	0
E8	E8_Spinal_cord	Spinal_cord	-2.98	1.33	3.4	3.6	0	4.4	0
E8	E8_Caudal_neurectoderm	Caudal_neurectoderm	-1.47	1.97	3.7	3	1.8	4.1	0
E8	E8_Caudal_neurectoderm	Caudal_neurectoderm	2.05	-0.13	2.9	4.2	0	3.8	0
E8	E8_Caudal_neurectoderm	Caudal_neurectoderm	2.37	-1.17	3.9	3.6	3.3	3.3	0
E8	E8_Caudal_neurectoderm	Caudal_neurectoderm	-0.81	-3.12	3.7	3.8	0	3	0
E8	E8_Caudal_neurectoderm	Caudal_neurectoderm	-0.09	0.38	4	3.6	0	3.6	0
E8	E8_Caudal_neurectoderm	Caudal_neurectoderm	0.79	1	3.5	3.9	0	4.3	0
E8	E8_Caudal_neurectoderm	Caudal_neurectoderm	-0.35	-4.23	2.5	4	1.9	3.2	0
E8	E8_Caudal_neurectoderm	Caudal_neurectoderm	-2.03	0.48	2.6	3	0	3.9	0
E8	E8_Caudal_neurectoderm	Caudal_neurectoderm	2.35	0.16	3.6	4.6	0	3.8	0
E8	E8_Caudal_neurectoderm	Caudal_neurectoderm	1.79	-2	3.5	4	2.6	3.9	0
E8	E8_Caudal_neurectoderm	Caudal_neurectoderm	2.88	-3.53	2.2	3.7	3.2	3.9	0
E8	E8_Caudal_neurectoderm	Caudal_neurectoderm	-0.61	1.7	3.3	5	0	3.7	0
E8	E8_Caudal_neurectoderm	Caudal_neurectoderm	-1.09	3.55	4.1	3.5	2.2	3.9	0
E8	E8_Caudal_neurectoderm	Caudal_neurectoderm	-0.34	1.92	4.1	4.3	2.2	4.1	0
E8	E8_Spinal_cord	Spinal_cord	-4.15	3.05	3.7	3.4	0	3.2	0
E8	E8_Caudal_neurectoderm	Caudal_neurectoderm	1.37	-2.45	4.1	3.7	0	3	0
E8	E8_Spinal_cord	Spinal_cord	-3.49	2.59	4.4	4.4	0	4.3	0
E8	E8_Caudal_neurectoderm	Caudal_neurectoderm	2.28	-1.81	3.8	0	2.7	2.7	0
E8	E8_Caudal_neurectoderm	Caudal_neurectoderm	4.1	-2.92	3.9	3	2	3.3	0
E8	E8_Caudal_neurectoderm	Caudal_neurectoderm	0.04	-2.65	3.8	3.3	0	3.3	0
E8	E8_Caudal_neurectoderm	Caudal_neurectoderm	4.73	-2.2	4.2	3	2	3.3	0
E8	E8_Caudal_neurectoderm	Caudal_neurectoderm	0.35	-2.17	3.5	2.7	0	2	0
E8	E8_Caudal_neurectoderm	Caudal_neurectoderm	0.58	-2.24	3.5	3.1	0	3.8	0
E8	E8_Caudal_neurectoderm	Caudal_neurectoderm	1.41	0.25	3.7	3.2	2.2	4.2	0
E8	E8_Caudal_neurectoderm	Caudal_neurectoderm	4.88	-0.54	2.4	2.4	3.5	4.4	0
E8	E8_Spinal_cord	Spinal_cord	-3.4	2.5	3	4.1	0	4	0
E8	E8_Caudal_neurectoderm	Caudal_neurectoderm	-1.93	1.02	2.8	4.3	0	3.5	0
E8	E8_Caudal_neurectoderm	Caudal_neurectoderm	-2.22	-1.78	2.5	2.5	0	4.4	0
E8	E8_Spinal_cord	Spinal_cord	-4.9	1.68	3.3	3.1	0	4	0
E8	E8_Caudal_neurectoderm	Caudal_neurectoderm	5.05	-2	2.9	4.1	0	4.1	0
E8	E8_Spinal_cord	Spinal_cord	-3.01	0.97	3	3.7	1.8	4.1	0
E8	E8_Caudal_neurectoderm	Caudal_neurectoderm	4.05	-0.39	4.3	4.6	0	3.4	0
E8	E8_Spinal_cord	Spinal_cord	-2.66	2.21	3.7	3.2	2.3	3.8	0
E8	E8_Caudal_neurectoderm	Caudal_neurectoderm	3.36	-0.35	2.7	3.6	0	4.3	0
E8	E8_Caudal_neurectoderm	Caudal_neurectoderm	-0.13	-2.91	2	3.5	2.7	3.9	0
E8	E8_Caudal_neurectoderm	Caudal_neurectoderm	-1.96	-0.56	2.7	4	0	3.7	0
E8	E8_Caudal_neurectoderm	Caudal_neurectoderm	-0.24	-2.68	3.1	3.4	0	0	0
E8	E8_Caudal_neurectoderm	Caudal_neurectoderm	0.83	0.64	4	4.2	2.8	4	0
E8	E8_Caudal_neurectoderm	Caudal_neurectoderm	-0.9	1.31	3.7	3	1.8	3.2	0
E8	E8_Spinal_cord	Spinal_cord	-3.44	3.41	4	4.8	0	4.8	0
E8	E8_Caudal_neurectoderm	Caudal_neurectoderm	2.4	-0.63	2.9	4.9	2.3	4	0
E8	E8_Caudal_neurectoderm	Caudal_neurectoderm	2.86	-0.23	4.4	3.5	0	3.1	0
E8	E8_Caudal_neurectoderm	Caudal_neurectoderm	2.42	-0.85	3.7	2.3	2.3	3.7	0
E8	E8_Spinal_cord	Spinal_cord	-4.77	0.54	3.7	4	0	3.4	0
E8	E8_Caudal_neurectoderm	Caudal_neurectoderm	-1.61	-1.61	0	4.2	0	3.9	1.9
E8	E8_Caudal_neurectoderm	Caudal_neurectoderm	-1.57	1.65	3.5	4	0	4.4	0
E8	E8_Caudal_neurectoderm	Caudal_neurectoderm	1.77	-3.48	3.3	3.3	0	3.3	0
E8	E8_Caudal_neurectoderm	Caudal_neurectoderm	-0.92	-1.7	4	3.8	0	3.7	0
E8	E8_Caudal_neurectoderm	Caudal_neurectoderm	0.06	-0.57	3.5	3.9	0	2.8	0
E8	E8_Caudal_neurectoderm	Caudal_neurectoderm	2.05	0.73	3.5	3.7	2	3.7	0
E8	E8_Caudal_neurectoderm	Caudal_neurectoderm	2.63	-1.62	2.8	3.2	0	3.2	0
E8	E8_Caudal_neurectoderm	Caudal_neurectoderm	0.48	-0.38	4.1	3	2.3	4.1	0
E8	E8_Caudal_neurectoderm	Caudal_neurectoderm	-0.37	3.5	4	4.5	0	4.4	0
E8	E8_Spinal_cord	Spinal_cord	-3.69	1.19	3.9	3.2	1.8	3.8	0
E8	E8_Caudal_neurectoderm	Caudal_neurectoderm	-3.41	-1.84	4	0	1.7	3.4	0
E8	E8_Caudal_neurectoderm	Caudal_neurectoderm	4.93	0.14	3.1	3.9	0	3.9	0
E8	E8_Caudal_neurectoderm	Caudal_neurectoderm	-0.82	1.49	2.7	5	2.7	4.5	0
E8	E8_Spinal_cord	Spinal_cord	-3.79	0.6	3.6	3.2	0	3.2	0
E8	E8_Caudal_neurectoderm	Caudal_neurectoderm	-0.01	-4.16	3.3	4.6	1.8	4.5	0
E8	E8_Spinal_cord	Spinal_cord	-2.08	0.76	2.7	3.7	2.7	4.1	0
E8	E8_Caudal_neurectoderm	Caudal_neurectoderm	-1.84	-2.75	2.6	3.9	1.9	4.6	0
E8	E8_Caudal_neurectoderm	Caudal_neurectoderm	-2.52	-1.23	2.4	4	0	4	0
E8	E8_Caudal_neurectoderm	Caudal_neurectoderm	1.55	-1.5	4.3	4.2	2	3.7	0
E8	E8_Spinal_cord	Spinal_cord	-2.59	1.22	4.2	4.4	0	4	0
E8	E8_Caudal_neurectoderm	Caudal_neurectoderm	-0.17	1.25	4	3.8	0	3.5	0
E8	E8_Caudal_neurectoderm	Caudal_neurectoderm	-0.12	-2.7	3.9	3.6	0	3.4	0
E8	E8_Caudal_neurectoderm	Caudal_neurectoderm	1.03	3.07	2.7	4.8	2.7	4.6	0
E8	E8_Caudal_neurectoderm	Caudal_neurectoderm	3.04	-0.19	3.6	4.2	0	3.4	0
E8	E8_Spinal_cord	Spinal_cord	-4.79	2.46	3.8	4.4	0	4.2	0
E8	E8_Caudal_neurectoderm	Caudal_neurectoderm	-0.73	-2.06	3.6	4.1	0	2.8	0
E8	E8_Caudal_neurectoderm	Caudal_neurectoderm	0.24	-1.64	3.8	4	2.1	4.3	0
E8	E8_Caudal_neurectoderm	Caudal_neurectoderm	0.08	0.97	3.7	3	0	3.7	0
E8	E8_Spinal_cord	Spinal_cord	-3.18	2.16	2.8	4.6	0	4.1	0
E8	E8_Spinal_cord	Spinal_cord	-2.57	-1.6	3.7	3.1	0	4.8	0
E8	E8_Spinal_cord	Spinal_cord	-3.58	2.04	3.5	3.9	0	4.2	0
E8	E8_Caudal_neurectoderm	Caudal_neurectoderm	4.39	-0.16	3.5	3.2	0	4.1	0
E8	E8_Spinal_cord	Spinal_cord	-2.77	2.6	4	4.5	0	4.9	2.3
E8	E8_Spinal_cord	Spinal_cord	-3.97	1.54	3.8	3.6	2.1	3.4	0
E8	E8_Caudal_neurectoderm	Caudal_neurectoderm	0.4	0.23	3.9	3.6	0	3.4	0
E8	E8_Spinal_cord	Spinal_cord	-3.2	3.2	2.3	5	0	4.4	2.3
E8	E8_Caudal_neurectoderm	Caudal_neurectoderm	2.11	-0.28	3.7	4.2	2.1	3.4	0
E8	E8_Caudal_neurectoderm	Caudal_neurectoderm	2.16	-1.16	4.1	2.9	0	4.2	0
E8	E8_Caudal_neurectoderm	Caudal_neurectoderm	-1.83	-1.16	3.7	3.7	0	3.2	0
E8	E8_Spinal_cord	Spinal_cord	-4.09	1.67	3.7	4.3	0	4.4	0
E8	E8_Caudal_neurectoderm	Caudal_neurectoderm	-0.71	0.3	3.9	3	0	0	0
E8	E8_Caudal_neurectoderm	Caudal_neurectoderm	4.48	0.98	2.5	4.8	0	4.4	0
E8	E8_Caudal_neurectoderm	Caudal_neurectoderm	3.6	1.18	2.9	4	0	4.2	0
E8	E8_Caudal_neurectoderm	Caudal_neurectoderm	1.58	2.21	3.7	4.9	0	4.4	0
E8	E8_Caudal_neurectoderm	Caudal_neurectoderm	1.41	0.94	3.3	4.8	2.3	4.3	0
E8	E8_Caudal_neurectoderm	Caudal_neurectoderm	4.07	-0.55	4.1	4.1	0	4.1	0
E8	E8_Caudal_neurectoderm	Caudal_neurectoderm	2.17	-1.54	2.9	2.9	0	3.8	0
E8	E8_Spinal_cord	Spinal_cord	-4.08	1.08	3.4	3.7	0	2.4	0
E8	E8_Spinal_cord	Spinal_cord	-1.96	-2.34	3.2	3.9	0	1.9	0
E8	E8_Caudal_neurectoderm	Caudal_neurectoderm	4.42	-1.13	3.9	4	0	3.7	0
E8	E8_Caudal_neurectoderm	Caudal_neurectoderm	-0.33	5.26	3.9	4	0	4	0
E8	E8_Caudal_neurectoderm	Caudal_neurectoderm	0	-1.92	4	4.7	0	3.5	0
E8	E8_Caudal_neurectoderm	Caudal_neurectoderm	-0.68	5.28	4	2.8	4	4	0
E8	E8_Spinal_cord	Spinal_cord	-4.9	2.49	3.8	3.8	0	3.9	0
E8	E8_Caudal_neurectoderm	Caudal_neurectoderm	-0.11	-2.81	3.2	4.3	2.5	1.9	0
E8	E8_Caudal_neurectoderm	Caudal_neurectoderm	3.73	-2.98	3.2	3.2	0	3.6	0
E8	E8_Caudal_neurectoderm	Caudal_neurectoderm	1.24	-1.96	2.9	3.6	0	3.2	0
E8	E8_Caudal_neurectoderm	Caudal_neurectoderm	1.2	-1.35	3	3.8	0	2.6	0
E8	E8_Caudal_neurectoderm	Caudal_neurectoderm	3.78	-1.27	3.4	3	0	0	0
E8	E8_Caudal_neurectoderm	Caudal_neurectoderm	-0.24	-2.73	3.4	4.1	0	3.6	0
E8	E8_Caudal_neurectoderm	Caudal_neurectoderm	-0.24	5.49	3.2	3.2	0	3.5	0
E8	E8_Spinal_cord	Spinal_cord	-2.95	2.47	3.8	4.2	1.9	3.9	0
E8	E8_Caudal_neurectoderm	Caudal_neurectoderm	-1.09	4.46	3.2	0	2.8	3.2	0
E8	E8_Caudal_neurectoderm	Caudal_neurectoderm	0.35	-1.1	3.6	2.2	0	2.2	0
E8	E8_Caudal_neurectoderm	Caudal_neurectoderm	2.71	-0.29	4	0	0	3.5	0
E8	E8_Caudal_neurectoderm	Caudal_neurectoderm	2.19	-2.17	3.9	3	2.6	3	0
E8	E8_Caudal_neurectoderm	Caudal_neurectoderm	-1.04	0.1	4	2.3	0	2.3	0
E8	E8_Caudal_neurectoderm	Caudal_neurectoderm	2.87	-0.55	3.2	3.7	0	4.5	2.8
E8	E8_Caudal_neurectoderm	Caudal_neurectoderm	-1.22	1.08	2.9	3.4	0	4.5	0
E8	E8_Caudal_neurectoderm	Caudal_neurectoderm	-0.37	2.7	2.5	4.4	2.5	2.8	0
E8	E8_Caudal_neurectoderm	Caudal_neurectoderm	2.55	-3.65	2	3.9	0	3.3	0
E8	E8_Spinal_cord	Spinal_cord	-4.2	3.53	3.7	3.5	0	4.4	0
E8	E8_Caudal_neurectoderm	Caudal_neurectoderm	-2.6	4.13	3.2	2.9	2.9	3.2	0
E8	E8_Caudal_neurectoderm	Caudal_neurectoderm	-0.44	-3.3	2.1	3.6	0	0	0
E8	E8_Caudal_neurectoderm	Caudal_neurectoderm	-0.96	-3.51	3.6	3.9	0	3.6	0
E8	E8_Spinal_cord	Spinal_cord	-3.14	-0.46	3.8	3.5	1.9	4.1	0
E8	E8_Caudal_neurectoderm	Caudal_neurectoderm	4.74	-1.78	3.4	3.7	0	3.4	0
E8	E8_Caudal_neurectoderm	Caudal_neurectoderm	1.87	-0.38	4.1	3.8	0	2.3	0
E8	E8_Caudal_neurectoderm	Caudal_neurectoderm	-0.35	0.89	3.9	2.4	0	4.9	0
E8	E8_Caudal_neurectoderm	Caudal_neurectoderm	-0.53	-2.57	2.9	2.9	0	4.3	0
E8	E8_Caudal_neurectoderm	Caudal_neurectoderm	3.22	-3.48	3.1	3.4	0	3.8	0
E8	E8_Caudal_neurectoderm	Caudal_neurectoderm	1.49	-1.74	0	2.7	0	3.6	0
E8	E8_Caudal_neurectoderm	Caudal_neurectoderm	2.71	-2.6	3.5	3.7	0	2.6	0
E8	E8_Caudal_neurectoderm	Caudal_neurectoderm	-2.12	0.46	3.6	4.3	0	3.6	0
E8	E8_Caudal_neurectoderm	Caudal_neurectoderm	1.37	2.27	3.4	4	0	3.3	0
E8	E8_Caudal_neurectoderm	Caudal_neurectoderm	2.6	0.58	2.3	3.3	2.3	4.4	0
E8	E8_Caudal_neurectoderm	Caudal_neurectoderm	1.35	-0.15	2.7	3.6	0	3.3	0
E8	E8_Spinal_cord	Spinal_cord	-1.43	1.3	3.2	3.4	0	3.8	0
E8	E8_Spinal_cord	Spinal_cord	-3.64	1.8	4	4.2	0	4.2	0
E8	E8_Caudal_neurectoderm	Caudal_neurectoderm	0.57	0.65	3.4	3.6	0	3.9	0
E8	E8_Caudal_neurectoderm	Caudal_neurectoderm	2.73	0.3	3.4	4.6	0	3.9	0
E8	E8_Caudal_neurectoderm	Caudal_neurectoderm	3.95	0.98	4.1	3.4	0	3.9	0
E8	E8_Caudal_neurectoderm	Caudal_neurectoderm	4.64	0.14	3.9	5	0	4.6	0
E8	E8_Caudal_neurectoderm	Caudal_neurectoderm	0.86	-3.72	3	2.6	2	3	0
E8	E8_Caudal_neurectoderm	Caudal_neurectoderm	-1.06	0.03	3.5	3.7	2	3.5	0
E8	E8_Caudal_neurectoderm	Caudal_neurectoderm	-2.87	0	3.7	3.2	0	4.2	0
E8	E8_Caudal_neurectoderm	Caudal_neurectoderm	-0.74	-1.53	3	3.8	0	3.7	0
E8	E8_Caudal_neurectoderm	Caudal_neurectoderm	5.26	-1.24	3.2	2.8	2.8	3.8	0
E8	E8_Caudal_neurectoderm	Caudal_neurectoderm	0.31	1.84	4.3	4	0	4.4	2.2
E8	E8_Spinal_cord	Spinal_cord	-1.74	0.35	4.2	4.5	0	3.7	0
E8	E8_Caudal_neurectoderm	Caudal_neurectoderm	0.96	2.88	3.5	4.2	1.8	4.4	0
E8	E8_Caudal_neurectoderm	Caudal_neurectoderm	4.67	-0.96	0	2.6	0	3.7	0
E8	E8_Caudal_neurectoderm	Caudal_neurectoderm	-4.54	0.17	3.9	3.7	0	4.9	0
E8	E8_Spinal_cord	Spinal_cord	-4.02	-0.47	2.8	3.9	1.8	3.5	0
E8	E8_Caudal_neurectoderm	Caudal_neurectoderm	4.13	-0.53	3	3.4	2.4	3.4	0
E8	E8_Caudal_neurectoderm	Caudal_neurectoderm	5.13	-1.09	3.5	0	2.2	4.1	0
E8	E8_Caudal_neurectoderm	Caudal_neurectoderm	2.87	-0.23	3.3	3.6	0	4.4	0
E8	E8_Caudal_neurectoderm	Caudal_neurectoderm	0.61	-0.04	3.1	4.3	0	3.8	0
E8	E8_Caudal_neurectoderm	Caudal_neurectoderm	4.55	0.2	2.8	3.2	2.2	4.5	0
E8	E8_Caudal_neurectoderm	Caudal_neurectoderm	-2.31	0.64	3.6	4.2	0	4.1	0
E8	E8_Caudal_neurectoderm	Caudal_neurectoderm	-2.35	0.75	2.8	4.3	0	4.3	0
E8	E8_Caudal_neurectoderm	Caudal_neurectoderm	-4.41	0.06	4.2	2.6	1.6	1.6	0
E8	E8_Spinal_cord	Spinal_cord	-1.66	1.79	3.5	4.1	0	4	0
E8	E8_Caudal_neurectoderm	Caudal_neurectoderm	-3.66	0.8	3.5	3.4	1.7	4.4	0
E8	E8_Spinal_cord	Spinal_cord	-3.83	0.63	3.2	3.2	0	4.1	0
E8	E8_Spinal_cord	Spinal_cord	-2.74	3.7	3.2	3.8	0	4.4	0
E8	E8_Caudal_neurectoderm	Caudal_neurectoderm	2.47	-3.1	4.2	2.7	2.1	3.4	0
E8	E8_Caudal_neurectoderm	Caudal_neurectoderm	2.39	1.37	3.6	4.2	1.8	3.6	0
E8	E8_Caudal_neurectoderm	Caudal_neurectoderm	2.28	-1.31	3.1	4.5	3.1	4.2	0
E8	E8_Caudal_neurectoderm	Caudal_neurectoderm	-2.67	-3.33	3.7	4.3	0	4.5	0
E8	E8_Caudal_neurectoderm	Caudal_neurectoderm	4.84	-0.39	4	4.2	0	3.2	0
E8	E8_Spinal_cord	Spinal_cord	-4.69	1.84	3.6	2.7	3	4.4	0
E8	E8_Caudal_neurectoderm	Caudal_neurectoderm	0.42	-2.15	2.5	3.2	1.9	3.2	0
E8	E8_Caudal_neurectoderm	Caudal_neurectoderm	0.39	-1.47	3.1	3.1	2.1	3.9	0
E8	E8_Caudal_neurectoderm	Caudal_neurectoderm	0.09	-1.71	4	3.2	0	0	2.2
E8	E8_Spinal_cord	Spinal_cord	-3.2	3.64	4.2	4.5	2.4	4.6	0
E8	E8_Caudal_neurectoderm	Caudal_neurectoderm	0.5	-0.13	4.4	4.4	2.2	3.5	0
E8	E8_Caudal_neurectoderm	Caudal_neurectoderm	2.09	0.99	4	4.9	0	4.2	0
E8	E8_Caudal_neurectoderm	Caudal_neurectoderm	-0.03	-1.16	3.8	4.2	0	3.1	0
E8	E8_Caudal_neurectoderm	Caudal_neurectoderm	1.66	-1.86	3.1	3.8	0	2.5	0
E8	E8_Caudal_neurectoderm	Caudal_neurectoderm	4.3	-0.74	3.2	2.9	0	3.6	0
E8	E8_Caudal_neurectoderm	Caudal_neurectoderm	4.72	-0.82	3.1	3.5	0	2.5	0
E8	E8_Spinal_cord	Spinal_cord	-1.67	0.68	2.5	4.1	0	3.9	0
E8	E8_Caudal_neurectoderm	Caudal_neurectoderm	-1.65	-0.1	4.4	3.6	0	0	0
E8	E8_Caudal_neurectoderm	Caudal_neurectoderm	0.72	-0.1	3.4	3.1	0	3.1	0
E8	E8_Caudal_neurectoderm	Caudal_neurectoderm	1.24	0.52	4.4	3.9	0	3.9	0
E8	E8_Caudal_neurectoderm	Caudal_neurectoderm	0.82	-0.86	2.7	3.1	0	3.6	0
E8	E8_Caudal_neurectoderm	Caudal_neurectoderm	1.1	-2.53	3.9	2.9	1.9	3.2	0
E8	E8_Spinal_cord	Spinal_cord	-3.53	3	3.3	3.9	0	3.1	0
E8	E8_Spinal_cord	Spinal_cord	-3.55	3.4	3.7	4.7	1.9	4.5	0
E8	E8_Caudal_neurectoderm	Caudal_neurectoderm	1.49	-2.32	3.2	1.6	2.2	2.8	0
E8	E8_Caudal_neurectoderm	Caudal_neurectoderm	3.15	1.9	4.1	4.9	0	4.3	0
E8	E8_Caudal_neurectoderm	Caudal_neurectoderm	3.01	0	2.8	4.3	0	3.4	0
E8	E8_Caudal_neurectoderm	Caudal_neurectoderm	-4.37	2.63	3.2	4.1	0	4.2	0
E8	E8_Spinal_cord	Spinal_cord	-2.2	4.01	4.2	3.6	1.7	4.1	0
E8	E8_Caudal_neurectoderm	Caudal_neurectoderm	4.05	0.11	4	4	0	4.4	0
E8	E8_Caudal_neurectoderm	Caudal_neurectoderm	-1.07	-3.62	2.8	3.5	1.8	3.3	0
E8	E8_Caudal_neurectoderm	Caudal_neurectoderm	3.6	-1.32	2.9	3.2	1.9	4.1	0
E8	E8_Caudal_neurectoderm	Caudal_neurectoderm	-0.07	0.69	2.1	3.6	0	3.6	0
E8	E8_Caudal_neurectoderm	Caudal_neurectoderm	3.79	-0.3	3.8	4.2	0	4.4	0
E8	E8_Spinal_cord	Spinal_cord	-3.07	3.5	4.5	3.9	0	3.3	0
E8	E8_Caudal_neurectoderm	Caudal_neurectoderm	-0.57	4.8	3.5	2.6	0	3.5	0
E8	E8_Caudal_neurectoderm	Caudal_neurectoderm	1.32	1.66	4.1	4.6	0	4.7	0
E8	E8_Caudal_neurectoderm	Caudal_neurectoderm	1.99	0.8	0	2.6	0	2.6	0
E8	E8_Spinal_cord	Spinal_cord	-4.2	3.21	3	4	0	4.5	0
E8	E8_Caudal_neurectoderm	Caudal_neurectoderm	-0.71	0.71	3.5	3.5	0	2.2	0
E8	E8_Caudal_neurectoderm	Caudal_neurectoderm	3.14	1.21	4.1	3.3	0	3.5	2
E8	E8_Spinal_cord	Spinal_cord	-2.8	-1.97	4	3.4	0	3.1	0
E8	E8_Caudal_neurectoderm	Caudal_neurectoderm	4.03	-0.13	3.7	2.2	2.2	4.1	0
E8	E8_Caudal_neurectoderm	Caudal_neurectoderm	-1.22	-2.77	3.5	4.4	0	3	0
E8	E8_Caudal_neurectoderm	Caudal_neurectoderm	-1.35	4.72	3.6	0	0	4	0
E8	E8_Spinal_cord	Spinal_cord	-4.64	0.73	3.6	3.6	2.1	3.8	0
E8	E8_Spinal_cord	Spinal_cord	-4	1.59	3.8	4.1	0	4.3	0
E8	E8_Spinal_cord	Spinal_cord	-3.8	-0.52	3.6	3.6	0	3.6	0
E8	E8_Caudal_neurectoderm	Caudal_neurectoderm	1.6	-2.92	3.8	2.9	0	3.2	0
E8	E8_Caudal_neurectoderm	Caudal_neurectoderm	3.36	-1.44	2.8	3.7	2.8	3.2	0
E8	E8_Caudal_neurectoderm	Caudal_neurectoderm	-1.86	1.7	2.2	4.3	0	4.4	0
E8	E8_Caudal_neurectoderm	Caudal_neurectoderm	0.9	-2.01	4.2	3.6	2.7	2.7	0
E8	E8_Spinal_cord	Spinal_cord	-3.41	0.27	4.2	2.9	1.9	3.7	0
E8	E8_Caudal_neurectoderm	Caudal_neurectoderm	-3.24	-2.39	3.9	3.7	3	3.5	0
E8	E8_Caudal_neurectoderm	Caudal_neurectoderm	4.01	-0.67	4	4.3	2.2	4.1	0
E8	E8_Caudal_neurectoderm	Caudal_neurectoderm	-0.37	-0.02	4.4	4.1	0	0	0
E8	E8_Spinal_cord	Spinal_cord	-4.02	2.27	3.8	3.8	3.2	4	1.8
E8	E8_Caudal_neurectoderm	Caudal_neurectoderm	-1.57	-0.97	3.5	4	1.7	3.9	0
E8	E8_Caudal_neurectoderm	Caudal_neurectoderm	-0.78	2.79	3	4.1	0	4.1	0
E8	E8_Caudal_neurectoderm	Caudal_neurectoderm	-1.04	2.86	3.2	4.6	0	4.5	0
E8	E8_Caudal_neurectoderm	Caudal_neurectoderm	1.3	2.27	3	4.5	0	3.7	2.7
E8	E8_Caudal_neurectoderm	Caudal_neurectoderm	3.05	-0.5	2.9	3.5	0	4.1	0
E8	E8_Caudal_neurectoderm	Caudal_neurectoderm	3.47	-3.32	2	2.6	0	4	0
E8	E8_Caudal_neurectoderm	Caudal_neurectoderm	-4.36	3.17	2.9	4	1.9	3.7	1.9
E8	E8_Caudal_neurectoderm	Caudal_neurectoderm	-2.25	0.53	3.3	3.7	0	3.9	0
E8	E8_Caudal_neurectoderm	Caudal_neurectoderm	3.6	-1.94	3.4	3.8	0	4.3	0
E8	E8_Spinal_cord	Spinal_cord	-1.48	0.98	3.8	4.3	2.8	4.7	0
E8	E8_Spinal_cord	Spinal_cord	-3.91	3.14	3.7	4.3	0	4.3	1.8
E8	E8_Caudal_neurectoderm	Caudal_neurectoderm	0.49	0.68	3.2	3.4	0	3.8	0
E8	E8_Caudal_neurectoderm	Caudal_neurectoderm	0.28	-0.27	2.4	4.3	0	3.7	0
E8	E8_Caudal_neurectoderm	Caudal_neurectoderm	0.53	-2.57	3.3	2.6	0	3.9	0
E8	E8_Caudal_neurectoderm	Caudal_neurectoderm	5.18	-1.57	3.4	3.7	2.1	3.2	0
E8	E8_Caudal_neurectoderm	Caudal_neurectoderm	-0.44	0.12	3.2	4.6	0	4.8	0
E8	E8_Spinal_cord	Spinal_cord	-4.28	2.96	4.6	3.2	2.1	2.8	0
E8	E8_Spinal_cord	Spinal_cord	-1.28	5.3	3.8	3.6	0	3.3	0
E8	E8_Caudal_neurectoderm	Caudal_neurectoderm	4.64	0.38	4.3	2.2	0	4.2	0
E8	E8_Caudal_neurectoderm	Caudal_neurectoderm	1.81	1.25	3.4	3.4	2.1	3.8	2.1
E8	E8_Caudal_neurectoderm	Caudal_neurectoderm	-0.51	4.51	3.5	2.4	3.1	3.1	0
E8	E8_Caudal_neurectoderm	Caudal_neurectoderm	2.23	-0.42	4.3	3.9	0	4.3	0
E8	E8_Spinal_cord	Spinal_cord	-4.07	0.75	4.3	3.5	0	3.6	0
E8	E8_Caudal_neurectoderm	Caudal_neurectoderm	2.92	-1.56	2.9	3.8	0	4.1	0
E8	E8_Caudal_neurectoderm	Caudal_neurectoderm	-2.23	-0.87	4.3	4	0	4.5	0
E8	E8_Caudal_neurectoderm	Caudal_neurectoderm	-0.53	3.66	3.8	3.3	0	3.9	0
E8	E8_Caudal_neurectoderm	Caudal_neurectoderm	1.37	0.7	3.4	3.7	0	3.7	0
E8	E8_Caudal_neurectoderm	Caudal_neurectoderm	0.11	-3.47	3.2	4.3	0	3.9	0
E8	E8_Caudal_neurectoderm	Caudal_neurectoderm	1.85	-2.93	3.5	3.5	0	3.1	0
E8	E8_Spinal_cord	Spinal_cord	-3.81	0.6	3.4	3.2	0	4.3	0
E8	E8_Caudal_neurectoderm	Caudal_neurectoderm	3.96	-0.88	2.1	3.9	0	4.5	0
E8	E8_Caudal_neurectoderm	Caudal_neurectoderm	3.3	-1.2	4.1	3.9	0	4.1	0
E8	E8_Spinal_cord	Spinal_cord	-3.67	1.31	4	4.3	3	4.2	0
E8	E8_Spinal_cord	Spinal_cord	-4.03	2.22	4.4	3.9	0	4.7	0
E8	E8_Caudal_neurectoderm	Caudal_neurectoderm	1.34	0.09	2.9	3.8	0	4.3	0
E8	E8_Caudal_neurectoderm	Caudal_neurectoderm	-0.96	-0.4	4.6	3.4	0	3.4	0
E8	E8_Caudal_neurectoderm	Caudal_neurectoderm	3.19	-0.26	4	3.6	2.3	4.2	0
E8	E8_Caudal_neurectoderm	Caudal_neurectoderm	-1.55	-0.06	2.9	4	1.9	4.2	1.9
E8	E8_Caudal_neurectoderm	Caudal_neurectoderm	0.88	0.32	4.1	3.6	0	3.4	0
E8	E8_Spinal_cord	Spinal_cord	-1.33	5.27	3.5	3.7	0	3.7	0
E8	E8_Caudal_neurectoderm	Caudal_neurectoderm	3.42	-0.86	2.6	3.4	0	4.1	0
E8	E8_Caudal_neurectoderm	Caudal_neurectoderm	3.92	-2.17	4.3	3.6	0	4.2	0
E8	E8_Caudal_neurectoderm	Caudal_neurectoderm	-2.67	2.89	3.3	4.8	1.8	4.7	0
E8	E8_Caudal_neurectoderm	Caudal_neurectoderm	0.17	-2.35	3.9	3.5	0	0	0
E8	E8_Spinal_cord	Spinal_cord	-4.35	2.16	3.3	4.5	0	4.9	1.8
E8	E8_Caudal_neurectoderm	Caudal_neurectoderm	-3.2	0.22	3.5	3	2.6	3.2	0
E8	E8_Caudal_neurectoderm	Caudal_neurectoderm	1.25	2.23	3.7	4.6	0	4.7	0
E8	E8_Caudal_neurectoderm	Caudal_neurectoderm	3.06	0.14	3.3	3.9	2.1	3.9	0
E8	E8_Caudal_neurectoderm	Caudal_neurectoderm	-1.59	1.55	4	4.3	0	3.9	0
E8	E8_Caudal_neurectoderm	Caudal_neurectoderm	3.12	-1.6	3.4	3.6	0	3.4	0
E8	E8_Spinal_cord	Spinal_cord	-3.81	3.68	3.9	4.1	0	5	0
E8	E8_Caudal_neurectoderm	Caudal_neurectoderm	3.46	-1.12	3.5	3.1	0	4.4	0
E8	E8_Caudal_neurectoderm	Caudal_neurectoderm	3.88	-2.3	3.1	3.7	0	4.3	0
E8	E8_Caudal_neurectoderm	Caudal_neurectoderm	1.78	-0.02	2.6	4.1	0	3.8	0
E8	E8_Caudal_neurectoderm	Caudal_neurectoderm	3.62	0.75	3	4.6	0	3.3	0
E8	E8_Caudal_neurectoderm	Caudal_neurectoderm	-2.26	2.37	4	4	2.9	3.6	0
E8	E8_Caudal_neurectoderm	Caudal_neurectoderm	-0.39	-1	3.6	3.4	0	2.1	0
E8	E8_Caudal_neurectoderm	Caudal_neurectoderm	0.81	1.51	3.9	4.2	0	4.3	0
E8	E8_Caudal_neurectoderm	Caudal_neurectoderm	3.21	0.32	3	4	0	4.6	0
E8	E8_Caudal_neurectoderm	Caudal_neurectoderm	0.67	0.91	3.6	3.9	0	3.6	0
E8	E8_Spinal_cord	Spinal_cord	-3.33	3.69	3.9	4.8	0	4.3	0
E8	E8_Spinal_cord	Spinal_cord	-3.31	3.82	3.8	4.7	1.6	4.5	0
E8	E8_Caudal_neurectoderm	Caudal_neurectoderm	3.34	-2.22	4.1	3.9	2.4	4.9	0
E8	E8_Caudal_neurectoderm	Caudal_neurectoderm	4.83	-1.02	3.9	3.7	0	3.5	0
E8	E8_Caudal_neurectoderm	Caudal_neurectoderm	0.01	4.77	3.1	3.1	0	3.1	0
E8	E8_Caudal_neurectoderm	Caudal_neurectoderm	2.24	-2.8	3	2	0	4.1	0
E8	E8_Caudal_neurectoderm	Caudal_neurectoderm	4.51	-0.84	2.7	3.1	0	4.3	0
E8	E8_Caudal_neurectoderm	Caudal_neurectoderm	2.99	-2.02	3.1	0	2.7	4	0
E8	E8_Caudal_neurectoderm	Caudal_neurectoderm	3.58	-0.69	4.1	4.3	0	3.1	0
E8	E8_Caudal_neurectoderm	Caudal_neurectoderm	2.36	0.8	3	4.7	0	3.7	0
E8	E8_Caudal_neurectoderm	Caudal_neurectoderm	0.61	1.27	2.2	3.7	2.2	4.3	0
E8	E8_Caudal_neurectoderm	Caudal_neurectoderm	1.63	-2.95	2.5	4	2.5	4	0
E8	E8_Caudal_neurectoderm	Caudal_neurectoderm	0.16	0.05	3.3	3.3	0	4	0
E8	E8_Caudal_neurectoderm	Caudal_neurectoderm	3.94	-1.66	3.8	3.6	0	4.1	0
E8	E8_Spinal_cord	Spinal_cord	-4.52	1.97	3.8	2.7	2.1	4.5	0
E8	E8_Caudal_neurectoderm	Caudal_neurectoderm	-0.13	-2.31	3.9	4.2	2.2	0	0
E8	E8_Spinal_cord	Spinal_cord	-4.19	2.48	3.6	4.2	0	4.4	2
E8	E8_Caudal_neurectoderm	Caudal_neurectoderm	2.68	0.13	3.2	4.4	0	4.6	0
E8	E8_Caudal_neurectoderm	Caudal_neurectoderm	4.47	-1.04	3.6	3.2	1.9	4.3	0
E8	E8_Spinal_cord	Spinal_cord	-2.38	2.89	4.4	4.3	0	4	0
E8	E8_Caudal_neurectoderm	Caudal_neurectoderm	1.3	-0.69	3.8	3.8	0	3.8	0
E8	E8_Caudal_neurectoderm	Caudal_neurectoderm	-3.23	2.44	3.4	4.4	0	4.7	0
E8	E8_Spinal_cord	Spinal_cord	-1.91	3.25	4	4.4	1.7	4.7	0
E8	E8_Caudal_neurectoderm	Caudal_neurectoderm	4.39	-0.7	2.6	3.7	0	4.2	0
E8	E8_Caudal_neurectoderm	Caudal_neurectoderm	1.23	-2.02	2.6	3.8	0	3	0
E8	E8_Spinal_cord	Spinal_cord	-2.88	-1.08	2.5	3.2	0	4	0
E8	E8_Spinal_cord	Spinal_cord	-3.29	1.63	3.8	4	0	3.1	0
E8	E8_Caudal_neurectoderm	Caudal_neurectoderm	1.36	0.62	3.7	3.9	0	4.4	0
E8	E8_Spinal_cord	Spinal_cord	-3.26	0.23	3.5	3.9	0	3.9	0
E8	E8_Caudal_neurectoderm	Caudal_neurectoderm	4.08	-1.16	3.8	4	0	4	0
E8	E8_Caudal_neurectoderm	Caudal_neurectoderm	0.24	1.48	3.4	4	0	3.4	0
E8	E8_Caudal_neurectoderm	Caudal_neurectoderm	3.16	0.74	3.3	4.4	0	3.7	0
E8	E8_Spinal_cord	Spinal_cord	-3.88	2.03	3.8	4.1	2	4.4	0
E8	E8_Caudal_neurectoderm	Caudal_neurectoderm	4.32	-0.56	4.2	4	2.7	4.9	0
E8	E8_Caudal_neurectoderm	Caudal_neurectoderm	3.26	-0.59	3.8	2.5	0	3.2	0
E8	E8_Caudal_neurectoderm	Caudal_neurectoderm	-0.99	3.27	3.2	4.9	2.1	4.4	0
E8	E8_Spinal_cord	Spinal_cord	-2.45	-1.18	3.5	4.3	0	3.9	0
E8	E8_Caudal_neurectoderm	Caudal_neurectoderm	1.31	-1.16	3.6	4	0	2.9	0
E8	E8_Spinal_cord	Spinal_cord	-2.98	2.72	3.6	3.8	0	4.8	0
E8	E8_Caudal_neurectoderm	Caudal_neurectoderm	-0.22	5.46	2	3	2	4.4	0
E8	E8_Caudal_neurectoderm	Caudal_neurectoderm	2.02	0.46	3.3	4.3	0	3.5	0
E8	E8_Caudal_neurectoderm	Caudal_neurectoderm	3.43	-0.24	3.4	3.8	0	3.8	0
E8	E8_Caudal_neurectoderm	Caudal_neurectoderm	4.52	-2.46	3.2	3.4	0	3.6	0
